,Stock,Year,Month,StdDev
0,10 HK,2001,2,0.01649685762475109
1,10 HK,2001,3,0.025346313542407687
2,10 HK,2001,4,0.05711122894953214
3,10 HK,2001,5,0.02666100442050871
4,10 HK,2001,6,0.0252606861227046
5,10 HK,2001,7,0.03560619641760379
6,10 HK,2001,8,0.012317412299705502
7,10 HK,2001,9,0.03156156824809328
8,10 HK,2001,10,0.03729754106749538
9,10 HK,2001,11,0.019833125344730498
10,10 HK,2001,12,0.016924474973215725
11,10 HK,2002,1,0.014013181873928174
12,10 HK,2002,2,0.007525883368787312
13,10 HK,2002,3,0.018022733347477712
14,10 HK,2002,4,0.024140249324734193
15,10 HK,2002,5,0.03174170742011632
16,10 HK,2002,6,0.01492087464372164
17,10 HK,2002,7,0.018845380853379008
18,10 HK,2002,8,0.012152078010912894
19,10 HK,2002,9,0.017572753333658587
20,10 HK,2002,10,0.036906468290951996
21,10 HK,2002,11,0.02021235074385464
22,10 HK,2002,12,0.016792574847094788
23,10 HK,2003,1,0.017108683257694282
24,10 HK,2003,2,0.013182970912668403
25,10 HK,2003,3,0.01454357363453862
26,10 HK,2003,4,0.02749704906335739
27,10 HK,2003,5,0.019574235829178662
28,10 HK,2003,6,0.009601156437709412
29,10 HK,2003,7,0.021998961676154866
30,10 HK,2003,8,0.022562718693588994
31,10 HK,2003,9,0.021748096842552283
32,10 HK,2003,10,0.028495284003132147
33,10 HK,2003,11,0.019681932548834432
34,10 HK,2003,12,0.022604995363228558
35,10 HK,2004,1,0.05409321777655412
36,10 HK,2004,2,0.013390270051464141
37,10 HK,2004,3,0.014884681727638844
38,10 HK,2004,4,0.033722036285606764
39,10 HK,2004,5,0.03752643793289176
40,10 HK,2004,6,0.01749479300344503
41,10 HK,2004,7,0.014778166416868821
42,10 HK,2004,8,0.014319905929551381
43,10 HK,2004,9,0.022953659193431352
44,10 HK,2004,10,0.021038223255665536
45,10 HK,2004,11,0.014041152040892577
46,10 HK,2004,12,0.026032151539090744
47,10 HK,2005,1,0.018638083386511628
48,10 HK,2005,2,0.017483742639354923
49,10 HK,2005,3,0.013120431242766474
50,10 HK,2005,4,0.013880630794866037
51,10 HK,2005,5,0.011073214332262942
52,10 HK,2005,6,0.015542511432719928
53,10 HK,2005,7,0.013398285220749774
54,10 HK,2005,8,0.013115683103228921
55,10 HK,2005,9,0.019417799248942793
56,10 HK,2005,10,0.016979753115420087
57,10 HK,2005,11,0.018189567981389664
58,10 HK,2005,12,0.01833334053752437
59,10 HK,2006,1,0.02348361958752643
60,10 HK,2006,2,0.024930864391470794
61,10 HK,2006,3,0.015989736503697293
62,10 HK,2006,4,0.03496151640856717
63,10 HK,2006,5,0.04129962741526621
64,10 HK,2006,6,0.0231938549254376
65,10 HK,2006,7,0.01669930185245392
66,10 HK,2006,8,0.024703455655813188
67,10 HK,2006,9,0.009726627815061796
68,10 HK,2006,10,0.020029159272135978
69,10 HK,2006,11,0.014143770109171849
70,10 HK,2006,12,0.015320737006927954
71,10 HK,2007,1,0.022733015469110173
72,10 HK,2007,2,0.025826411806063723
73,10 HK,2007,3,0.019823250348952492
74,10 HK,2007,4,0.022997242434330097
75,10 HK,2007,5,0.020741795278286883
76,10 HK,2007,6,0.02405368339150674
77,10 HK,2007,7,0.0234341132444681
78,10 HK,2007,8,0.02837182977531206
79,10 HK,2007,9,0.033140149509076684
80,10 HK,2007,10,0.03643566219349288
81,10 HK,2007,11,0.03806245558493897
82,10 HK,2007,12,0.026034729823665587
83,10 HK,2008,1,0.03856289366839818
84,10 HK,2008,2,0.03139960139694936
85,10 HK,2008,3,0.041709638772123706
86,10 HK,2008,4,0.02674248241783521
87,10 HK,2008,5,0.02654181458052488
88,10 HK,2008,6,0.025601243274420003
89,10 HK,2008,7,0.033161239888986005
90,10 HK,2008,8,0.036070180176552495
91,10 HK,2008,9,0.037625828860753434
92,10 HK,2008,10,0.06136956966993213
93,10 HK,2008,11,0.05528652918241225
94,10 HK,2008,12,0.04479532168215178
95,10 HK,2009,1,0.04179489993959024
96,10 HK,2009,2,0.03979043781078889
97,10 HK,2009,3,0.046479391432161565
98,10 HK,2009,4,0.04283219689891746
99,10 HK,2009,5,0.027978489294743072
100,10 HK,2009,6,0.029822054287896388
101,10 HK,2009,7,0.02624978596519649
102,10 HK,2009,8,0.019728681138700743
103,10 HK,2009,9,0.021788355191524864
104,10 HK,2009,10,0.024554126088048765
105,10 HK,2009,11,0.01806550332924728
106,10 HK,2009,12,0.017821481366146395
107,10 HK,2010,1,0.022232311607311577
108,10 HK,2010,2,0.018484397220700322
109,10 HK,2010,3,0.019827795300638003
110,10 HK,2010,4,0.018152873858735333
111,10 HK,2010,5,0.0213227924479562
112,10 HK,2010,6,0.015315593343891716
113,10 HK,2010,7,0.012132980225900205
114,10 HK,2010,8,0.014644744230656277
115,10 HK,2010,9,0.012129107288402904
116,10 HK,2010,10,0.013686102635101598
117,10 HK,2010,11,0.017573608422865553
118,10 HK,2010,12,0.01540372118940356
119,10 HK,2011,1,0.011545232950306003
120,10 HK,2011,2,0.01418656742584237
121,10 HK,2011,3,0.019273773560612606
122,10 HK,2011,4,0.01688492584981084
123,10 HK,2011,5,0.018485880554215475
124,10 HK,2011,6,0.017030949943373196
125,10 HK,2011,7,0.016094582132228023
126,10 HK,2011,8,0.021777860131726383
127,10 HK,2011,9,0.02749741521658437
128,10 HK,2011,10,0.047330487543260163
129,10 HK,2011,11,0.02500249588778354
130,10 HK,2011,12,0.026057107458604453
131,10 HK,2012,1,0.02195150458410971
132,10 HK,2012,2,0.019340407210343295
133,10 HK,2012,3,0.009560673620055193
134,10 HK,2012,4,0.013084933567061871
135,10 HK,2012,5,0.01662883065448267
136,10 HK,2012,6,0.01591917728688161
137,10 HK,2012,7,0.022586779921897737
138,10 HK,2012,8,0.012799692438368827
139,10 HK,2012,9,0.013106738099745156
140,10 HK,2012,10,0.017288827183641057
141,10 HK,2012,11,0.016248648045453205
142,10 HK,2012,12,0.011782369378129938
143,10 HK,2013,1,0.010409487825289242
144,10 HK,2013,2,0.009152759303403908
145,10 HK,2013,3,0.018343321372322308
146,10 HK,2013,4,0.017124727259583444
147,10 HK,2013,5,0.011881288591804451
148,10 HK,2013,6,0.022080846085384628
149,10 HK,2013,7,0.016336718093556205
150,10 HK,2013,8,0.016794693077568614
151,10 HK,2013,9,0.01739365213030223
152,10 HK,2013,10,0.008321554959836587
153,10 HK,2013,11,0.008426536141739126
154,10 HK,2013,12,0.011925271991637626
155,10 HK,2014,1,0.018081319584646056
156,10 HK,2014,2,0.010018015141923579
157,10 HK,2014,3,0.017374516234343957
158,10 HK,2014,4,0.013972576229535466
159,10 HK,2014,5,0.00875921040221333
160,10 HK,2014,6,0.008994502400267872
161,10 HK,2014,7,0.012125316958390487
162,10 HK,2014,8,0.012366682079822193
163,10 HK,2014,9,0.018310955067361346
164,10 HK,2014,10,0.02121582746514518
165,10 HK,2014,11,0.010651155624913849
166,10 HK,2014,12,0.010934434651641917
167,10 HK,2015,1,0.011217702093404195
168,10 HK,2015,2,0.008475647718937683
169,10 HK,2015,3,0.012705374831733004
170,10 HK,2015,4,0.01666883611856115
171,10 HK,2015,5,0.017558756092706716
172,10 HK,2015,6,0.014004494367831565
173,10 HK,2015,7,0.030632226061356
174,10 HK,2015,8,0.01779261322018168
175,10 HK,2015,9,0.02268712552420891
176,10 HK,2015,10,0.024338198539217183
177,10 HK,2015,11,0.013950425461201394
178,10 HK,2015,12,0.016993255979584388
179,10 HK,2016,1,0.02181497019642877
180,10 HK,2016,2,0.016514000169756314
181,10 HK,2016,3,0.020691645380940878
0,101 HK,2001,2,0.027906082840358785
1,101 HK,2001,3,0.0207656427879207
2,101 HK,2001,4,0.0299891561751198
3,101 HK,2001,5,0.02216508444909301
4,101 HK,2001,6,0.035717640088755276
5,101 HK,2001,7,0.04965212052371012
6,101 HK,2001,8,0.010611500206363814
7,101 HK,2001,9,0.03269739730773003
8,101 HK,2001,10,0.03967292778466504
9,101 HK,2001,11,0.018880895739085943
10,101 HK,2001,12,0.024314410312948627
11,101 HK,2002,1,0.02644143499762008
12,101 HK,2002,2,0.024594739577390133
13,101 HK,2002,3,0.03636091513006044
14,101 HK,2002,4,0.04860046447724532
15,101 HK,2002,5,0.04821324824115088
16,101 HK,2002,6,0.012685439830245235
17,101 HK,2002,7,0.039206117392753724
18,101 HK,2002,8,0.01821589245725489
19,101 HK,2002,9,0.015142357212745748
20,101 HK,2002,10,0.029918483689347655
21,101 HK,2002,11,0.020419124146202727
22,101 HK,2002,12,0.020616182408337923
23,101 HK,2003,1,0.01764660890461738
24,101 HK,2003,2,0.01803356612327752
25,101 HK,2003,3,0.01892495513648808
26,101 HK,2003,4,0.05392615644450257
27,101 HK,2003,5,0.05751520655704183
28,101 HK,2003,6,0.026618309129535462
29,101 HK,2003,7,0.05234287340187009
30,101 HK,2003,8,0.01783640430730232
31,101 HK,2003,9,0.01959522541649427
32,101 HK,2003,10,0.023897688358040025
33,101 HK,2003,11,0.016008892643250137
34,101 HK,2003,12,0.01576212402423051
35,101 HK,2004,1,0.06504719150508047
36,101 HK,2004,2,0.01694313939346887
37,101 HK,2004,3,0.01594587873672422
38,101 HK,2004,4,0.042630239225009074
39,101 HK,2004,5,0.042467907768322335
40,101 HK,2004,6,0.03662129410049756
41,101 HK,2004,7,0.03577083846594926
42,101 HK,2004,8,0.01813964980639317
43,101 HK,2004,9,0.018906546843092287
44,101 HK,2004,10,0.007233809018500598
45,101 HK,2004,11,0.018468643111602057
46,101 HK,2004,12,0.013299538660031888
47,101 HK,2005,1,0.013478536049341778
48,101 HK,2005,2,0.009300954459559179
49,101 HK,2005,3,0.0127234670617872
50,101 HK,2005,4,0.01773544493639425
51,101 HK,2005,5,0.012650222708334645
52,101 HK,2005,6,0.009746634723710776
53,101 HK,2005,7,0.013820575446891227
54,101 HK,2005,8,0.009811334747728865
55,101 HK,2005,9,0.012593496400104036
56,101 HK,2005,10,0.008340713071195433
57,101 HK,2005,11,0.017082284910757677
58,101 HK,2005,12,0.01873152125011611
59,101 HK,2006,1,0.040824499659355425
60,101 HK,2006,2,0.034710679133160505
61,101 HK,2006,3,0.017792269658748795
62,101 HK,2006,4,0.051328273337865896
63,101 HK,2006,5,0.051683561676570525
64,101 HK,2006,6,0.029380059032539648
65,101 HK,2006,7,0.015383839971723493
66,101 HK,2006,8,0.02110409386834257
67,101 HK,2006,9,0.019046567454900933
68,101 HK,2006,10,0.01976630687379479
69,101 HK,2006,11,0.025613506596726735
70,101 HK,2006,12,0.011918812033839496
71,101 HK,2007,1,0.024555889312619823
72,101 HK,2007,2,0.03404860132988044
73,101 HK,2007,3,0.02653615162255657
74,101 HK,2007,4,0.018318082456353045
75,101 HK,2007,5,0.01915413332939587
76,101 HK,2007,6,0.02341262990399793
77,101 HK,2007,7,0.019657861591865482
78,101 HK,2007,8,0.035751121940573616
79,101 HK,2007,9,0.04194650146239376
80,101 HK,2007,10,0.03761860770600551
81,101 HK,2007,11,0.03877838634283281
82,101 HK,2007,12,0.03291798203980656
83,101 HK,2008,1,0.043161953573293124
84,101 HK,2008,2,0.03718299387766915
85,101 HK,2008,3,0.05805156426372158
86,101 HK,2008,4,0.02368916221900458
87,101 HK,2008,5,0.03296186722529709
88,101 HK,2008,6,0.021084946410319497
89,101 HK,2008,7,0.03280784039675349
90,101 HK,2008,8,0.031091704304829833
91,101 HK,2008,9,0.03733595723225239
92,101 HK,2008,10,0.07755088732318308
93,101 HK,2008,11,0.05098553333716796
94,101 HK,2008,12,0.04429291845038749
95,101 HK,2009,1,0.03896963447054581
96,101 HK,2009,2,0.031035488683325573
97,101 HK,2009,3,0.04521100368333668
98,101 HK,2009,4,0.05537789154697016
99,101 HK,2009,5,0.036429105068875145
100,101 HK,2009,6,0.033496849094794105
101,101 HK,2009,7,0.03578226407477235
102,101 HK,2009,8,0.02721417486073647
103,101 HK,2009,9,0.024596037270793777
104,101 HK,2009,10,0.021074438958788442
105,101 HK,2009,11,0.02186073556925446
106,101 HK,2009,12,0.021193981020687928
107,101 HK,2010,1,0.03304451620869977
108,101 HK,2010,2,0.019186617294769014
109,101 HK,2010,3,0.021473696860794977
110,101 HK,2010,4,0.02925765502539692
111,101 HK,2010,5,0.020684602178282222
112,101 HK,2010,6,0.016266324603261852
113,101 HK,2010,7,0.014261073311613763
114,101 HK,2010,8,0.015333620570326568
115,101 HK,2010,9,0.017299164802344592
116,101 HK,2010,10,0.0205771246357281
117,101 HK,2010,11,0.021891830279382126
118,101 HK,2010,12,0.01747158668281181
119,101 HK,2011,1,0.012012150698915017
120,101 HK,2011,2,0.020451217948643862
121,101 HK,2011,3,0.01985092781659805
122,101 HK,2011,4,0.029905603964801426
123,101 HK,2011,5,0.027616083609681378
124,101 HK,2011,6,0.01902434322349378
125,101 HK,2011,7,0.01815256905670001
126,101 HK,2011,8,0.024560738643229774
127,101 HK,2011,9,0.03273370756723648
128,101 HK,2011,10,0.06184292914898598
129,101 HK,2011,11,0.028192348071560687
130,101 HK,2011,12,0.02498805410101871
131,101 HK,2012,1,0.034885341416451505
132,101 HK,2012,2,0.014303364373629682
133,101 HK,2012,3,0.010736850417754629
134,101 HK,2012,4,0.015249939703846908
135,101 HK,2012,5,0.02264829647408752
136,101 HK,2012,6,0.013325115535660556
137,101 HK,2012,7,0.026258348592378945
138,101 HK,2012,8,0.013706134046954093
139,101 HK,2012,9,0.015350702003946781
140,101 HK,2012,10,0.01877576844519608
141,101 HK,2012,11,0.015741081933137373
142,101 HK,2012,12,0.02055628343196439
143,101 HK,2013,1,0.020460612573499078
144,101 HK,2013,2,0.014437737428885506
145,101 HK,2013,3,0.01759182757054876
146,101 HK,2013,4,0.013807893685445235
147,101 HK,2013,5,0.021043719679463713
148,101 HK,2013,6,0.03538319875477637
149,101 HK,2013,7,0.018816042315171037
150,101 HK,2013,8,0.021408656801861575
151,101 HK,2013,9,0.021963029929812326
152,101 HK,2013,10,0.011436126490672176
153,101 HK,2013,11,0.013998398384835445
154,101 HK,2013,12,0.014980126184340317
155,101 HK,2014,1,0.020490770165256977
156,101 HK,2014,2,0.014223368717232315
157,101 HK,2014,3,0.015575055379554309
158,101 HK,2014,4,0.02358568355312417
159,101 HK,2014,5,0.01280517721251222
160,101 HK,2014,6,0.015866250352277286
161,101 HK,2014,7,0.010705202762995976
162,101 HK,2014,8,0.013636701386872747
163,101 HK,2014,9,0.022078099300166545
164,101 HK,2014,10,0.022090543188964647
165,101 HK,2014,11,0.012372538232567344
166,101 HK,2014,12,0.012430023793471615
167,101 HK,2015,1,0.010914153521466732
168,101 HK,2015,2,0.012298175414527919
169,101 HK,2015,3,0.00885612548492025
170,101 HK,2015,4,0.02164309391937046
171,101 HK,2015,5,0.029624147218405728
172,101 HK,2015,6,0.013306287435081932
173,101 HK,2015,7,0.02541883808600764
174,101 HK,2015,8,0.017696123988710632
175,101 HK,2015,9,0.03063368741279098
176,101 HK,2015,10,0.02763586883184275
177,101 HK,2015,11,0.015415135171692216
178,101 HK,2015,12,0.02377529302580136
179,101 HK,2016,1,0.025601556138617646
180,101 HK,2016,2,0.028436550819074122
181,101 HK,2016,3,0.013666039333776336
0,1038 HK,2001,2,0.018021143744858963
1,1038 HK,2001,3,0.013961886385872018
2,1038 HK,2001,4,0.028101143776254823
3,1038 HK,2001,5,0.01360180624319443
4,1038 HK,2001,6,0.0185054138693699
5,1038 HK,2001,7,0.02330868421144404
6,1038 HK,2001,8,0.009338202260768437
7,1038 HK,2001,9,0.018748423966791352
8,1038 HK,2001,10,0.019570030826308555
9,1038 HK,2001,11,0.006360987502537029
10,1038 HK,2001,12,0.012686729921354988
11,1038 HK,2002,1,0.01372186513071337
12,1038 HK,2002,2,0.00936659435959338
13,1038 HK,2002,3,0.006217937444684112
14,1038 HK,2002,4,0.009290156049518255
15,1038 HK,2002,5,0.011341977659575975
16,1038 HK,2002,6,0.012717032262144538
17,1038 HK,2002,7,0.013283352904314876
18,1038 HK,2002,8,0.014508972863438848
19,1038 HK,2002,9,0.016997290366040224
20,1038 HK,2002,10,0.016673816741572572
21,1038 HK,2002,11,0.01008688358732353
22,1038 HK,2002,12,0.01045900659596933
23,1038 HK,2003,1,0.01775018066729154
24,1038 HK,2003,2,0.013454435566832804
25,1038 HK,2003,3,0.01690128911738987
26,1038 HK,2003,4,0.02015043158236854
27,1038 HK,2003,5,0.024564860308524703
28,1038 HK,2003,6,0.0234885117068305
29,1038 HK,2003,7,0.018676967301242926
30,1038 HK,2003,8,0.011121067721503685
31,1038 HK,2003,9,0.016637115319597853
32,1038 HK,2003,10,0.020452754713420687
33,1038 HK,2003,11,0.012347471808925108
34,1038 HK,2003,12,0.01183045770540858
35,1038 HK,2004,1,0.028808269662958363
36,1038 HK,2004,2,0.014450538340844296
37,1038 HK,2004,3,0.014427029079183034
38,1038 HK,2004,4,0.03535919925998048
39,1038 HK,2004,5,0.026322758993754674
40,1038 HK,2004,6,0.028686968110798704
41,1038 HK,2004,7,0.01311515745638002
42,1038 HK,2004,8,0.01430975558705189
43,1038 HK,2004,9,0.02163369102215371
44,1038 HK,2004,10,0.02338919739037153
45,1038 HK,2004,11,0.020487098082560034
46,1038 HK,2004,12,0.014152526396710998
47,1038 HK,2005,1,0.02065000481050766
48,1038 HK,2005,2,0.02583975761270368
49,1038 HK,2005,3,0.010638770285066346
50,1038 HK,2005,4,0.02162621201438426
51,1038 HK,2005,5,0.01593591237657499
52,1038 HK,2005,6,0.011326052259401165
53,1038 HK,2005,7,0.013503860645604592
54,1038 HK,2005,8,0.007951278145279496
55,1038 HK,2005,9,0.015058317146769779
56,1038 HK,2005,10,0.011134596891867857
57,1038 HK,2005,11,0.009633491092010522
58,1038 HK,2005,12,0.018582069622867594
59,1038 HK,2006,1,0.011305092384007493
60,1038 HK,2006,2,0.010444484497297297
61,1038 HK,2006,3,0.010328249774246519
62,1038 HK,2006,4,0.023444387843326593
63,1038 HK,2006,5,0.02246318278748864
64,1038 HK,2006,6,0.016695672433981602
65,1038 HK,2006,7,0.010502455921673252
66,1038 HK,2006,8,0.015554099274462515
67,1038 HK,2006,9,0.012609227190530693
68,1038 HK,2006,10,0.010837331755544863
69,1038 HK,2006,11,0.007954718716826865
70,1038 HK,2006,12,0.010997043947761378
71,1038 HK,2007,1,0.02514119913072249
72,1038 HK,2007,2,0.027374995585200103
73,1038 HK,2007,3,0.016678660698377826
74,1038 HK,2007,4,0.01653767363440137
75,1038 HK,2007,5,0.010708503218101288
76,1038 HK,2007,6,0.015427294175596315
77,1038 HK,2007,7,0.016199093767278325
78,1038 HK,2007,8,0.027868335714161457
79,1038 HK,2007,9,0.014796048027694998
80,1038 HK,2007,10,0.027570624904125967
81,1038 HK,2007,11,0.02981209801893975
82,1038 HK,2007,12,0.023678809909580583
83,1038 HK,2008,1,0.023786064848519542
84,1038 HK,2008,2,0.021637600527364364
85,1038 HK,2008,3,0.043037362032993146
86,1038 HK,2008,4,0.02436866336709596
87,1038 HK,2008,5,0.032754772565932996
88,1038 HK,2008,6,0.020664380289164765
89,1038 HK,2008,7,0.01718528470504534
90,1038 HK,2008,8,0.020006613883354094
91,1038 HK,2008,9,0.025682869072047764
92,1038 HK,2008,10,0.056555331019323966
93,1038 HK,2008,11,0.03351403642425031
94,1038 HK,2008,12,0.025444534523050167
95,1038 HK,2009,1,0.023685674430441988
96,1038 HK,2009,2,0.012845568742594158
97,1038 HK,2009,3,0.023580348270074887
98,1038 HK,2009,4,0.014952751795168633
99,1038 HK,2009,5,0.01678843025486536
100,1038 HK,2009,6,0.012675020080291925
101,1038 HK,2009,7,0.010925140992870907
102,1038 HK,2009,8,0.009749099113810564
103,1038 HK,2009,9,0.008296299321557243
104,1038 HK,2009,10,0.011984469379462587
105,1038 HK,2009,11,0.021034399935222235
106,1038 HK,2009,12,0.009290462459356098
107,1038 HK,2010,1,0.010070801152334014
108,1038 HK,2010,2,0.010646258444563605
109,1038 HK,2010,3,0.010362811021036637
110,1038 HK,2010,4,0.01569808816574145
111,1038 HK,2010,5,0.009227159327855913
112,1038 HK,2010,6,0.012303668299473474
113,1038 HK,2010,7,0.008273200564613158
114,1038 HK,2010,8,0.00624809152386393
115,1038 HK,2010,9,0.012577095212029002
116,1038 HK,2010,10,0.018936246346548093
117,1038 HK,2010,11,0.015720296733760613
118,1038 HK,2010,12,0.02137099344556091
119,1038 HK,2011,1,0.014635055012568964
120,1038 HK,2011,2,0.015085211124697656
121,1038 HK,2011,3,0.01424350747468401
122,1038 HK,2011,4,0.013045299015277602
123,1038 HK,2011,5,0.02104589495688215
124,1038 HK,2011,6,0.012910363940171744
125,1038 HK,2011,7,0.021878953025280354
126,1038 HK,2011,8,0.023223552562921492
127,1038 HK,2011,9,0.020823632311677543
128,1038 HK,2011,10,0.020796128274357388
129,1038 HK,2011,11,0.016590333503269782
130,1038 HK,2011,12,0.011390917664736986
131,1038 HK,2012,1,0.021909382496905095
132,1038 HK,2012,2,0.011434153797259004
133,1038 HK,2012,3,0.011224585420862469
134,1038 HK,2012,4,0.008471514775730122
135,1038 HK,2012,5,0.011950280822267343
136,1038 HK,2012,6,0.010875129319761728
137,1038 HK,2012,7,0.02026717773286729
138,1038 HK,2012,8,0.007268620795583575
139,1038 HK,2012,9,0.010146872049018155
140,1038 HK,2012,10,0.00702395457311846
141,1038 HK,2012,11,0.006689019275307789
142,1038 HK,2012,12,0.009461663046013548
143,1038 HK,2013,1,0.0071070307347489625
144,1038 HK,2013,2,0.013759359655209564
145,1038 HK,2013,3,0.008974113000088643
146,1038 HK,2013,4,0.009772309690052557
147,1038 HK,2013,5,0.02185366489308663
148,1038 HK,2013,6,0.029701699201019734
149,1038 HK,2013,7,0.017181492938354703
150,1038 HK,2013,8,0.010981085303749912
151,1038 HK,2013,9,0.013929978094962948
152,1038 HK,2013,10,0.015261622611480393
153,1038 HK,2013,11,0.012416916297464515
154,1038 HK,2013,12,0.009283265579914159
155,1038 HK,2014,1,0.012164712667599617
156,1038 HK,2014,2,0.017937529874510208
157,1038 HK,2014,3,0.011261531260390844
158,1038 HK,2014,4,0.00920704323822962
159,1038 HK,2014,5,0.01442834843933313
160,1038 HK,2014,6,0.00708333561076935
161,1038 HK,2014,7,0.010154429777123964
162,1038 HK,2014,8,0.010490316481913778
163,1038 HK,2014,9,0.00992436254826638
164,1038 HK,2014,10,0.0068165669521761795
165,1038 HK,2014,11,0.009645622335505723
166,1038 HK,2014,12,0.010583767435001138
167,1038 HK,2015,1,0.015405843266712977
168,1038 HK,2015,2,0.010687348296176687
169,1038 HK,2015,3,0.013936805513788016
170,1038 HK,2015,4,0.014100972956906594
171,1038 HK,2015,5,0.008329285151623386
172,1038 HK,2015,6,0.010512250277621312
173,1038 HK,2015,7,0.01570198719278378
174,1038 HK,2015,8,0.014502609452630369
175,1038 HK,2015,9,0.022474895863269628
176,1038 HK,2015,10,0.008441980838376897
177,1038 HK,2015,11,0.00909874969593366
178,1038 HK,2015,12,0.008577668935103077
179,1038 HK,2016,1,0.017762858063243986
180,1038 HK,2016,2,0.012361570584748183
181,1038 HK,2016,3,0.014793367731871405
0,11 HK,2001,2,0.01824679818589687
1,11 HK,2001,3,0.020558948399566634
2,11 HK,2001,4,0.012297717969068932
3,11 HK,2001,5,0.009518935276488517
4,11 HK,2001,6,0.01389631195820292
5,11 HK,2001,7,0.013235013405137504
6,11 HK,2001,8,0.010573798692101736
7,11 HK,2001,9,0.023334006756658834
8,11 HK,2001,10,0.01700209118257987
9,11 HK,2001,11,0.013100522937510448
10,11 HK,2001,12,0.014809859961136424
11,11 HK,2002,1,0.008611114090698542
12,11 HK,2002,2,0.011098052611463736
13,11 HK,2002,3,0.012724257446201408
14,11 HK,2002,4,0.011624000055728228
15,11 HK,2002,5,0.008685306724855004
16,11 HK,2002,6,0.0075345078718988155
17,11 HK,2002,7,0.012513208601551863
18,11 HK,2002,8,0.013721850492757058
19,11 HK,2002,9,0.01053989873867894
20,11 HK,2002,10,0.010428191916679277
21,11 HK,2002,11,0.00857931642939357
22,11 HK,2002,12,0.00627118472505336
23,11 HK,2003,1,0.007618472449720004
24,11 HK,2003,2,0.00873975597974033
25,11 HK,2003,3,0.011315706779783573
26,11 HK,2003,4,0.012005220081105954
27,11 HK,2003,5,0.005391870820019687
28,11 HK,2003,6,0.005678518881141905
29,11 HK,2003,7,0.006292385325906754
30,11 HK,2003,8,0.00889541125084111
31,11 HK,2003,9,0.009005092911344353
32,11 HK,2003,10,0.011870233883977973
33,11 HK,2003,11,0.00987598255049176
34,11 HK,2003,12,0.010229819473015128
35,11 HK,2004,1,0.010463610032187178
36,11 HK,2004,2,0.009180323664959451
37,11 HK,2004,3,0.014586935638230523
38,11 HK,2004,4,0.0077836840157419545
39,11 HK,2004,5,0.009803289556200074
40,11 HK,2004,6,0.00727327327215463
41,11 HK,2004,7,0.005869747456797197
42,11 HK,2004,8,0.010766460898651497
43,11 HK,2004,9,0.009425955463643375
44,11 HK,2004,10,0.006602720734233954
45,11 HK,2004,11,0.006056239781140306
46,11 HK,2004,12,0.005429044076108299
47,11 HK,2005,1,0.006646740905746754
48,11 HK,2005,2,0.006230051679295294
49,11 HK,2005,3,0.005778582470674548
50,11 HK,2005,4,0.0054760258304095075
51,11 HK,2005,5,0.004758272771595195
52,11 HK,2005,6,0.0044726093335625385
53,11 HK,2005,7,0.0031973716925814974
54,11 HK,2005,8,0.0033797646974868126
55,11 HK,2005,9,0.002399918910296872
56,11 HK,2005,10,0.0046160910160138405
57,11 HK,2005,11,0.0037296111093894605
58,11 HK,2005,12,0.00338851819671239
59,11 HK,2006,1,0.005605729534081724
60,11 HK,2006,2,0.003451163401671057
61,11 HK,2006,3,0.005196519816492785
62,11 HK,2006,4,0.0036291639358301013
63,11 HK,2006,5,0.004909890869999693
64,11 HK,2006,6,0.007084805068640477
65,11 HK,2006,7,0.0031846013672854716
66,11 HK,2006,8,0.004593939589407948
67,11 HK,2006,9,0.0033469233313383477
68,11 HK,2006,10,0.003378396669655238
69,11 HK,2006,11,0.003532539031726106
70,11 HK,2006,12,0.0030652360095775066
71,11 HK,2007,1,0.006759815419308731
72,11 HK,2007,2,0.01173657765811096
73,11 HK,2007,3,0.013662219593531411
74,11 HK,2007,4,0.007584404182713105
75,11 HK,2007,5,0.007752340220591409
76,11 HK,2007,6,0.007154936554061713
77,11 HK,2007,7,0.023265248746893986
78,11 HK,2007,8,0.02216890401581956
79,11 HK,2007,9,0.014318731687528174
80,11 HK,2007,10,0.024085736261678477
81,11 HK,2007,11,0.02770468623412954
82,11 HK,2007,12,0.02892575148782267
83,11 HK,2008,1,0.033966394711765394
84,11 HK,2008,2,0.018587107085691966
85,11 HK,2008,3,0.01781912813041651
86,11 HK,2008,4,0.008960931339442847
87,11 HK,2008,5,0.014201318682368319
88,11 HK,2008,6,0.01328914128100855
89,11 HK,2008,7,0.01949301562019907
90,11 HK,2008,8,0.01964348901847723
91,11 HK,2008,9,0.019457900490356457
92,11 HK,2008,10,0.05844420518550883
93,11 HK,2008,11,0.03934535738925719
94,11 HK,2008,12,0.029717907527218593
95,11 HK,2009,1,0.021303886885905444
96,11 HK,2009,2,0.02160220962486163
97,11 HK,2009,3,0.037408182274291844
98,11 HK,2009,4,0.019694705478166784
99,11 HK,2009,5,0.030483594161621
100,11 HK,2009,6,0.023333943874539912
101,11 HK,2009,7,0.014317783957950329
102,11 HK,2009,8,0.01316309401809611
103,11 HK,2009,9,0.008154691768330839
104,11 HK,2009,10,0.008167029181731832
105,11 HK,2009,11,0.011565130010043459
106,11 HK,2009,12,0.008552884707503575
107,11 HK,2010,1,0.006737894392867482
108,11 HK,2010,2,0.006893315837179222
109,11 HK,2010,3,0.013008127726423874
110,11 HK,2010,4,0.003827384519320482
111,11 HK,2010,5,0.009131170331396606
112,11 HK,2010,6,0.0059384243627921395
113,11 HK,2010,7,0.006077939778030824
114,11 HK,2010,8,0.008817145164032673
115,11 HK,2010,9,0.0070271554106988805
116,11 HK,2010,10,0.0070292143773941045
117,11 HK,2010,11,0.01583256534722361
118,11 HK,2010,12,0.010311802234558838
119,11 HK,2011,1,0.009492337586592091
120,11 HK,2011,2,0.013977003638235803
121,11 HK,2011,3,0.01280011144780684
122,11 HK,2011,4,0.006690402050107667
123,11 HK,2011,5,0.006317506396423618
124,11 HK,2011,6,0.007636113924479617
125,11 HK,2011,7,0.006746950916211118
126,11 HK,2011,8,0.014478341233472646
127,11 HK,2011,9,0.014918193463998697
128,11 HK,2011,10,0.02677556188272771
129,11 HK,2011,11,0.01562035936992013
130,11 HK,2011,12,0.012236199552831485
131,11 HK,2012,1,0.010017560829741605
132,11 HK,2012,2,0.014952508324402538
133,11 HK,2012,3,0.010252957714448932
134,11 HK,2012,4,0.007527247275220552
135,11 HK,2012,5,0.008768512472872995
136,11 HK,2012,6,0.007656712793868511
137,11 HK,2012,7,0.007095425134635841
138,11 HK,2012,8,0.007890137444611204
139,11 HK,2012,9,0.005876468188112672
140,11 HK,2012,10,0.003538901114630709
141,11 HK,2012,11,0.008309094634873608
142,11 HK,2012,12,0.005435784871644429
143,11 HK,2013,1,0.006183619352429179
144,11 HK,2013,2,0.009769038861179033
145,11 HK,2013,3,0.011788922038696525
146,11 HK,2013,4,0.008876199151713381
147,11 HK,2013,5,0.008992886002070858
148,11 HK,2013,6,0.01267988390934783
149,11 HK,2013,7,0.013030318695091362
150,11 HK,2013,8,0.010358698425372324
151,11 HK,2013,9,0.005420840975322317
152,11 HK,2013,10,0.005098377750055653
153,11 HK,2013,11,0.008049202088446526
154,11 HK,2013,12,0.006502728250503909
155,11 HK,2014,1,0.007665139521584977
156,11 HK,2014,2,0.008405418888669204
157,11 HK,2014,3,0.009649430432701755
158,11 HK,2014,4,0.007289708787816924
159,11 HK,2014,5,0.0053408865600167825
160,11 HK,2014,6,0.005913508990978185
161,11 HK,2014,7,0.004293436158724956
162,11 HK,2014,8,0.006617022131375789
163,11 HK,2014,9,0.0059666492508135905
164,11 HK,2014,10,0.008322295410853097
165,11 HK,2014,11,0.004937292944811739
166,11 HK,2014,12,0.008085138229414545
167,11 HK,2015,1,0.0059522975345559104
168,11 HK,2015,2,0.014128055255563291
169,11 HK,2015,3,0.009709213504249222
170,11 HK,2015,4,0.007105798949141158
171,11 HK,2015,5,0.009741253494608939
172,11 HK,2015,6,0.008327923482622783
173,11 HK,2015,7,0.014292343782733832
174,11 HK,2015,8,0.018086972758715625
175,11 HK,2015,9,0.01671090520099349
176,11 HK,2015,10,0.012440640016569655
177,11 HK,2015,11,0.01142832803090426
178,11 HK,2015,12,0.008589391029708949
179,11 HK,2016,1,0.018945343704543236
180,11 HK,2016,2,0.017834592658581182
181,11 HK,2016,3,0.013976425264946326
0,12 HK,2001,2,0.019088219012341406
1,12 HK,2001,3,0.027417367764591687
2,12 HK,2001,4,0.03067847878724714
3,12 HK,2001,5,0.018925651622546388
4,12 HK,2001,6,0.024815284092260387
5,12 HK,2001,7,0.01765844444393987
6,12 HK,2001,8,0.021499985066365333
7,12 HK,2001,9,0.034224553329762944
8,12 HK,2001,10,0.03633335172278608
9,12 HK,2001,11,0.02546902044862207
10,12 HK,2001,12,0.02886777974594006
11,12 HK,2002,1,0.024103969501114885
12,12 HK,2002,2,0.021273027765077827
13,12 HK,2002,3,0.029066872804669595
14,12 HK,2002,4,0.028075505921290825
15,12 HK,2002,5,0.024373815208222235
16,12 HK,2002,6,0.01896141358970831
17,12 HK,2002,7,0.021602612539419506
18,12 HK,2002,8,0.020111488014282572
19,12 HK,2002,9,0.029004435524818815
20,12 HK,2002,10,0.03052501639231335
21,12 HK,2002,11,0.01714205191561537
22,12 HK,2002,12,0.02422500584385302
23,12 HK,2003,1,0.02909269660449139
24,12 HK,2003,2,0.01744289042062866
25,12 HK,2003,3,0.023659072030534595
26,12 HK,2003,4,0.04086355644740768
27,12 HK,2003,5,0.020244916038182455
28,12 HK,2003,6,0.025025878987377716
29,12 HK,2003,7,0.022661171431700943
30,12 HK,2003,8,0.021657539138468396
31,12 HK,2003,9,0.026320818379537685
32,12 HK,2003,10,0.029001090557813237
33,12 HK,2003,11,0.017232910804882554
34,12 HK,2003,12,0.018462809975415034
35,12 HK,2004,1,0.03711980004925434
36,12 HK,2004,2,0.019083588913143424
37,12 HK,2004,3,0.017195825033975768
38,12 HK,2004,4,0.022764756119626705
39,12 HK,2004,5,0.040699096801592276
40,12 HK,2004,6,0.023981623675903067
41,12 HK,2004,7,0.011679053662518257
42,12 HK,2004,8,0.01454258665114098
43,12 HK,2004,9,0.012943248997124755
44,12 HK,2004,10,0.018225965737350566
45,12 HK,2004,11,0.010635334063470274
46,12 HK,2004,12,0.01677552585413559
47,12 HK,2005,1,0.015376607339998787
48,12 HK,2005,2,0.01024063524742094
49,12 HK,2005,3,0.008497534307465983
50,12 HK,2005,4,0.010000873193091592
51,12 HK,2005,5,0.01887580473405137
52,12 HK,2005,6,0.008296234404794097
53,12 HK,2005,7,0.014004397516312285
54,12 HK,2005,8,0.013886147153393895
55,12 HK,2005,9,0.008354978682057406
56,12 HK,2005,10,0.011213261289678067
57,12 HK,2005,11,0.011480336571966473
58,12 HK,2005,12,0.015842269600710637
59,12 HK,2006,1,0.013289251435856988
60,12 HK,2006,2,0.013405370072081193
61,12 HK,2006,3,0.01377526866763756
62,12 HK,2006,4,0.009655175823728601
63,12 HK,2006,5,0.034672608560931746
64,12 HK,2006,6,0.018652131607007502
65,12 HK,2006,7,0.016491332224095132
66,12 HK,2006,8,0.01654027730936695
67,12 HK,2006,9,0.010409238679570094
68,12 HK,2006,10,0.010708218401223856
69,12 HK,2006,11,0.019524588967430173
70,12 HK,2006,12,0.009537647902285937
71,12 HK,2007,1,0.021131661645449138
72,12 HK,2007,2,0.0147882198082567
73,12 HK,2007,3,0.012265691467243796
74,12 HK,2007,4,0.018808583018438546
75,12 HK,2007,5,0.03511230703997697
76,12 HK,2007,6,0.014938811244728685
77,12 HK,2007,7,0.018500752770865804
78,12 HK,2007,8,0.023860305738343402
79,12 HK,2007,9,0.024812664880946533
80,12 HK,2007,10,0.025034088367995855
81,12 HK,2007,11,0.04154680484698108
82,12 HK,2007,12,0.03350427977052421
83,12 HK,2008,1,0.033756772473876595
84,12 HK,2008,2,0.032407263251449575
85,12 HK,2008,3,0.031946101782156344
86,12 HK,2008,4,0.01900191791570976
87,12 HK,2008,5,0.011733689672491304
88,12 HK,2008,6,0.01393731371505732
89,12 HK,2008,7,0.02086711922602299
90,12 HK,2008,8,0.028994717668973834
91,12 HK,2008,9,0.028667158942758942
92,12 HK,2008,10,0.07154560808909644
93,12 HK,2008,11,0.04638068783659739
94,12 HK,2008,12,0.0592653733289311
95,12 HK,2009,1,0.033291572419994364
96,12 HK,2009,2,0.0239286689106581
97,12 HK,2009,3,0.033426378554989325
98,12 HK,2009,4,0.04213157588979877
99,12 HK,2009,5,0.03630723903632485
100,12 HK,2009,6,0.027365666971765252
101,12 HK,2009,7,0.02960745858267057
102,12 HK,2009,8,0.023135045836082224
103,12 HK,2009,9,0.023168998775236694
104,12 HK,2009,10,0.02751652324602637
105,12 HK,2009,11,0.023403164586625353
106,12 HK,2009,12,0.022609626875190244
107,12 HK,2010,1,0.020742986857996776
108,12 HK,2010,2,0.025816250075368946
109,12 HK,2010,3,0.01896524784597949
110,12 HK,2010,4,0.01846989578641332
111,12 HK,2010,5,0.0231881847893846
112,12 HK,2010,6,0.017759594033055336
113,12 HK,2010,7,0.015416568942834469
114,12 HK,2010,8,0.014213807478108026
115,12 HK,2010,9,0.014544171537681939
116,12 HK,2010,10,0.012417871537785228
117,12 HK,2010,11,0.014744929645462177
118,12 HK,2010,12,0.01101047197169769
119,12 HK,2011,1,0.012099792163510396
120,12 HK,2011,2,0.015721393016795596
121,12 HK,2011,3,0.022994072459154264
122,12 HK,2011,4,0.016187259353169964
123,12 HK,2011,5,0.013851430989845346
124,12 HK,2011,6,0.016556446182196604
125,12 HK,2011,7,0.014801519129687605
126,12 HK,2011,8,0.022385600858164437
127,12 HK,2011,9,0.02845208291984996
128,12 HK,2011,10,0.047274028830058275
129,12 HK,2011,11,0.02573620783241244
130,12 HK,2011,12,0.018565185916043992
131,12 HK,2012,1,0.019825297110542952
132,12 HK,2012,2,0.021162618100221384
133,12 HK,2012,3,0.017284322674363594
134,12 HK,2012,4,0.016236711392641243
135,12 HK,2012,5,0.020468146052393773
136,12 HK,2012,6,0.01760088224354043
137,12 HK,2012,7,0.017815647352736056
138,12 HK,2012,8,0.017429981236885408
139,12 HK,2012,9,0.02068096495067219
140,12 HK,2012,10,0.02061943233121366
141,12 HK,2012,11,0.011601854530588563
142,12 HK,2012,12,0.010696909596132655
143,12 HK,2013,1,0.017122560724150908
144,12 HK,2013,2,0.0122816274115025
145,12 HK,2013,3,0.018610686226717583
146,12 HK,2013,4,0.012625743886749507
147,12 HK,2013,5,0.010224232114496704
148,12 HK,2013,6,0.02263830715619692
149,12 HK,2013,7,0.017048697129191867
150,12 HK,2013,8,0.01401667397831183
151,12 HK,2013,9,0.023012195514493256
152,12 HK,2013,10,0.012987615567866593
153,12 HK,2013,11,0.006607988273208735
154,12 HK,2013,12,0.006867306280571222
155,12 HK,2014,1,0.013406235487525526
156,12 HK,2014,2,0.017035475001077983
157,12 HK,2014,3,0.017028296427937583
158,12 HK,2014,4,0.011261221829660398
159,12 HK,2014,5,0.013895250104372765
160,12 HK,2014,6,0.017320200798556812
161,12 HK,2014,7,0.013590317722131245
162,12 HK,2014,8,0.01941476370360552
163,12 HK,2014,9,0.018313974141885122
164,12 HK,2014,10,0.019855629191699187
165,12 HK,2014,11,0.01019266979645429
166,12 HK,2014,12,0.009882902274596388
167,12 HK,2015,1,0.013851581794538584
168,12 HK,2015,2,0.012601569571287044
169,12 HK,2015,3,0.011848094367910433
170,12 HK,2015,4,0.015509271939130691
171,12 HK,2015,5,0.01804669959547236
172,12 HK,2015,6,0.012769961732105917
173,12 HK,2015,7,0.016330851188609434
174,12 HK,2015,8,0.023133566980565096
175,12 HK,2015,9,0.028062427935309168
176,12 HK,2015,10,0.02043949379671101
177,12 HK,2015,11,0.01731543888229656
178,12 HK,2015,12,0.009786474766432489
179,12 HK,2016,1,0.032727300279895497
180,12 HK,2016,2,0.018811398637970152
181,12 HK,2016,3,0.01853529664728439
0,14 HK,2001,2,0.021547190268883736
1,14 HK,2001,3,0.027996976259037774
2,14 HK,2001,4,0.03473280976433428
3,14 HK,2001,5,0.01967485519858007
4,14 HK,2001,6,0.03680078730162594
5,14 HK,2001,7,0.05637190365616585
6,14 HK,2001,8,0.00854582567060726
7,14 HK,2001,9,0.033512603295088296
8,14 HK,2001,10,0.08511290689926636
9,14 HK,2001,11,0.020197659573819693
10,14 HK,2001,12,0.02833001383315469
11,14 HK,2002,1,0.027135011701343793
12,14 HK,2002,2,0.017519203253170256
13,14 HK,2002,3,0.01512479812341144
14,14 HK,2002,4,0.015361576892975225
15,14 HK,2002,5,0.0736410875638133
16,14 HK,2002,6,0.017038829809166437
17,14 HK,2002,7,0.02304359276193977
18,14 HK,2002,8,0.018733757350681706
19,14 HK,2002,9,0.021236093032346613
20,14 HK,2002,10,0.044431609924499196
21,14 HK,2002,11,0.01970550411053172
22,14 HK,2002,12,0.01326755245568863
23,14 HK,2003,1,0.013200439394661173
24,14 HK,2003,2,0.014265083861932877
25,14 HK,2003,3,0.019900078924022846
26,14 HK,2003,4,0.061714612577264065
27,14 HK,2003,5,0.029724988362399885
28,14 HK,2003,6,0.034509343354218215
29,14 HK,2003,7,0.02787039086171308
30,14 HK,2003,8,0.03120167995485866
31,14 HK,2003,9,0.026342446908105003
32,14 HK,2003,10,0.047420056290610066
33,14 HK,2003,11,0.020802247577010356
34,14 HK,2003,12,0.02174975812366877
35,14 HK,2004,1,0.06149316951036627
36,14 HK,2004,2,0.02133016267478175
37,14 HK,2004,3,0.019183080197526948
38,14 HK,2004,4,0.021339938191037987
39,14 HK,2004,5,0.033277632157617816
40,14 HK,2004,6,0.03249797360658304
41,14 HK,2004,7,0.03250752256678589
42,14 HK,2004,8,0.011625688845853358
43,14 HK,2004,9,0.019933310664527405
44,14 HK,2004,10,0.028753801525874204
45,14 HK,2004,11,0.02055081834810666
46,14 HK,2004,12,0.024332811791792665
47,14 HK,2005,1,0.017830862234505054
48,14 HK,2005,2,0.019117783069782443
49,14 HK,2005,3,0.017462033589092565
50,14 HK,2005,4,0.020666477643635724
51,14 HK,2005,5,0.015418996721103528
52,14 HK,2005,6,0.009306335411329898
53,14 HK,2005,7,0.02237984414837241
54,14 HK,2005,8,0.015560686417515264
55,14 HK,2005,9,0.04022476095363546
56,14 HK,2005,10,0.016312720164687
57,14 HK,2005,11,0.022504916302345218
58,14 HK,2005,12,0.01312892751313365
59,14 HK,2006,1,0.020871824413964825
60,14 HK,2006,2,0.015778645898162757
61,14 HK,2006,3,0.01912394772211103
62,14 HK,2006,4,0.03378011805827049
63,14 HK,2006,5,0.04913581173263763
64,14 HK,2006,6,0.02986155446890585
65,14 HK,2006,7,0.01764189262811532
66,14 HK,2006,8,0.009925606113126534
67,14 HK,2006,9,0.014478746814306767
68,14 HK,2006,10,0.026971019844134424
69,14 HK,2006,11,0.016863352234734903
70,14 HK,2006,12,0.012409214342859503
71,14 HK,2007,1,0.020300259101437585
72,14 HK,2007,2,0.029634800193973212
73,14 HK,2007,3,0.01767487825709207
74,14 HK,2007,4,0.009588147606719324
75,14 HK,2007,5,0.012496518761007365
76,14 HK,2007,6,0.012251955652748418
77,14 HK,2007,7,0.006135811854126124
78,14 HK,2007,8,0.01568492528879755
79,14 HK,2007,9,0.014343848755397327
80,14 HK,2007,10,0.02597832687556557
81,14 HK,2007,11,0.031560578712508336
82,14 HK,2007,12,0.023527412521756944
83,14 HK,2008,1,0.0374648597453804
84,14 HK,2008,2,0.024326761550344467
85,14 HK,2008,3,0.025064750912542576
86,14 HK,2008,4,0.028344798198689482
87,14 HK,2008,5,0.018849607461195378
88,14 HK,2008,6,0.018389387558828737
89,14 HK,2008,7,0.025194130260170113
90,14 HK,2008,8,0.021427688845982888
91,14 HK,2008,9,0.040844945265620276
92,14 HK,2008,10,0.06242076926745812
93,14 HK,2008,11,0.04190398557419126
94,14 HK,2008,12,0.03655419254256505
95,14 HK,2009,1,0.038879488166199856
96,14 HK,2009,2,0.017383622732784692
97,14 HK,2009,3,0.02791486712559044
98,14 HK,2009,4,0.016064034560791727
99,14 HK,2009,5,0.03738822440469419
100,14 HK,2009,6,0.02938806935983402
101,14 HK,2009,7,0.03569524513796633
102,14 HK,2009,8,0.022437890114261803
103,14 HK,2009,9,0.015453673598818461
104,14 HK,2009,10,0.047349269746363006
105,14 HK,2009,11,0.018428087310817468
106,14 HK,2009,12,0.0180715373412094
107,14 HK,2010,1,0.01979293877303463
108,14 HK,2010,2,0.03395276194628438
109,14 HK,2010,3,0.018803990708606385
110,14 HK,2010,4,0.02433027604936301
111,14 HK,2010,5,0.021298852870716624
112,14 HK,2010,6,0.014876262668728147
113,14 HK,2010,7,0.01164889693552199
114,14 HK,2010,8,0.010819905500743654
115,14 HK,2010,9,0.025144844234833187
116,14 HK,2010,10,0.011287176830870077
117,14 HK,2010,11,0.024139336584298225
118,14 HK,2010,12,0.022308161100854058
119,14 HK,2011,1,0.018538205781810504
120,14 HK,2011,2,0.023721498999021526
121,14 HK,2011,3,0.025452213848554072
122,14 HK,2011,4,0.017881991202632404
123,14 HK,2011,5,0.019124361733610453
124,14 HK,2011,6,0.01103451525140317
125,14 HK,2011,7,0.010878838850072499
126,14 HK,2011,8,0.02413371889496673
127,14 HK,2011,9,0.03708974196012573
128,14 HK,2011,10,0.04655511774401072
129,14 HK,2011,11,0.018581809884295298
130,14 HK,2011,12,0.016149311447526207
131,14 HK,2012,1,0.026225037164877316
132,14 HK,2012,2,0.01711296331097177
133,14 HK,2012,3,0.010037722902015624
134,14 HK,2012,4,0.017505803990363833
135,14 HK,2012,5,0.029421355603123228
136,14 HK,2012,6,0.015577233602510393
137,14 HK,2012,7,0.02257328413391867
138,14 HK,2012,8,0.013287592418235294
139,14 HK,2012,9,0.011480334485959915
140,14 HK,2012,10,0.015600082986629434
141,14 HK,2012,11,0.009541251714329672
142,14 HK,2012,12,0.009563318775853093
143,14 HK,2013,1,0.009904338685331299
144,14 HK,2013,2,0.010961305829743487
145,14 HK,2013,3,0.015302262478622632
146,14 HK,2013,4,0.010431918173872849
147,14 HK,2013,5,0.017654650718897612
148,14 HK,2013,6,0.037007537255601214
149,14 HK,2013,7,0.014247159202760444
150,14 HK,2013,8,0.026369703487499344
151,14 HK,2013,9,0.01550937341657689
152,14 HK,2013,10,0.011163158114952746
153,14 HK,2013,11,0.00860074295555319
154,14 HK,2013,12,0.012781703775670996
155,14 HK,2014,1,0.018956527094285202
156,14 HK,2014,2,0.017743361799967994
157,14 HK,2014,3,0.01878601306396347
158,14 HK,2014,4,0.009902687329602047
159,14 HK,2014,5,0.024028176882635838
160,14 HK,2014,6,0.014831060859524167
161,14 HK,2014,7,0.01027264450458271
162,14 HK,2014,8,0.012501112964536591
163,14 HK,2014,9,0.017281141343326947
164,14 HK,2014,10,0.007931544662361827
165,14 HK,2014,11,0.013626580277898844
166,14 HK,2014,12,0.0185646239010521
167,14 HK,2015,1,0.016569746068811102
168,14 HK,2015,2,0.021774945076742845
169,14 HK,2015,3,0.014740913165944032
170,14 HK,2015,4,0.012125640421048621
171,14 HK,2015,5,0.020734244706708628
172,14 HK,2015,6,0.013032498856756574
173,14 HK,2015,7,0.016628021943940325
174,14 HK,2015,8,0.013288622257865411
175,14 HK,2015,9,0.025981997931345924
176,14 HK,2015,10,0.022151407369533412
177,14 HK,2015,11,0.008903457382240453
178,14 HK,2015,12,0.007576959599207352
179,14 HK,2016,1,0.012326641778060575
180,14 HK,2016,2,0.021387174936794772
181,14 HK,2016,3,0.018838261708496885
0,142 HK,2001,2,0.04065932744744722
1,142 HK,2001,3,0.03560662607894815
2,142 HK,2001,4,0.05088599668156454
3,142 HK,2001,5,0.022464521728993877
4,142 HK,2001,6,0.04217723407261298
5,142 HK,2001,7,0.03339413605505864
6,142 HK,2001,8,0.0378381865880925
7,142 HK,2001,9,0.04848957036006508
8,142 HK,2001,10,0.2812227926871195
9,142 HK,2001,11,0.03819120019420922
10,142 HK,2001,12,0.14572023016541996
11,142 HK,2002,1,0.1361595314663361
12,142 HK,2002,2,0.058542763116928215
13,142 HK,2002,3,0.06577265762403237
14,142 HK,2002,4,0.07887022140101983
15,142 HK,2002,5,0.03376423155660277
16,142 HK,2002,6,0.03959135422718354
17,142 HK,2002,7,0.058551571722700854
18,142 HK,2002,8,0.02941847368716914
19,142 HK,2002,9,0.03126336457022139
20,142 HK,2002,10,0.19974042120010999
21,142 HK,2002,11,0.024531202782850415
22,142 HK,2002,12,0.17322203622897847
23,142 HK,2003,1,0.2129757481850831
24,142 HK,2003,2,0.08320114661624207
25,142 HK,2003,3,0.03232107917572254
26,142 HK,2003,4,0.10139593838920613
27,142 HK,2003,5,0.1401040703813725
28,142 HK,2003,6,0.02565909819433127
29,142 HK,2003,7,0.04304319445227727
30,142 HK,2003,8,0.021161609021440406
31,142 HK,2003,9,0.027981902168121582
32,142 HK,2003,10,0.036739507693474775
33,142 HK,2003,11,0.018273414245622357
34,142 HK,2003,12,0.04946023450969906
35,142 HK,2004,1,0.11657023578152455
36,142 HK,2004,2,0.022417099937492076
37,142 HK,2004,3,0.025370418715237
38,142 HK,2004,4,0.13570893819670296
39,142 HK,2004,5,0.05562472702673112
40,142 HK,2004,6,0.02879365389689919
41,142 HK,2004,7,0.04586697729669405
42,142 HK,2004,8,0.035493229193267646
43,142 HK,2004,9,0.07971043851642456
44,142 HK,2004,10,0.10071680132071377
45,142 HK,2004,11,0.020016773942693727
46,142 HK,2004,12,0.0371211078113203
47,142 HK,2005,1,0.025396716469519916
48,142 HK,2005,2,0.07872794467817706
49,142 HK,2005,3,0.06687396607241602
50,142 HK,2005,4,0.06660255910916599
51,142 HK,2005,5,0.07409891106510075
52,142 HK,2005,6,0.018852200341226873
53,142 HK,2005,7,0.06639608281349497
54,142 HK,2005,8,0.023806693899573454
55,142 HK,2005,9,0.03299962499253983
56,142 HK,2005,10,0.03360746015389014
57,142 HK,2005,11,0.02106193779904854
58,142 HK,2005,12,0.04220675867920226
59,142 HK,2006,1,0.05450201754072743
60,142 HK,2006,2,0.038462570798730424
61,142 HK,2006,3,0.016523218608610182
62,142 HK,2006,4,0.04442981897068516
63,142 HK,2006,5,0.09352124721004328
64,142 HK,2006,6,0.03240492248755004
65,142 HK,2006,7,0.022961321873344223
66,142 HK,2006,8,0.022214701252902543
67,142 HK,2006,9,0.012186962509435363
68,142 HK,2006,10,0.05831285286171635
69,142 HK,2006,11,0.016878243572967265
70,142 HK,2006,12,0.0411718859176785
71,142 HK,2007,1,0.05124820307233198
72,142 HK,2007,2,0.1014430048595796
73,142 HK,2007,3,0.028598724909690534
74,142 HK,2007,4,0.08870365441846115
75,142 HK,2007,5,0.13155560279589965
76,142 HK,2007,6,0.1291746151913373
77,142 HK,2007,7,0.10853167542421144
78,142 HK,2007,8,0.04890230924868994
79,142 HK,2007,9,0.10012849302715193
80,142 HK,2007,10,0.14001803788958747
81,142 HK,2007,11,0.025101220518471617
82,142 HK,2007,12,0.09574719624124378
83,142 HK,2008,1,0.09517135010201073
84,142 HK,2008,2,0.07596014743153628
85,142 HK,2008,3,0.03307476547636705
86,142 HK,2008,4,0.05450481885094294
87,142 HK,2008,5,0.08160755359381859
88,142 HK,2008,6,0.03943011388015098
89,142 HK,2008,7,0.024188909889605436
90,142 HK,2008,8,0.04603991882887422
91,142 HK,2008,9,0.05426199672365417
92,142 HK,2008,10,0.1438640496341849
93,142 HK,2008,11,0.04869844724173701
94,142 HK,2008,12,0.252771442755461
95,142 HK,2009,1,0.3610940325952443
96,142 HK,2009,2,0.025197113782790912
97,142 HK,2009,3,0.03127527348630669
98,142 HK,2009,4,0.21658058247549933
99,142 HK,2009,5,0.2279410873658985
100,142 HK,2009,6,0.03736144238116887
101,142 HK,2009,7,0.09954177168279012
102,142 HK,2009,8,0.028951642346074693
103,142 HK,2009,9,0.026954701241091176
104,142 HK,2009,10,0.09861997043651263
105,142 HK,2009,11,0.03408288025529381
106,142 HK,2009,12,0.10961065554165429
107,142 HK,2010,1,0.08911605311892953
108,142 HK,2010,2,0.11764797442016411
109,142 HK,2010,3,0.01852060956609969
110,142 HK,2010,4,0.07426795222791277
111,142 HK,2010,5,0.0784694606100685
112,142 HK,2010,6,0.07123126327087284
113,142 HK,2010,7,0.07414230324637713
114,142 HK,2010,8,0.007628315811187681
115,142 HK,2010,9,0.024390034379100672
116,142 HK,2010,10,0.023374560059001827
117,142 HK,2010,11,0.022221976134312697
118,142 HK,2010,12,0.019268583560007248
119,142 HK,2011,1,0.010624079106818651
120,142 HK,2011,2,0.016020620323815155
121,142 HK,2011,3,0.022488001007808605
122,142 HK,2011,4,0.025767753458428008
123,142 HK,2011,5,0.015617854609954913
124,142 HK,2011,6,0.02645814183373344
125,142 HK,2011,7,0.023033708140840756
126,142 HK,2011,8,0.029067801771190237
127,142 HK,2011,9,0.048474367379153095
128,142 HK,2011,10,0.0341785862670873
129,142 HK,2011,11,0.02579683142374429
130,142 HK,2011,12,0.0294773690038403
131,142 HK,2012,1,0.057599401263577266
132,142 HK,2012,2,0.023821421681183827
133,142 HK,2012,3,0.019358726983109826
134,142 HK,2012,4,0.06144651935550804
135,142 HK,2012,5,0.029396553471483844
136,142 HK,2012,6,0.018319027500466954
137,142 HK,2012,7,0.022835913107616738
138,142 HK,2012,8,0.017308410421038332
139,142 HK,2012,9,0.012426611554649613
140,142 HK,2012,10,0.03157054336821426
141,142 HK,2012,11,0.010760634864233194
142,142 HK,2012,12,0.017305328421217958
143,142 HK,2013,1,0.023323510459751427
144,142 HK,2013,2,0.06490000819936206
145,142 HK,2013,3,0.05568397189062116
146,142 HK,2013,4,0.11126510307295903
147,142 HK,2013,5,0.15488348634268595
148,142 HK,2013,6,0.05838865717639856
149,142 HK,2013,7,0.019536952147077936
150,142 HK,2013,8,0.06445076338019927
151,142 HK,2013,9,0.045124723409308266
152,142 HK,2013,10,0.030652531093754043
153,142 HK,2013,11,0.011239771891131008
154,142 HK,2013,12,0.03092176552433283
155,142 HK,2014,1,0.0328418533548853
156,142 HK,2014,2,0.012979254823451167
157,142 HK,2014,3,0.015083446129677573
158,142 HK,2014,4,0.026415350781901145
159,142 HK,2014,5,0.0468441149287079
160,142 HK,2014,6,0.04069797203606287
161,142 HK,2014,7,0.039876396129803836
162,142 HK,2014,8,0.019813942942768902
163,142 HK,2014,9,0.055865947130389476
164,142 HK,2014,10,0.02836658989544449
165,142 HK,2014,11,0.00952059516078072
166,142 HK,2014,12,0.017734703295473768
167,142 HK,2015,1,0.01045283324702367
168,142 HK,2015,2,0.023812317472389884
169,142 HK,2015,3,0.008790520151232845
170,142 HK,2015,4,0.02245245251828014
171,142 HK,2015,5,0.015512590976442829
172,142 HK,2015,6,0.0116115367258096
173,142 HK,2015,7,0.0315436619495289
174,142 HK,2015,8,0.01837867548836342
175,142 HK,2015,9,0.17235231404538812
176,142 HK,2015,10,0.1479643592623139
177,142 HK,2015,11,0.011089503246545207
178,142 HK,2015,12,0.08350828348436524
179,142 HK,2016,1,0.08611629235956834
180,142 HK,2016,2,0.06410069230288318
181,142 HK,2016,3,0.050476981182845805
0,16 HK,2001,2,0.020583742761974454
1,16 HK,2001,3,0.0298874484593985
2,16 HK,2001,4,0.02727981891675965
3,16 HK,2001,5,0.02068144907419029
4,16 HK,2001,6,0.01346128096125821
5,16 HK,2001,7,0.015575167157096812
6,16 HK,2001,8,0.019699510801416287
7,16 HK,2001,9,0.043947595417823136
8,16 HK,2001,10,0.026972018915861203
9,16 HK,2001,11,0.024340337454713708
10,16 HK,2001,12,0.024530852780224235
11,16 HK,2002,1,0.019708465455725514
12,16 HK,2002,2,0.019239950292632126
13,16 HK,2002,3,0.021414446462198134
14,16 HK,2002,4,0.015101993338018363
15,16 HK,2002,5,0.012945434829401676
16,16 HK,2002,6,0.018432555583271497
17,16 HK,2002,7,0.023826325159223474
18,16 HK,2002,8,0.018345249637342437
19,16 HK,2002,9,0.02575654043020129
20,16 HK,2002,10,0.01776607099778561
21,16 HK,2002,11,0.020354836797666795
22,16 HK,2002,12,0.012767789109159945
23,16 HK,2003,1,0.012003940641806115
24,16 HK,2003,2,0.011864290065282581
25,16 HK,2003,3,0.020027573982596643
26,16 HK,2003,4,0.02563512848030615
27,16 HK,2003,5,0.016437634132824053
28,16 HK,2003,6,0.015009668591452145
29,16 HK,2003,7,0.020830182058518762
30,16 HK,2003,8,0.024576904560461396
31,16 HK,2003,9,0.029413607873207757
32,16 HK,2003,10,0.02430932680261968
33,16 HK,2003,11,0.020237223238767442
34,16 HK,2003,12,0.015474285930399373
35,16 HK,2004,1,0.023306306671354575
36,16 HK,2004,2,0.019228589553542168
37,16 HK,2004,3,0.015243666584345091
38,16 HK,2004,4,0.018128289259056938
39,16 HK,2004,5,0.027154865985942515
40,16 HK,2004,6,0.018598715994733075
41,16 HK,2004,7,0.010517790483630834
42,16 HK,2004,8,0.011674998831395686
43,16 HK,2004,9,0.012232955051312564
44,16 HK,2004,10,0.012896035235575282
45,16 HK,2004,11,0.010140845568214029
46,16 HK,2004,12,0.009626555149982745
47,16 HK,2005,1,0.014216912013119466
48,16 HK,2005,2,0.006542823812592203
49,16 HK,2005,3,0.00797509930550828
50,16 HK,2005,4,0.008185819041506387
51,16 HK,2005,5,0.007110584557760181
52,16 HK,2005,6,0.006696445184366723
53,16 HK,2005,7,0.011045105390517486
54,16 HK,2005,8,0.008613054735267632
55,16 HK,2005,9,0.010555635715398554
56,16 HK,2005,10,0.009459387505520271
57,16 HK,2005,11,0.011566545863433194
58,16 HK,2005,12,0.004918979749638875
59,16 HK,2006,1,0.012932725826850821
60,16 HK,2006,2,0.008447803946410875
61,16 HK,2006,3,0.00871500144315091
62,16 HK,2006,4,0.017154952033504076
63,16 HK,2006,5,0.014853448283770169
64,16 HK,2006,6,0.013105014241336277
65,16 HK,2006,7,0.01062297740317827
66,16 HK,2006,8,0.009305260862442733
67,16 HK,2006,9,0.005576084399374285
68,16 HK,2006,10,0.00832139864680083
69,16 HK,2006,11,0.016989518479839927
70,16 HK,2006,12,0.012031496238351112
71,16 HK,2007,1,0.02028800522594932
72,16 HK,2007,2,0.015056038716016072
73,16 HK,2007,3,0.012348381416104566
74,16 HK,2007,4,0.00780311291406915
75,16 HK,2007,5,0.011063345874494855
76,16 HK,2007,6,0.008614418212750283
77,16 HK,2007,7,0.017548850772272827
78,16 HK,2007,8,0.028228471239548733
79,16 HK,2007,9,0.028060329324044977
80,16 HK,2007,10,0.044700748833937105
81,16 HK,2007,11,0.0343979767552801
82,16 HK,2007,12,0.03041713933144176
83,16 HK,2008,1,0.03583733316626776
84,16 HK,2008,2,0.022201833014783248
85,16 HK,2008,3,0.034534811966793456
86,16 HK,2008,4,0.017604102054791133
87,16 HK,2008,5,0.015416244951769438
88,16 HK,2008,6,0.01837318752527796
89,16 HK,2008,7,0.02378229847381723
90,16 HK,2008,8,0.020055545330117473
91,16 HK,2008,9,0.03215541035996852
92,16 HK,2008,10,0.0664576836652555
93,16 HK,2008,11,0.04863590623928906
94,16 HK,2008,12,0.04224250887374153
95,16 HK,2009,1,0.028202275248384756
96,16 HK,2009,2,0.026032540647248612
97,16 HK,2009,3,0.03453486574942953
98,16 HK,2009,4,0.03485282049823543
99,16 HK,2009,5,0.02585646578013543
100,16 HK,2009,6,0.028252754395840466
101,16 HK,2009,7,0.025436901077741225
102,16 HK,2009,8,0.024647420724974535
103,16 HK,2009,9,0.02094627596425038
104,16 HK,2009,10,0.02865658513821498
105,16 HK,2009,11,0.019355532107347532
106,16 HK,2009,12,0.013050558863037765
107,16 HK,2010,1,0.014875886901227807
108,16 HK,2010,2,0.016727035264754463
109,16 HK,2010,3,0.01490592491351273
110,16 HK,2010,4,0.013548964003694333
111,16 HK,2010,5,0.016838948007861242
112,16 HK,2010,6,0.016929039029919653
113,16 HK,2010,7,0.010552157789340641
114,16 HK,2010,8,0.013619596406691959
115,16 HK,2010,9,0.012472062459508817
116,16 HK,2010,10,0.013821547478877035
117,16 HK,2010,11,0.022766989953030323
118,16 HK,2010,12,0.011282807554203645
119,16 HK,2011,1,0.01215004417268285
120,16 HK,2011,2,0.01617791451186953
121,16 HK,2011,3,0.014656853407488827
122,16 HK,2011,4,0.009691339440441862
123,16 HK,2011,5,0.009536752306294393
124,16 HK,2011,6,0.012085073572557692
125,16 HK,2011,7,0.009229469074514808
126,16 HK,2011,8,0.018392343049872056
127,16 HK,2011,9,0.018719725684463746
128,16 HK,2011,10,0.027566792472133617
129,16 HK,2011,11,0.023435432807375048
130,16 HK,2011,12,0.014281546078459198
131,16 HK,2012,1,0.011989607232826912
132,16 HK,2012,2,0.016327288282064294
133,16 HK,2012,3,0.03209234732082837
134,16 HK,2012,4,0.010118462701575353
135,16 HK,2012,5,0.011101941021531342
136,16 HK,2012,6,0.009760795717994996
137,16 HK,2012,7,0.012900154847737814
138,16 HK,2012,8,0.014500365825764645
139,16 HK,2012,9,0.013942484275212124
140,16 HK,2012,10,0.014072618343450284
141,16 HK,2012,11,0.01066293205581736
142,16 HK,2012,12,0.005985116777325369
143,16 HK,2013,1,0.010340486927501726
144,16 HK,2013,2,0.010915104947672798
145,16 HK,2013,3,0.012825218757409001
146,16 HK,2013,4,0.010222999394321855
147,16 HK,2013,5,0.012351711942649153
148,16 HK,2013,6,0.014544671949648882
149,16 HK,2013,7,0.009635889795563037
150,16 HK,2013,8,0.009002856664464981
151,16 HK,2013,9,0.014156286131075327
152,16 HK,2013,10,0.009983083011681753
153,16 HK,2013,11,0.0062967100330900425
154,16 HK,2013,12,0.005705535180129552
155,16 HK,2014,1,0.008241240809411837
156,16 HK,2014,2,0.010363677754326785
157,16 HK,2014,3,0.009691666929978556
158,16 HK,2014,4,0.011647043550673638
159,16 HK,2014,5,0.010314084590930571
160,16 HK,2014,6,0.009009457079722083
161,16 HK,2014,7,0.012526356158000688
162,16 HK,2014,8,0.008766661045050082
163,16 HK,2014,9,0.009600835045579301
164,16 HK,2014,10,0.011367009375871222
165,16 HK,2014,11,0.007310451768450436
166,16 HK,2014,12,0.009572749171658955
167,16 HK,2015,1,0.01272895857830336
168,16 HK,2015,2,0.007519799252144175
169,16 HK,2015,3,0.010058790971191302
170,16 HK,2015,4,0.01096893901656612
171,16 HK,2015,5,0.013065623358410808
172,16 HK,2015,6,0.010617250117080227
173,16 HK,2015,7,0.01761208898631193
174,16 HK,2015,8,0.015624844896201678
175,16 HK,2015,9,0.02205892431506951
176,16 HK,2015,10,0.01225081383878326
177,16 HK,2015,11,0.016255692708369882
178,16 HK,2015,12,0.008027224572900806
179,16 HK,2016,1,0.016855381170688674
180,16 HK,2016,2,0.016076176102574762
181,16 HK,2016,3,0.013932220298181537
0,17 HK,2001,2,0.02567404830214576
1,17 HK,2001,3,0.045125849123681144
2,17 HK,2001,4,0.08409268497408595
3,17 HK,2001,5,0.017826644015796745
4,17 HK,2001,6,0.029423657757995016
5,17 HK,2001,7,0.02929929499700093
6,17 HK,2001,8,0.01899168115452409
7,17 HK,2001,9,0.048682283377102946
8,17 HK,2001,10,0.16983323629399108
9,17 HK,2001,11,0.03486162390301661
10,17 HK,2001,12,0.031945460110381664
11,17 HK,2002,1,0.021509664082533648
12,17 HK,2002,2,0.047900263800618154
13,17 HK,2002,3,0.032334382434626045
14,17 HK,2002,4,0.042958943775186186
15,17 HK,2002,5,0.11144780960142336
16,17 HK,2002,6,0.0154769794907666
17,17 HK,2002,7,0.07866670033130085
18,17 HK,2002,8,0.023417127819107576
19,17 HK,2002,9,0.027310621518135073
20,17 HK,2002,10,0.03809484868141429
21,17 HK,2002,11,0.019297855607092
22,17 HK,2002,12,0.011825959293275382
23,17 HK,2003,1,0.033235462605412124
24,17 HK,2003,2,0.027848121549628697
25,17 HK,2003,3,0.02743916350871593
26,17 HK,2003,4,0.1948029105887406
27,17 HK,2003,5,0.2694231923423428
28,17 HK,2003,6,0.13929408779427546
29,17 HK,2003,7,0.13999363939001158
30,17 HK,2003,8,0.050682443399002346
31,17 HK,2003,9,0.075152319318363
32,17 HK,2003,10,0.07197035632515902
33,17 HK,2003,11,0.024600232857213206
34,17 HK,2003,12,0.03514589141982678
35,17 HK,2004,1,0.14884852631359263
36,17 HK,2004,2,0.035329158618681446
37,17 HK,2004,3,0.02649183615788214
38,17 HK,2004,4,0.11689642338463792
39,17 HK,2004,5,0.053993631368226686
40,17 HK,2004,6,0.06980497525407692
41,17 HK,2004,7,0.04802598977089979
42,17 HK,2004,8,0.02567841653591353
43,17 HK,2004,9,0.020419528694685884
44,17 HK,2004,10,0.037033996472500816
45,17 HK,2004,11,0.02268077721462699
46,17 HK,2004,12,0.03122297712976638
47,17 HK,2005,1,0.021652401761483846
48,17 HK,2005,2,0.022452942660174616
49,17 HK,2005,3,0.030917524865332308
50,17 HK,2005,4,0.03325811090762352
51,17 HK,2005,5,0.03193065444535374
52,17 HK,2005,6,0.013269919057090315
53,17 HK,2005,7,0.025709556365258433
54,17 HK,2005,8,0.01612827372249854
55,17 HK,2005,9,0.01402684404519967
56,17 HK,2005,10,0.01975667002697666
57,17 HK,2005,11,0.01746469566703116
58,17 HK,2005,12,0.04500687880139979
59,17 HK,2006,1,0.0183781663997666
60,17 HK,2006,2,0.021415463442964983
61,17 HK,2006,3,0.016758612576459685
62,17 HK,2006,4,0.07240740561024099
63,17 HK,2006,5,0.07424471196645915
64,17 HK,2006,6,0.029500792099878697
65,17 HK,2006,7,0.018728083947442742
66,17 HK,2006,8,0.014867109746038826
67,17 HK,2006,9,0.007976230040551677
68,17 HK,2006,10,0.03816636069122414
69,17 HK,2006,11,0.01771992754238159
70,17 HK,2006,12,0.014065396962518451
71,17 HK,2007,1,0.026959817554730644
72,17 HK,2007,2,0.03528745626458919
73,17 HK,2007,3,0.03191049113521
74,17 HK,2007,4,0.020464613208924766
75,17 HK,2007,5,0.02883523762478659
76,17 HK,2007,6,0.01402253876889225
77,17 HK,2007,7,0.017020925117522616
78,17 HK,2007,8,0.02286607602131047
79,17 HK,2007,9,0.03254043513885329
80,17 HK,2007,10,0.0411945058184183
81,17 HK,2007,11,0.03827685064930242
82,17 HK,2007,12,0.046783600537130564
83,17 HK,2008,1,0.05680158259020236
84,17 HK,2008,2,0.06061420297215598
85,17 HK,2008,3,0.08186612847463358
86,17 HK,2008,4,0.03139050047117553
87,17 HK,2008,5,0.04184827718595372
88,17 HK,2008,6,0.03571356758813734
89,17 HK,2008,7,0.032640920984702435
90,17 HK,2008,8,0.03972841642862457
91,17 HK,2008,9,0.04248683580255192
92,17 HK,2008,10,0.07630012178850103
93,17 HK,2008,11,0.05179559560164455
94,17 HK,2008,12,0.06941282157084529
95,17 HK,2009,1,0.07629050909908394
96,17 HK,2009,2,0.027920765375779453
97,17 HK,2009,3,0.03983740640680149
98,17 HK,2009,4,0.04840942109505243
99,17 HK,2009,5,0.06110158666313243
100,17 HK,2009,6,0.03971111932798172
101,17 HK,2009,7,0.03202109005679846
102,17 HK,2009,8,0.029837237612918222
103,17 HK,2009,9,0.02352447222507659
104,17 HK,2009,10,0.030361048767888164
105,17 HK,2009,11,0.01854804827843615
106,17 HK,2009,12,0.01598588537176339
107,17 HK,2010,1,0.012765467708666671
108,17 HK,2010,2,0.027041586845690014
109,17 HK,2010,3,0.01578897160024461
110,17 HK,2010,4,0.03592995064120427
111,17 HK,2010,5,0.03557609513937638
112,17 HK,2010,6,0.028612220083417385
113,17 HK,2010,7,0.023558631612229295
114,17 HK,2010,8,0.0191950216282835
115,17 HK,2010,9,0.01814800929476689
116,17 HK,2010,10,0.03217988209259254
117,17 HK,2010,11,0.024451432317406385
118,17 HK,2010,12,0.02525771294213133
119,17 HK,2011,1,0.0156823006443016
120,17 HK,2011,2,0.017324400523730257
121,17 HK,2011,3,0.012943658567419778
122,17 HK,2011,4,0.010479827861456351
123,17 HK,2011,5,0.01757989222803013
124,17 HK,2011,6,0.022923364292183
125,17 HK,2011,7,0.021492302173256577
126,17 HK,2011,8,0.025504243444181656
127,17 HK,2011,9,0.06020141328716857
128,17 HK,2011,10,0.08349439363166593
129,17 HK,2011,11,0.02750158072644856
130,17 HK,2011,12,0.05469508415626345
131,17 HK,2012,1,0.0597001442782568
132,17 HK,2012,2,0.018190053720131095
133,17 HK,2012,3,0.026175592353213813
134,17 HK,2012,4,0.030321894185324716
135,17 HK,2012,5,0.03197834064565423
136,17 HK,2012,6,0.021434834943041544
137,17 HK,2012,7,0.0408277355777621
138,17 HK,2012,8,0.014912621497435437
139,17 HK,2012,9,0.01874741098750696
140,17 HK,2012,10,0.03672801948229368
141,17 HK,2012,11,0.016597050977810404
142,17 HK,2012,12,0.009514164810770713
143,17 HK,2013,1,0.017218313919444096
144,17 HK,2013,2,0.03835324062899869
145,17 HK,2013,3,0.016903192607704103
146,17 HK,2013,4,0.02152368382907511
147,17 HK,2013,5,0.03888697718096224
148,17 HK,2013,6,0.04371871519665792
149,17 HK,2013,7,0.041353137191231966
150,17 HK,2013,8,0.016516248538479338
151,17 HK,2013,9,0.027595100634874047
152,17 HK,2013,10,0.013977699213116396
153,17 HK,2013,11,0.010441477211747147
154,17 HK,2013,12,0.02209673709758124
155,17 HK,2014,1,0.024529326114171288
156,17 HK,2014,2,0.017895258947370794
157,17 HK,2014,3,0.03937814451338284
158,17 HK,2014,4,0.03405262312867983
159,17 HK,2014,5,0.04801502025375985
160,17 HK,2014,6,0.011632237721581978
161,17 HK,2014,7,0.011448546493966899
162,17 HK,2014,8,0.007271277326554685
163,17 HK,2014,9,0.04852712682329775
164,17 HK,2014,10,0.011666492997047617
165,17 HK,2014,11,0.010347345216617666
166,17 HK,2014,12,0.012704754833042805
167,17 HK,2015,1,0.01199866168580823
168,17 HK,2015,2,0.006823403329108213
169,17 HK,2015,3,0.006787237848453764
170,17 HK,2015,4,0.012240190337952322
171,17 HK,2015,5,0.05519570165468541
172,17 HK,2015,6,0.013088369175951194
173,17 HK,2015,7,0.03334553493462515
174,17 HK,2015,8,0.016579547502137137
175,17 HK,2015,9,0.0742468506239398
176,17 HK,2015,10,0.05221579046064438
177,17 HK,2015,11,0.013960715077849007
178,17 HK,2015,12,0.009888535552379535
179,17 HK,2016,1,0.020589941660827796
180,17 HK,2016,2,0.03794355783774306
181,17 HK,2016,3,0.08740753654695033
0,179 HK,2001,2,0.02430291018540384
1,179 HK,2001,3,0.03719831312569997
2,179 HK,2001,4,0.04806901136206478
3,179 HK,2001,5,0.024882118217312132
4,179 HK,2001,6,0.030724786818286772
5,179 HK,2001,7,0.034863134519267695
6,179 HK,2001,8,0.028075307916192737
7,179 HK,2001,9,0.05763997907906479
8,179 HK,2001,10,0.04853202529731229
9,179 HK,2001,11,0.038021294620685105
10,179 HK,2001,12,0.028537080460808027
11,179 HK,2002,1,0.03117739116732938
12,179 HK,2002,2,0.02404027223786376
13,179 HK,2002,3,0.03379018075513141
14,179 HK,2002,4,0.023719519460061914
15,179 HK,2002,5,0.01630109895080227
16,179 HK,2002,6,0.036550949160951224
17,179 HK,2002,7,0.03180348926687052
18,179 HK,2002,8,0.026317352720757872
19,179 HK,2002,9,0.019606397493983782
20,179 HK,2002,10,0.043576581060382945
21,179 HK,2002,11,0.02903698482316521
22,179 HK,2002,12,0.029730134728441257
23,179 HK,2003,1,0.030913895769082194
24,179 HK,2003,2,0.02261993925388348
25,179 HK,2003,3,0.02356012198160116
26,179 HK,2003,4,0.030181624963136693
27,179 HK,2003,5,0.014730233844420725
28,179 HK,2003,6,0.021293869382135337
29,179 HK,2003,7,0.02041878654427405
30,179 HK,2003,8,0.020704774640974134
31,179 HK,2003,9,0.027385154234588992
32,179 HK,2003,10,0.02040872738010208
33,179 HK,2003,11,0.011976642742585072
34,179 HK,2003,12,0.01460982419944353
35,179 HK,2004,1,0.020364687715083023
36,179 HK,2004,2,0.0113251717217779
37,179 HK,2004,3,0.015159338146594866
38,179 HK,2004,4,0.04773528904322632
39,179 HK,2004,5,0.029863838444355972
40,179 HK,2004,6,0.018751117488728413
41,179 HK,2004,7,0.01982144499329686
42,179 HK,2004,8,0.01849329450157246
43,179 HK,2004,9,0.02376511990291573
44,179 HK,2004,10,0.022760784980111148
45,179 HK,2004,11,0.012927161713172696
46,179 HK,2004,12,0.013088203847539311
47,179 HK,2005,1,0.015730054364367606
48,179 HK,2005,2,0.014184148822838898
49,179 HK,2005,3,0.01576423362012906
50,179 HK,2005,4,0.015445988297114601
51,179 HK,2005,5,0.016559170590087775
52,179 HK,2005,6,0.01339549253387127
53,179 HK,2005,7,0.0113157812283571
54,179 HK,2005,8,0.009349482866505877
55,179 HK,2005,9,0.014479784630275145
56,179 HK,2005,10,0.01336701812301306
57,179 HK,2005,11,0.017769381839822202
58,179 HK,2005,12,0.017028222741436883
59,179 HK,2006,1,0.013642476159715776
60,179 HK,2006,2,0.012270805534083684
61,179 HK,2006,3,0.009808170163914076
62,179 HK,2006,4,0.026053066298901185
63,179 HK,2006,5,0.0173142423381513
64,179 HK,2006,6,0.0271449001800965
65,179 HK,2006,7,0.013120154702823707
66,179 HK,2006,8,0.01623364471173497
67,179 HK,2006,9,0.023026511848886363
68,179 HK,2006,10,0.01719874617725339
69,179 HK,2006,11,0.01634682299148798
70,179 HK,2006,12,0.022185199111681982
71,179 HK,2007,1,0.03132230928280384
72,179 HK,2007,2,0.031269037360421845
73,179 HK,2007,3,0.01088696863104666
74,179 HK,2007,4,0.01450969584376617
75,179 HK,2007,5,0.024667066056635354
76,179 HK,2007,6,0.024810691032098046
77,179 HK,2007,7,0.013977687134967953
78,179 HK,2007,8,0.019073527729769925
79,179 HK,2007,9,0.01247625076531247
80,179 HK,2007,10,0.026160991634570703
81,179 HK,2007,11,0.022932122845137563
82,179 HK,2007,12,0.03611931839772168
83,179 HK,2008,1,0.03154662032646949
84,179 HK,2008,2,0.015679146644866464
85,179 HK,2008,3,0.01943743562821495
86,179 HK,2008,4,0.012987447100330417
87,179 HK,2008,5,0.017569757966196777
88,179 HK,2008,6,0.019470576642491112
89,179 HK,2008,7,0.02637346942568156
90,179 HK,2008,8,0.04054248134876318
91,179 HK,2008,9,0.05714518665483322
92,179 HK,2008,10,0.11686174936582419
93,179 HK,2008,11,0.053493589688133586
94,179 HK,2008,12,0.03038738562379524
95,179 HK,2009,1,0.11737202736361808
96,179 HK,2009,2,0.0301678663904501
97,179 HK,2009,3,0.06642704438284411
98,179 HK,2009,4,0.04088191550348704
99,179 HK,2009,5,0.053630158275753556
100,179 HK,2009,6,0.03896184660386744
101,179 HK,2009,7,0.03456837050171953
102,179 HK,2009,8,0.05517286342657171
103,179 HK,2009,9,0.041739839990598
104,179 HK,2009,10,0.03214438048174184
105,179 HK,2009,11,0.018791001544742038
106,179 HK,2009,12,0.029442907905502944
107,179 HK,2010,1,0.033361022211311174
108,179 HK,2010,2,0.02586595775008018
109,179 HK,2010,3,0.030257829497371054
110,179 HK,2010,4,0.034598719614763504
111,179 HK,2010,5,0.06128045072331766
112,179 HK,2010,6,0.031756788626446375
113,179 HK,2010,7,0.021411547581751875
114,179 HK,2010,8,0.0183081807805352
115,179 HK,2010,9,0.02572242226424719
116,179 HK,2010,10,0.027330788117384448
117,179 HK,2010,11,0.04476242282510543
118,179 HK,2010,12,0.027349779404978607
119,179 HK,2011,1,0.019411798293448992
120,179 HK,2011,2,0.029806030239060637
121,179 HK,2011,3,0.02612077876317899
122,179 HK,2011,4,0.023319145598852245
123,179 HK,2011,5,0.020396311450988077
124,179 HK,2011,6,0.02753373312171265
125,179 HK,2011,7,0.021169246793521505
126,179 HK,2011,8,0.029610084441340303
127,179 HK,2011,9,0.029214199115745694
128,179 HK,2011,10,0.04438675820838532
129,179 HK,2011,11,0.013869588400083448
130,179 HK,2011,12,0.01899227567766962
131,179 HK,2012,1,0.022292235550528134
132,179 HK,2012,2,0.0165850673176754
133,179 HK,2012,3,0.012626457419304632
134,179 HK,2012,4,0.011606485983566936
135,179 HK,2012,5,0.01917120113426914
136,179 HK,2012,6,0.008046130711032209
137,179 HK,2012,7,0.013789707615330741
138,179 HK,2012,8,0.006665032272208591
139,179 HK,2012,9,0.012901465663389126
140,179 HK,2012,10,0.02140933105935664
141,179 HK,2012,11,0.012268016698941099
142,179 HK,2012,12,0.014155553917882941
143,179 HK,2013,1,0.018851061751913693
144,179 HK,2013,2,0.019602842921377883
145,179 HK,2013,3,0.02061026766906032
146,179 HK,2013,4,0.01299179670757904
147,179 HK,2013,5,0.01189977070266046
148,179 HK,2013,6,0.010321465473150208
149,179 HK,2013,7,0.01359872561113992
150,179 HK,2013,8,0.010722125166699075
151,179 HK,2013,9,0.014108806998576192
152,179 HK,2013,10,0.015211401770343152
153,179 HK,2013,11,0.023184609847451777
154,179 HK,2013,12,0.018772064717514577
155,179 HK,2014,1,0.02317893123601911
156,179 HK,2014,2,0.014024840420602223
157,179 HK,2014,3,0.022577612091485642
158,179 HK,2014,4,0.015490265152599044
159,179 HK,2014,5,0.04322351269852103
160,179 HK,2014,6,0.011641370359166882
161,179 HK,2014,7,0.010200338687622768
162,179 HK,2014,8,0.007056899159849718
163,179 HK,2014,9,0.007500177106972128
164,179 HK,2014,10,0.016200015197445607
165,179 HK,2014,11,0.009664522457170753
166,179 HK,2014,12,0.010435536546626083
167,179 HK,2015,1,0.011370897477792125
168,179 HK,2015,2,0.011634164132352095
169,179 HK,2015,3,0.01565676898438312
170,179 HK,2015,4,0.020555563918041597
171,179 HK,2015,5,0.020450543368511744
172,179 HK,2015,6,0.01844408836423903
173,179 HK,2015,7,0.030103638647220054
174,179 HK,2015,8,0.0181419791340882
175,179 HK,2015,9,0.01577594668857088
176,179 HK,2015,10,0.02196605511855226
177,179 HK,2015,11,0.02454570625057391
178,179 HK,2015,12,0.02118537711392239
179,179 HK,2016,1,0.02736407882321435
180,179 HK,2016,2,0.01163549281580911
181,179 HK,2016,3,0.016190455330476475
0,19 HK,2001,2,0.02018367116531814
1,19 HK,2001,3,0.0247634587189009
2,19 HK,2001,4,0.025101014841357787
3,19 HK,2001,5,0.02089012521040642
4,19 HK,2001,6,0.01883697959283886
5,19 HK,2001,7,0.01680599414521441
6,19 HK,2001,8,0.019977043774551312
7,19 HK,2001,9,0.043664102835792744
8,19 HK,2001,10,0.02895176277953743
9,19 HK,2001,11,0.022071316404915397
10,19 HK,2001,12,0.02445961243729832
11,19 HK,2002,1,0.019739868249676794
12,19 HK,2002,2,0.02342741306791262
13,19 HK,2002,3,0.024492380556528255
14,19 HK,2002,4,0.0136804985655273
15,19 HK,2002,5,0.023134338816842473
16,19 HK,2002,6,0.016438601991737387
17,19 HK,2002,7,0.01837622979224457
18,19 HK,2002,8,0.019621584385812102
19,19 HK,2002,9,0.020249777763132054
20,19 HK,2002,10,0.0225135924768481
21,19 HK,2002,11,0.01715925772494914
22,19 HK,2002,12,0.010556572619478424
23,19 HK,2003,1,0.013243170258544877
24,19 HK,2003,2,0.014869080891811137
25,19 HK,2003,3,0.025860104538038265
26,19 HK,2003,4,0.026559357330754922
27,19 HK,2003,5,0.02127423268220721
28,19 HK,2003,6,0.01717451243311372
29,19 HK,2003,7,0.017281869960843972
30,19 HK,2003,8,0.02148004660608042
31,19 HK,2003,9,0.027921857633325907
32,19 HK,2003,10,0.023928050475149853
33,19 HK,2003,11,0.015301958859716854
34,19 HK,2003,12,0.012433211571100843
35,19 HK,2004,1,0.019828755049954246
36,19 HK,2004,2,0.012908398011962955
37,19 HK,2004,3,0.012018990958719236
38,19 HK,2004,4,0.022858909482600064
39,19 HK,2004,5,0.024671939796923822
40,19 HK,2004,6,0.021839246623503332
41,19 HK,2004,7,0.014276247391258927
42,19 HK,2004,8,0.016147522375449475
43,19 HK,2004,9,0.013414415664915446
44,19 HK,2004,10,0.013384613630434737
45,19 HK,2004,11,0.016366887853988314
46,19 HK,2004,12,0.014740759879928218
47,19 HK,2005,1,0.013929075812996966
48,19 HK,2005,2,0.007816611058745163
49,19 HK,2005,3,0.012450260239638557
50,19 HK,2005,4,0.010190133094177392
51,19 HK,2005,5,0.007898491921570494
52,19 HK,2005,6,0.0072682756202681
53,19 HK,2005,7,0.013973405637927306
54,19 HK,2005,8,0.012878184982155792
55,19 HK,2005,9,0.008696675084091094
56,19 HK,2005,10,0.007385252221112898
57,19 HK,2005,11,0.009304501713571564
58,19 HK,2005,12,0.005818086814783224
59,19 HK,2006,1,0.00869871439179708
60,19 HK,2006,2,0.007873722142890597
61,19 HK,2006,3,0.005363005112354928
62,19 HK,2006,4,0.009705996362389335
63,19 HK,2006,5,0.009617409591914922
64,19 HK,2006,6,0.013673964224800907
65,19 HK,2006,7,0.007666095534506953
66,19 HK,2006,8,0.012922077424930845
67,19 HK,2006,9,0.010983246500877583
68,19 HK,2006,10,0.011156781861479444
69,19 HK,2006,11,0.009395538405293837
70,19 HK,2006,12,0.010885669535853976
71,19 HK,2007,1,0.020405684994851427
72,19 HK,2007,2,0.013322664593371194
73,19 HK,2007,3,0.017666134035872114
74,19 HK,2007,4,0.014612845525399884
75,19 HK,2007,5,0.008900074214654389
76,19 HK,2007,6,0.009887420620022085
77,19 HK,2007,7,0.013320214774937642
78,19 HK,2007,8,0.017557102233818175
79,19 HK,2007,9,0.01516781602610323
80,19 HK,2007,10,0.03404873087452828
81,19 HK,2007,11,0.032309731774863557
82,19 HK,2007,12,0.02950002432375202
83,19 HK,2008,1,0.040749006179983
84,19 HK,2008,2,0.0177687833120761
85,19 HK,2008,3,0.026862807072955963
86,19 HK,2008,4,0.010368815361071409
87,19 HK,2008,5,0.012015659992278155
88,19 HK,2008,6,0.01342422908445812
89,19 HK,2008,7,0.020000432478099257
90,19 HK,2008,8,0.018694643361225605
91,19 HK,2008,9,0.02282668130423828
92,19 HK,2008,10,0.06946806091787204
93,19 HK,2008,11,0.04544141739756926
94,19 HK,2008,12,0.033857494493528706
95,19 HK,2009,1,0.02922861910316289
96,19 HK,2009,2,0.025099531943242416
97,19 HK,2009,3,0.03445983180575169
98,19 HK,2009,4,0.0314847598034398
99,19 HK,2009,5,0.028395091765953628
100,19 HK,2009,6,0.02236136095076944
101,19 HK,2009,7,0.028869447766509692
102,19 HK,2009,8,0.019590340705952145
103,19 HK,2009,9,0.018047131947929927
104,19 HK,2009,10,0.015548918021493656
105,19 HK,2009,11,0.017461501131098518
106,19 HK,2009,12,0.013671217276097979
107,19 HK,2010,1,0.019846890685078993
108,19 HK,2010,2,0.020024214611721915
109,19 HK,2010,3,0.012646308679371247
110,19 HK,2010,4,0.01621744835117313
111,19 HK,2010,5,0.0224087764549017
112,19 HK,2010,6,0.014195596912252341
113,19 HK,2010,7,0.008800667202381164
114,19 HK,2010,8,0.009490750297323616
115,19 HK,2010,9,0.012511375046091327
116,19 HK,2010,10,0.01121757470757023
117,19 HK,2010,11,0.02003321586798361
118,19 HK,2010,12,0.02057605297743281
119,19 HK,2011,1,0.014392938049191435
120,19 HK,2011,2,0.01611603791435156
121,19 HK,2011,3,0.014041153432743526
122,19 HK,2011,4,0.00989330619284882
123,19 HK,2011,5,0.015583945735093939
124,19 HK,2011,6,0.01190238971488668
125,19 HK,2011,7,0.00820606895725737
126,19 HK,2011,8,0.019934789673263627
127,19 HK,2011,9,0.02358997468096308
128,19 HK,2011,10,0.02891421248700874
129,19 HK,2011,11,0.016326847200941016
130,19 HK,2011,12,0.011941698705628292
131,19 HK,2012,1,0.02155856885745492
132,19 HK,2012,2,0.014201473060238737
133,19 HK,2012,3,0.012663965295362884
134,19 HK,2012,4,0.015222007568615433
135,19 HK,2012,5,0.016094861747656793
136,19 HK,2012,6,0.011741560258863934
137,19 HK,2012,7,0.013130662006143302
138,19 HK,2012,8,0.012311909151045136
139,19 HK,2012,9,0.011326849212653303
140,19 HK,2012,10,0.01003904011954419
141,19 HK,2012,11,0.00707305777583452
142,19 HK,2012,12,0.005686229357259464
143,19 HK,2013,1,0.006763086540794779
144,19 HK,2013,2,0.008851351316671838
145,19 HK,2013,3,0.011913696822021657
146,19 HK,2013,4,0.011492613511674542
147,19 HK,2013,5,0.010850334162136712
148,19 HK,2013,6,0.016909735279432913
149,19 HK,2013,7,0.012411727143316684
150,19 HK,2013,8,0.01027859286156387
151,19 HK,2013,9,0.008367709095656286
152,19 HK,2013,10,0.005608906482248587
153,19 HK,2013,11,0.009359860178244892
154,19 HK,2013,12,0.007290771121885763
155,19 HK,2014,1,0.01125087919778387
156,19 HK,2014,2,0.012750427026190614
157,19 HK,2014,3,0.010418347973350284
158,19 HK,2014,4,0.014640885362514637
159,19 HK,2014,5,0.006187421317812982
160,19 HK,2014,6,0.008437733724537579
161,19 HK,2014,7,0.007617096044912826
162,19 HK,2014,8,0.008817198289606096
163,19 HK,2014,9,0.00911464589664476
164,19 HK,2014,10,0.0075381063958341
165,19 HK,2014,11,0.00916584088932702
166,19 HK,2014,12,0.007829226910531346
167,19 HK,2015,1,0.008175285427730414
168,19 HK,2015,2,0.005463887431953831
169,19 HK,2015,3,0.008499790120172546
170,19 HK,2015,4,0.011348646636679085
171,19 HK,2015,5,0.011293270052296961
172,19 HK,2015,6,0.008067445538658877
173,19 HK,2015,7,0.016004548129908817
174,19 HK,2015,8,0.019341051755860383
175,19 HK,2015,9,0.014832056824252851
176,19 HK,2015,10,0.013711029170049849
177,19 HK,2015,11,0.011506662075255877
178,19 HK,2015,12,0.009304343530939244
179,19 HK,2016,1,0.015253608609188268
180,19 HK,2016,2,0.016679102733173686
181,19 HK,2016,3,0.009552042276601856
0,2 HK,2001,2,0.00975833647476421
1,2 HK,2001,3,0.014039085680757742
2,2 HK,2001,4,0.019311294055222222
3,2 HK,2001,5,0.00950607311520108
4,2 HK,2001,6,0.011318767394928922
5,2 HK,2001,7,0.015266114231317246
6,2 HK,2001,8,0.010202656552470307
7,2 HK,2001,9,0.01847685251453952
8,2 HK,2001,10,0.011301712402227857
9,2 HK,2001,11,0.005446073856812164
10,2 HK,2001,12,0.009930721911602934
11,2 HK,2002,1,0.009066985068069537
12,2 HK,2002,2,0.007789767478655489
13,2 HK,2002,3,0.011535967476150231
14,2 HK,2002,4,0.01646829445515949
15,2 HK,2002,5,0.013835509364332635
16,2 HK,2002,6,0.008834415148029146
17,2 HK,2002,7,0.010363406691387543
18,2 HK,2002,8,0.008822392813608098
19,2 HK,2002,9,0.010672622331235709
20,2 HK,2002,10,0.010750978265540966
21,2 HK,2002,11,0.006703956221480946
22,2 HK,2002,12,0.006376965056904812
23,2 HK,2003,1,0.009715338076533997
24,2 HK,2003,2,0.006556696576605972
25,2 HK,2003,3,0.009663263776056478
26,2 HK,2003,4,0.008952137190248816
27,2 HK,2003,5,0.009532861157299965
28,2 HK,2003,6,0.0072146032230754045
29,2 HK,2003,7,0.012473322243918564
30,2 HK,2003,8,0.0053511549834126
31,2 HK,2003,9,0.0065006819064653285
32,2 HK,2003,10,0.0073247974646344464
33,2 HK,2003,11,0.009113852656492515
34,2 HK,2003,12,0.007836298097398078
35,2 HK,2004,1,0.009164316551764412
36,2 HK,2004,2,0.007311088720339472
37,2 HK,2004,3,0.008470867612293985
38,2 HK,2004,4,0.023774837829133734
39,2 HK,2004,5,0.01892371574392598
40,2 HK,2004,6,0.011265584765078666
41,2 HK,2004,7,0.009501453946409312
42,2 HK,2004,8,0.008729490762261006
43,2 HK,2004,9,0.006374489696372954
44,2 HK,2004,10,0.007257822064883704
45,2 HK,2004,11,0.0039673536577303735
46,2 HK,2004,12,0.0035958840718627203
47,2 HK,2005,1,0.004916425356285044
48,2 HK,2005,2,0.004174436007068228
49,2 HK,2005,3,0.003893325671196594
50,2 HK,2005,4,0.007935389103541047
51,2 HK,2005,5,0.005622601663633392
52,2 HK,2005,6,0.003498018229675599
53,2 HK,2005,7,0.005915270558996482
54,2 HK,2005,8,0.0030919753121910276
55,2 HK,2005,9,0.006166755543290748
56,2 HK,2005,10,0.005421761734038653
57,2 HK,2005,11,0.005440497104977578
58,2 HK,2005,12,0.008569986941291841
59,2 HK,2006,1,0.00642049094657667
60,2 HK,2006,2,0.005047165708117606
61,2 HK,2006,3,0.0054104619632599875
62,2 HK,2006,4,0.012721125273501038
63,2 HK,2006,5,0.01069535941896167
64,2 HK,2006,6,0.007443986900332098
65,2 HK,2006,7,0.004262635632215869
66,2 HK,2006,8,0.007424143263694324
67,2 HK,2006,9,0.009978724524011653
68,2 HK,2006,10,0.010206873701170972
69,2 HK,2006,11,0.0092679372770093
70,2 HK,2006,12,0.021798885468214242
71,2 HK,2007,1,0.01117102942134741
72,2 HK,2007,2,0.013067733338094611
73,2 HK,2007,3,0.019745609448980808
74,2 HK,2007,4,0.015328627126476141
75,2 HK,2007,5,0.009733399994385272
76,2 HK,2007,6,0.00842940944444307
77,2 HK,2007,7,0.007763404576152151
78,2 HK,2007,8,0.01556424439635653
79,2 HK,2007,9,0.009698683246020197
80,2 HK,2007,10,0.007423914092934813
81,2 HK,2007,11,0.012164741695836284
82,2 HK,2007,12,0.015094072685187851
83,2 HK,2008,1,0.02903683561716419
84,2 HK,2008,2,0.01931733168150968
85,2 HK,2008,3,0.021755492031292328
86,2 HK,2008,4,0.013020769341301811
87,2 HK,2008,5,0.022708651479466272
88,2 HK,2008,6,0.024417243592764457
89,2 HK,2008,7,0.015669458904960142
90,2 HK,2008,8,0.017036713447495258
91,2 HK,2008,9,0.01885694579733017
92,2 HK,2008,10,0.06524513257933139
93,2 HK,2008,11,0.025951925268630088
94,2 HK,2008,12,0.019089126172045088
95,2 HK,2009,1,0.010940854003664796
96,2 HK,2009,2,0.014610093878230151
97,2 HK,2009,3,0.012143095946307258
98,2 HK,2009,4,0.008966640475694862
99,2 HK,2009,5,0.007715765801558931
100,2 HK,2009,6,0.00617859565801055
101,2 HK,2009,7,0.003776443011217924
102,2 HK,2009,8,0.007880318549454694
103,2 HK,2009,9,0.00527368814848321
104,2 HK,2009,10,0.004720575780481723
105,2 HK,2009,11,0.003967655576508296
106,2 HK,2009,12,0.004139316211386051
107,2 HK,2010,1,0.0039905512327288025
108,2 HK,2010,2,0.005532342475068653
109,2 HK,2010,3,0.005076890305287212
110,2 HK,2010,4,0.013229927668123568
111,2 HK,2010,5,0.006632050363573507
112,2 HK,2010,6,0.005386142803805918
113,2 HK,2010,7,0.006141505043430567
114,2 HK,2010,8,0.006847379984578526
115,2 HK,2010,9,0.008332778018000383
116,2 HK,2010,10,0.00782469557652386
117,2 HK,2010,11,0.007464471977338044
118,2 HK,2010,12,0.007476954601200581
119,2 HK,2011,1,0.005296648218782346
120,2 HK,2011,2,0.006627631481370278
121,2 HK,2011,3,0.01138560153038964
122,2 HK,2011,4,0.0038397557427466015
123,2 HK,2011,5,0.005861565450637125
124,2 HK,2011,6,0.010886886690619912
125,2 HK,2011,7,0.009656576285977377
126,2 HK,2011,8,0.01309866936579227
127,2 HK,2011,9,0.01717521731533826
128,2 HK,2011,10,0.014463831236632836
129,2 HK,2011,11,0.007633603561189554
130,2 HK,2011,12,0.008417338156083998
131,2 HK,2012,1,0.014423028662548087
132,2 HK,2012,2,0.007347590934888309
133,2 HK,2012,3,0.008833418313183105
134,2 HK,2012,4,0.005429172353320693
135,2 HK,2012,5,0.007698678725276764
136,2 HK,2012,6,0.0072788668383769245
137,2 HK,2012,7,0.011257256726056996
138,2 HK,2012,8,0.006737781892813912
139,2 HK,2012,9,0.0070973961179625
140,2 HK,2012,10,0.00456887345918618
141,2 HK,2012,11,0.00396344986785806
142,2 HK,2012,12,0.012264844228326745
143,2 HK,2013,1,0.005305674835306968
144,2 HK,2013,2,0.004401715119062001
145,2 HK,2013,3,0.00672962500997525
146,2 HK,2013,4,0.007326980046583622
147,2 HK,2013,5,0.011347534483750457
148,2 HK,2013,6,0.016055148140481843
149,2 HK,2013,7,0.008234796352124565
150,2 HK,2013,8,0.009769165747320742
151,2 HK,2013,9,0.005759965434589343
152,2 HK,2013,10,0.004704037726307106
153,2 HK,2013,11,0.004632774114068999
154,2 HK,2013,12,0.008091260210249059
155,2 HK,2014,1,0.0093774658679273
156,2 HK,2014,2,0.009117789903385244
157,2 HK,2014,3,0.011681513088767866
158,2 HK,2014,4,0.00938614331259106
159,2 HK,2014,5,0.006849319415453685
160,2 HK,2014,6,0.009929361217743878
161,2 HK,2014,7,0.0048375511015616495
162,2 HK,2014,8,0.006897971463922571
163,2 HK,2014,9,0.0078813270940912
164,2 HK,2014,10,0.014816985810890006
165,2 HK,2014,11,0.006600226164484436
166,2 HK,2014,12,0.008768347797444998
167,2 HK,2015,1,0.005943563992358361
168,2 HK,2015,2,0.007018031073352854
169,2 HK,2015,3,0.009268954859800645
170,2 HK,2015,4,0.010750712850408553
171,2 HK,2015,5,0.008085618731661881
172,2 HK,2015,6,0.00917253566670553
173,2 HK,2015,7,0.008976807576817038
174,2 HK,2015,8,0.010666535564168335
175,2 HK,2015,9,0.017915137198979737
176,2 HK,2015,10,0.00890561486294476
177,2 HK,2015,11,0.009618549616717433
178,2 HK,2015,12,0.008938875357683451
179,2 HK,2016,1,0.011953210018281533
180,2 HK,2016,2,0.006966645351222177
181,2 HK,2016,3,0.00620851429952352
0,20 HK,2001,2,0.026328420144006312
1,20 HK,2001,3,0.039847042026689504
2,20 HK,2001,4,0.06161505908587791
3,20 HK,2001,5,0.023123769860657836
4,20 HK,2001,6,0.018402962649755092
5,20 HK,2001,7,0.0333046581790413
6,20 HK,2001,8,0.02064269396536191
7,20 HK,2001,9,0.031351584379523345
8,20 HK,2001,10,0.06364440811047722
9,20 HK,2001,11,0.023039391201324814
10,20 HK,2001,12,0.014076299826477403
11,20 HK,2002,1,0.01589118156838786
12,20 HK,2002,2,0.02998249045974154
13,20 HK,2002,3,0.019422933543143655
14,20 HK,2002,4,0.02844078092673937
15,20 HK,2002,5,0.08135289224197066
16,20 HK,2002,6,0.020778871774603858
17,20 HK,2002,7,0.025296525825110786
18,20 HK,2002,8,0.02223336257480566
19,20 HK,2002,9,0.022237358015763608
20,20 HK,2002,10,0.04275042293358358
21,20 HK,2002,11,0.022783500863530846
22,20 HK,2002,12,0.028190274690059084
23,20 HK,2003,1,0.01672919661568107
24,20 HK,2003,2,0.025083131194711804
25,20 HK,2003,3,0.02074832707169482
26,20 HK,2003,4,0.05814617381153121
27,20 HK,2003,5,0.05748595209832755
28,20 HK,2003,6,0.02668226385927052
29,20 HK,2003,7,0.023782413682819272
30,20 HK,2003,8,0.0209038833171785
31,20 HK,2003,9,0.030492199900431057
32,20 HK,2003,10,0.03064850943552005
33,20 HK,2003,11,0.022499720490182458
34,20 HK,2003,12,0.01831806535105978
35,20 HK,2004,1,0.06577595107421319
36,20 HK,2004,2,0.02363604770830296
37,20 HK,2004,3,0.022214060101978423
38,20 HK,2004,4,0.03374257979583784
39,20 HK,2004,5,0.042199967740198484
40,20 HK,2004,6,0.03942320554782127
41,20 HK,2004,7,0.03535505631771564
42,20 HK,2004,8,0.015632835830708115
43,20 HK,2004,9,0.02669963093832431
44,20 HK,2004,10,0.03235615393334448
45,20 HK,2004,11,0.01719049821825969
46,20 HK,2004,12,0.029053402023348048
47,20 HK,2005,1,0.012588229884909943
48,20 HK,2005,2,0.015718364611624038
49,20 HK,2005,3,0.026959430193317882
50,20 HK,2005,4,0.032748329800687905
51,20 HK,2005,5,0.019357249872502903
52,20 HK,2005,6,0.01102470393096138
53,20 HK,2005,7,0.018991433525998195
54,20 HK,2005,8,0.014992082685057388
55,20 HK,2005,9,0.03508216263504412
56,20 HK,2005,10,0.0170364672479204
57,20 HK,2005,11,0.016090798212017563
58,20 HK,2005,12,0.02010475612440731
59,20 HK,2006,1,0.025354330430331893
60,20 HK,2006,2,0.011422659698566468
61,20 HK,2006,3,0.007251786324130327
62,20 HK,2006,4,0.018005867050307427
63,20 HK,2006,5,0.043008817947585216
64,20 HK,2006,6,0.017023981124722948
65,20 HK,2006,7,0.01046025747786092
66,20 HK,2006,8,0.012864258207799593
67,20 HK,2006,9,0.010121281111809691
68,20 HK,2006,10,0.014543285946110901
69,20 HK,2006,11,0.005373838749950905
70,20 HK,2006,12,0.013721562208147202
71,20 HK,2007,1,0.021033505568652536
72,20 HK,2007,2,0.024121986796073403
73,20 HK,2007,3,0.01941327574544703
74,20 HK,2007,4,0.009134071936228148
75,20 HK,2007,5,0.014264933847668537
76,20 HK,2007,6,0.018437570199481557
77,20 HK,2007,7,0.020932748471082285
78,20 HK,2007,8,0.02225817962823505
79,20 HK,2007,9,0.017328908705985795
80,20 HK,2007,10,0.026244707450039897
81,20 HK,2007,11,0.03459467039868678
82,20 HK,2007,12,0.033580457009234836
83,20 HK,2008,1,0.03836956482189134
84,20 HK,2008,2,0.022213043189687802
85,20 HK,2008,3,0.04955428794981278
86,20 HK,2008,4,0.020461143084068115
87,20 HK,2008,5,0.03128968318172293
88,20 HK,2008,6,0.03390676857310162
89,20 HK,2008,7,0.029243674122149527
90,20 HK,2008,8,0.018836774805812365
91,20 HK,2008,9,0.033426787472623114
92,20 HK,2008,10,0.07934614644986675
93,20 HK,2008,11,0.06327434872515968
94,20 HK,2008,12,0.05790239675181815
95,20 HK,2009,1,0.04859883874701946
96,20 HK,2009,2,0.023153406292170966
97,20 HK,2009,3,0.04103915309551526
98,20 HK,2009,4,0.049378975273080536
99,20 HK,2009,5,0.03867948469544867
100,20 HK,2009,6,0.025901578068640022
101,20 HK,2009,7,0.0337683724440139
102,20 HK,2009,8,0.02534160352385234
103,20 HK,2009,9,0.026340022377833724
104,20 HK,2009,10,0.027176601053039734
105,20 HK,2009,11,0.022727592789462056
106,20 HK,2009,12,0.014858402054603542
107,20 HK,2010,1,0.020513954308323933
108,20 HK,2010,2,0.022004418771639278
109,20 HK,2010,3,0.021371215035876547
110,20 HK,2010,4,0.02527584822796148
111,20 HK,2010,5,0.04924918062553256
112,20 HK,2010,6,0.01652783156384212
113,20 HK,2010,7,0.01680487855114645
114,20 HK,2010,8,0.012895720727178539
115,20 HK,2010,9,0.01861141009214191
116,20 HK,2010,10,0.018377911892531906
117,20 HK,2010,11,0.02130867530682917
118,20 HK,2010,12,0.02726596822309623
119,20 HK,2011,1,0.012040964944612497
120,20 HK,2011,2,0.023390375603038305
121,20 HK,2011,3,0.022456058223546235
122,20 HK,2011,4,0.017019143232857307
123,20 HK,2011,5,0.022931252002266162
124,20 HK,2011,6,0.011849538108611812
125,20 HK,2011,7,0.012348468014238305
126,20 HK,2011,8,0.021761256632784543
127,20 HK,2011,9,0.025334094375146096
128,20 HK,2011,10,0.07599208089818332
129,20 HK,2011,11,0.023216807943123068
130,20 HK,2011,12,0.021312211620354408
131,20 HK,2012,1,0.03128811913620172
132,20 HK,2012,2,0.013730393846795004
133,20 HK,2012,3,0.016792472418650884
134,20 HK,2012,4,0.01952650252716614
135,20 HK,2012,5,0.027615325818396513
136,20 HK,2012,6,0.022059563579695473
137,20 HK,2012,7,0.02619104120462812
138,20 HK,2012,8,0.01882167096915125
139,20 HK,2012,9,0.01973214798931235
140,20 HK,2012,10,0.025383529642814144
141,20 HK,2012,11,0.014276748030036215
142,20 HK,2012,12,0.02128673145460653
143,20 HK,2013,1,0.025227020007081172
144,20 HK,2013,2,0.01601528799637468
145,20 HK,2013,3,0.021116553418804834
146,20 HK,2013,4,0.016669677501907756
147,20 HK,2013,5,0.023383254137540166
148,20 HK,2013,6,0.028880515483658047
149,20 HK,2013,7,0.015575223833994501
150,20 HK,2013,8,0.02310496784738741
151,20 HK,2013,9,0.017045266479549986
152,20 HK,2013,10,0.011628910898966957
153,20 HK,2013,11,0.00728121848341593
154,20 HK,2013,12,0.011919037578517791
155,20 HK,2014,1,0.020452727173663345
156,20 HK,2014,2,0.016418453222534157
157,20 HK,2014,3,0.019816715520692734
158,20 HK,2014,4,0.022589730965464353
159,20 HK,2014,5,0.013979471534945078
160,20 HK,2014,6,0.012505925512713291
161,20 HK,2014,7,0.019709213195231782
162,20 HK,2014,8,0.015253711299798382
163,20 HK,2014,9,0.020167226901555424
164,20 HK,2014,10,0.021516002081560476
165,20 HK,2014,11,0.011964816733672482
166,20 HK,2014,12,0.024270918567800052
167,20 HK,2015,1,0.028434621925880085
168,20 HK,2015,2,0.02134250848610423
169,20 HK,2015,3,0.017171997731835607
170,20 HK,2015,4,0.015577855581296174
171,20 HK,2015,5,0.02925684712610262
172,20 HK,2015,6,0.01346994807315343
173,20 HK,2015,7,0.019125529541620657
174,20 HK,2015,8,0.019504767598577673
175,20 HK,2015,9,0.02756281434990781
176,20 HK,2015,10,0.018685373013590714
177,20 HK,2015,11,0.014804178996240001
178,20 HK,2015,12,0.01706763861549528
179,20 HK,2016,1,0.02988169007017804
180,20 HK,2016,2,0.018371044528974645
181,20 HK,2016,3,0.022529911276425323
0,23 HK,2001,2,0.018309059778560396
1,23 HK,2001,3,0.021801201905999896
2,23 HK,2001,4,0.040836780342382716
3,23 HK,2001,5,0.012020984540282206
4,23 HK,2001,6,0.016986176689151773
5,23 HK,2001,7,0.02177036894895417
6,23 HK,2001,8,0.008505212317565838
7,23 HK,2001,9,0.024569518889465344
8,23 HK,2001,10,0.03782936161797818
9,23 HK,2001,11,0.01372775619621565
10,23 HK,2001,12,0.014730856073832215
11,23 HK,2002,1,0.01915282496738135
12,23 HK,2002,2,0.013800940862113777
13,23 HK,2002,3,0.010125119225085173
14,23 HK,2002,4,0.012314153399827176
15,23 HK,2002,5,0.03791433045842278
16,23 HK,2002,6,0.017229987683045834
17,23 HK,2002,7,0.018808662900683074
18,23 HK,2002,8,0.01255267778338861
19,23 HK,2002,9,0.014758844197972335
20,23 HK,2002,10,0.04389979757942793
21,23 HK,2002,11,0.01034427451961947
22,23 HK,2002,12,0.018085604564124905
23,23 HK,2003,1,0.024009397345602635
24,23 HK,2003,2,0.031251280504509024
25,23 HK,2003,3,0.015884260223362784
26,23 HK,2003,4,0.016382030645042192
27,23 HK,2003,5,0.030320267613949556
28,23 HK,2003,6,0.013027230705549465
29,23 HK,2003,7,0.012085293782827036
30,23 HK,2003,8,0.017278127233549337
31,23 HK,2003,9,0.025649143564397875
32,23 HK,2003,10,0.02619216528219732
33,23 HK,2003,11,0.021449402349066084
34,23 HK,2003,12,0.015255559501798998
35,23 HK,2004,1,0.02471808110400872
36,23 HK,2004,2,0.01084952633991859
37,23 HK,2004,3,0.017019590188633686
38,23 HK,2004,4,0.035908475277138426
39,23 HK,2004,5,0.024008712281772364
40,23 HK,2004,6,0.015775534138848312
41,23 HK,2004,7,0.012341744393613954
42,23 HK,2004,8,0.013204234456326042
43,23 HK,2004,9,0.014382066882360628
44,23 HK,2004,10,0.017983855802693644
45,23 HK,2004,11,0.008535930174104664
46,23 HK,2004,12,0.011205363863223532
47,23 HK,2005,1,0.010130219031102623
48,23 HK,2005,2,0.00813374502259419
49,23 HK,2005,3,0.012314218848118806
50,23 HK,2005,4,0.008571523345115623
51,23 HK,2005,5,0.006892048846057289
52,23 HK,2005,6,0.0034258128502200782
53,23 HK,2005,7,0.005525580374819707
54,23 HK,2005,8,0.007480483321629527
55,23 HK,2005,9,0.005498184038914669
56,23 HK,2005,10,0.005678861175405658
57,23 HK,2005,11,0.002493234817145998
58,23 HK,2005,12,0.008715408458624906
59,23 HK,2006,1,0.012409596219598187
60,23 HK,2006,2,0.015785050892904096
61,23 HK,2006,3,0.013827071364799602
62,23 HK,2006,4,0.04089198121902298
63,23 HK,2006,5,0.04559829915425858
64,23 HK,2006,6,0.02536174742222618
65,23 HK,2006,7,0.01081858884223353
66,23 HK,2006,8,0.017714251437069447
67,23 HK,2006,9,0.011520889322136338
68,23 HK,2006,10,0.017095666872183234
69,23 HK,2006,11,0.02287066685268858
70,23 HK,2006,12,0.014938478356180118
71,23 HK,2007,1,0.02210009639851434
72,23 HK,2007,2,0.022241548544979763
73,23 HK,2007,3,0.0244423596435681
74,23 HK,2007,4,0.017856341642463438
75,23 HK,2007,5,0.01383418161821331
76,23 HK,2007,6,0.01659652531387821
77,23 HK,2007,7,0.017352152315619134
78,23 HK,2007,8,0.018893212863100566
79,23 HK,2007,9,0.013763448156997173
80,23 HK,2007,10,0.023049193653302987
81,23 HK,2007,11,0.03320966401397313
82,23 HK,2007,12,0.03713291129178992
83,23 HK,2008,1,0.04363319931291172
84,23 HK,2008,2,0.027343470113977964
85,23 HK,2008,3,0.0406536257846926
86,23 HK,2008,4,0.017598285791393456
87,23 HK,2008,5,0.023519053058610042
88,23 HK,2008,6,0.012669705253754385
89,23 HK,2008,7,0.03001532004893331
90,23 HK,2008,8,0.042305830615221134
91,23 HK,2008,9,0.03745527764030429
92,23 HK,2008,10,0.06580708654907891
93,23 HK,2008,11,0.047078961355802695
94,23 HK,2008,12,0.03455222079365957
95,23 HK,2009,1,0.03604487080220128
96,23 HK,2009,2,0.032041211397769415
97,23 HK,2009,3,0.049689377550235427
98,23 HK,2009,4,0.0471999625867858
99,23 HK,2009,5,0.04889271227498705
100,23 HK,2009,6,0.03239098631881402
101,23 HK,2009,7,0.02212045782084931
102,23 HK,2009,8,0.02256389577625936
103,23 HK,2009,9,0.018298852807375584
104,23 HK,2009,10,0.02081515123704813
105,23 HK,2009,11,0.040136712858229416
106,23 HK,2009,12,0.015340755591341211
107,23 HK,2010,1,0.007459133130323629
108,23 HK,2010,2,0.015740142397840908
109,23 HK,2010,3,0.009407763794722619
110,23 HK,2010,4,0.017828953746932684
111,23 HK,2010,5,0.017279515420293004
112,23 HK,2010,6,0.009022615654240293
113,23 HK,2010,7,0.017378558645130528
114,23 HK,2010,8,0.015459936557105876
115,23 HK,2010,9,0.013588547999043812
116,23 HK,2010,10,0.014682432984937006
117,23 HK,2010,11,0.015351260952947057
118,23 HK,2010,12,0.01835973198926184
119,23 HK,2011,1,0.013531396978006092
120,23 HK,2011,2,0.01943985801663148
121,23 HK,2011,3,0.012349869234294897
122,23 HK,2011,4,0.010672740735075225
123,23 HK,2011,5,0.018799476136958846
124,23 HK,2011,6,0.013842234349844126
125,23 HK,2011,7,0.014630342068886278
126,23 HK,2011,8,0.02113976582313769
127,23 HK,2011,9,0.03301408412262668
128,23 HK,2011,10,0.06244992438067754
129,23 HK,2011,11,0.023338290032211162
130,23 HK,2011,12,0.022301311738104134
131,23 HK,2012,1,0.025352797923863076
132,23 HK,2012,2,0.01458626865847799
133,23 HK,2012,3,0.008525368808590984
134,23 HK,2012,4,0.012133372469553691
135,23 HK,2012,5,0.017344710690352778
136,23 HK,2012,6,0.01740115887006275
137,23 HK,2012,7,0.022976512190700755
138,23 HK,2012,8,0.015033809275249894
139,23 HK,2012,9,0.012085802487445816
140,23 HK,2012,10,0.010265946152816431
141,23 HK,2012,11,0.009187048649989748
142,23 HK,2012,12,0.015049850353719427
143,23 HK,2013,1,0.011091210719351053
144,23 HK,2013,2,0.010421878753397907
145,23 HK,2013,3,0.010447240340042357
146,23 HK,2013,4,0.012683736005695613
147,23 HK,2013,5,0.017443255108190166
148,23 HK,2013,6,0.02089690286536536
149,23 HK,2013,7,0.0198099641079045
150,23 HK,2013,8,0.029366829789649714
151,23 HK,2013,9,0.021054592006039118
152,23 HK,2013,10,0.009658207395218076
153,23 HK,2013,11,0.008421373750336057
154,23 HK,2013,12,0.00807137974045091
155,23 HK,2014,1,0.017988899364230895
156,23 HK,2014,2,0.021445259366142447
157,23 HK,2014,3,0.01076068791089246
158,23 HK,2014,4,0.015461773502348161
159,23 HK,2014,5,0.008708707974787564
160,23 HK,2014,6,0.011447113894686639
161,23 HK,2014,7,0.008120402333419496
162,23 HK,2014,8,0.006616475290830601
163,23 HK,2014,9,0.01046405071517852
164,23 HK,2014,10,0.012339178600004719
165,23 HK,2014,11,0.008611888380063772
166,23 HK,2014,12,0.011786970585817656
167,23 HK,2015,1,0.007252682011037962
168,23 HK,2015,2,0.011170480549301622
169,23 HK,2015,3,0.010311509412414167
170,23 HK,2015,4,0.009823612160179683
171,23 HK,2015,5,0.01773879081351518
172,23 HK,2015,6,0.011835349910592182
173,23 HK,2015,7,0.019363917530493862
174,23 HK,2015,8,0.01537543759232692
175,23 HK,2015,9,0.027701013251226328
176,23 HK,2015,10,0.017361455489963783
177,23 HK,2015,11,0.015201895239639536
178,23 HK,2015,12,0.020748390764567706
179,23 HK,2016,1,0.03591725596659662
180,23 HK,2016,2,0.03276509032960245
181,23 HK,2016,3,0.019124636996820068
0,267 HK,2001,2,0.010184513056305801
1,267 HK,2001,3,0.027624485472821883
2,267 HK,2001,4,0.04327500440259638
3,267 HK,2001,5,0.021792263948921888
4,267 HK,2001,6,0.023384916378224214
5,267 HK,2001,7,0.02163782228228326
6,267 HK,2001,8,0.022654037492529776
7,267 HK,2001,9,0.040565765839044
8,267 HK,2001,10,0.034895459897792136
9,267 HK,2001,11,0.02267314908316964
10,267 HK,2001,12,0.02028456984924528
11,267 HK,2002,1,0.031126046694611765
12,267 HK,2002,2,0.019155723616992734
13,267 HK,2002,3,0.012611354165822396
14,267 HK,2002,4,0.013839357604289192
15,267 HK,2002,5,0.028150159317959875
16,267 HK,2002,6,0.019345020744870375
17,267 HK,2002,7,0.019530048297841857
18,267 HK,2002,8,0.019141565525746872
19,267 HK,2002,9,0.016636792595869584
20,267 HK,2002,10,0.016789021315396533
21,267 HK,2002,11,0.014220657560574198
22,267 HK,2002,12,0.023032295313671104
23,267 HK,2003,1,0.02924542432892879
24,267 HK,2003,2,0.01099802754544498
25,267 HK,2003,3,0.01792220357918528
26,267 HK,2003,4,0.033204627978957194
27,267 HK,2003,5,0.046929084931646645
28,267 HK,2003,6,0.010675842686060677
29,267 HK,2003,7,0.016906042322826366
30,267 HK,2003,8,0.017186978559125293
31,267 HK,2003,9,0.01715655482175133
32,267 HK,2003,10,0.01815978657811568
33,267 HK,2003,11,0.011504298115977234
34,267 HK,2003,12,0.015367861438862688
35,267 HK,2004,1,0.03293058736415803
36,267 HK,2004,2,0.024133603748839
37,267 HK,2004,3,0.015104950050494687
38,267 HK,2004,4,0.03740202151947834
39,267 HK,2004,5,0.0322218738369986
40,267 HK,2004,6,0.02544986125409754
41,267 HK,2004,7,0.015600631087121205
42,267 HK,2004,8,0.014311362938904122
43,267 HK,2004,9,0.012630883979799811
44,267 HK,2004,10,0.0246897566787247
45,267 HK,2004,11,0.009666734668353008
46,267 HK,2004,12,0.011089081886691957
47,267 HK,2005,1,0.016397178701893143
48,267 HK,2005,2,0.00892755532425672
49,267 HK,2005,3,0.012266874303956834
50,267 HK,2005,4,0.012230374086389498
51,267 HK,2005,5,0.016946722886747367
52,267 HK,2005,6,0.004864090722793552
53,267 HK,2005,7,0.01084889395129939
54,267 HK,2005,8,0.008289583670541821
55,267 HK,2005,9,0.009993411975770547
56,267 HK,2005,10,0.013157488728792263
57,267 HK,2005,11,0.006036638199675938
58,267 HK,2005,12,0.01023810404064593
59,267 HK,2006,1,0.011143689429746638
60,267 HK,2006,2,0.012153558294229587
61,267 HK,2006,3,0.010267585903172763
62,267 HK,2006,4,0.03923931351660864
63,267 HK,2006,5,0.020940003374426096
64,267 HK,2006,6,0.017143798270906452
65,267 HK,2006,7,0.01162091937952374
66,267 HK,2006,8,0.010442622393683232
67,267 HK,2006,9,0.011851447130094422
68,267 HK,2006,10,0.013008976415492562
69,267 HK,2006,11,0.017692812156292047
70,267 HK,2006,12,0.01750682911898933
71,267 HK,2007,1,0.020186940481629344
72,267 HK,2007,2,0.01611982310960394
73,267 HK,2007,3,0.018777420917051778
74,267 HK,2007,4,0.020973729029826048
75,267 HK,2007,5,0.024282092511952055
76,267 HK,2007,6,0.01460566983771466
77,267 HK,2007,7,0.02275372559545818
78,267 HK,2007,8,0.04468312684236958
79,267 HK,2007,9,0.020412850803272542
80,267 HK,2007,10,0.02830152920705644
81,267 HK,2007,11,0.038269447460918427
82,267 HK,2007,12,0.03712870674386329
83,267 HK,2008,1,0.04691268684781081
84,267 HK,2008,2,0.025729240419665633
85,267 HK,2008,3,0.0463458364351107
86,267 HK,2008,4,0.028114720946867195
87,267 HK,2008,5,0.02054551053162557
88,267 HK,2008,6,0.020333186901760378
89,267 HK,2008,7,0.03348585177328901
90,267 HK,2008,8,0.024179228015584992
91,267 HK,2008,9,0.035048397353930456
92,267 HK,2008,10,0.17106459025093648
93,267 HK,2008,11,0.03398602475626729
94,267 HK,2008,12,0.06979740561259928
95,267 HK,2009,1,0.060889763250070464
96,267 HK,2009,2,0.029233545135394834
97,267 HK,2009,3,0.04734875578299698
98,267 HK,2009,4,0.04154355766769051
99,267 HK,2009,5,0.06453232213165769
100,267 HK,2009,6,0.02953809160552095
101,267 HK,2009,7,0.03989229338089752
102,267 HK,2009,8,0.030548489309266076
103,267 HK,2009,9,0.025881631373867515
104,267 HK,2009,10,0.032545540714883574
105,267 HK,2009,11,0.027361344144197407
106,267 HK,2009,12,0.01943737371200196
107,267 HK,2010,1,0.024815339881591573
108,267 HK,2010,2,0.03238831495851576
109,267 HK,2010,3,0.02533325811778596
110,267 HK,2010,4,0.03177419596500022
111,267 HK,2010,5,0.05446171505695847
112,267 HK,2010,6,0.029912186421771354
113,267 HK,2010,7,0.01798415918651867
114,267 HK,2010,8,0.016369968866917918
115,267 HK,2010,9,0.02277576349544723
116,267 HK,2010,10,0.03025848002206816
117,267 HK,2010,11,0.024355618085470536
118,267 HK,2010,12,0.016862680340732055
119,267 HK,2011,1,0.01858156181274217
120,267 HK,2011,2,0.014293610667249396
121,267 HK,2011,3,0.020243437164527804
122,267 HK,2011,4,0.024919906673809
123,267 HK,2011,5,0.019729471136222844
124,267 HK,2011,6,0.030141589405778837
125,267 HK,2011,7,0.025169174637164286
126,267 HK,2011,8,0.030073310324205856
127,267 HK,2011,9,0.04605591282516748
128,267 HK,2011,10,0.07751439846726689
129,267 HK,2011,11,0.023841393510681593
130,267 HK,2011,12,0.018766419639102812
131,267 HK,2012,1,0.014055352574230207
132,267 HK,2012,2,0.017640223594698558
133,267 HK,2012,3,0.010399980917864577
134,267 HK,2012,4,0.015111495182430077
135,267 HK,2012,5,0.01749645841527593
136,267 HK,2012,6,0.018258677464523372
137,267 HK,2012,7,0.023536316325022864
138,267 HK,2012,8,0.019931044630229378
139,267 HK,2012,9,0.02334310052599374
140,267 HK,2012,10,0.03109256617839013
141,267 HK,2012,11,0.01353990922731572
142,267 HK,2012,12,0.019674176458665392
143,267 HK,2013,1,0.03463658779344822
144,267 HK,2013,2,0.022876936852706847
145,267 HK,2013,3,0.0249207537476725
146,267 HK,2013,4,0.0346957573470767
147,267 HK,2013,5,0.04222349919272558
148,267 HK,2013,6,0.020623334221034864
149,267 HK,2013,7,0.017877508317483193
150,267 HK,2013,8,0.023728399353457726
151,267 HK,2013,9,0.013791676132102571
152,267 HK,2013,10,0.027583443171402038
153,267 HK,2013,11,0.01547995290377477
154,267 HK,2013,12,0.03204560842622199
155,267 HK,2014,1,0.03608610872514639
156,267 HK,2014,2,0.03583857412810433
157,267 HK,2014,3,0.03464025716012129
158,267 HK,2014,4,0.022122194494351807
159,267 HK,2014,5,0.008138861631455874
160,267 HK,2014,6,0.020023142680183098
161,267 HK,2014,7,0.027041121866440615
162,267 HK,2014,8,0.02034661564250966
163,267 HK,2014,9,0.01768020671588552
164,267 HK,2014,10,0.023715482223967924
165,267 HK,2014,11,0.011443600703939474
166,267 HK,2014,12,0.016867887641495903
167,267 HK,2015,1,0.01074848180023688
168,267 HK,2015,2,0.011559809523225408
169,267 HK,2015,3,0.008243751530953526
170,267 HK,2015,4,0.02271563362817832
171,267 HK,2015,5,0.04513285540528933
172,267 HK,2015,6,0.012451671761758753
173,267 HK,2015,7,0.031478168493840726
174,267 HK,2015,8,0.020456151307515543
175,267 HK,2015,9,0.04293714603858264
176,267 HK,2015,10,0.01589301694046984
177,267 HK,2015,11,0.00967502044691545
178,267 HK,2015,12,0.024071791068676174
179,267 HK,2016,1,0.028548629414603968
180,267 HK,2016,2,0.04068588231880931
181,267 HK,2016,3,0.032264650991846285
0,291 HK,2001,2,0.0281354111666806
1,291 HK,2001,3,0.03178244499686139
2,291 HK,2001,4,0.05920517267686006
3,291 HK,2001,5,0.022161798147953726
4,291 HK,2001,6,0.02899231960873119
5,291 HK,2001,7,0.0371620561524905
6,291 HK,2001,8,0.02708805503089134
7,291 HK,2001,9,0.056375878108175966
8,291 HK,2001,10,0.07148356589631355
9,291 HK,2001,11,0.036614919623387386
10,291 HK,2001,12,0.023437809814130524
11,291 HK,2002,1,0.026421483212009326
12,291 HK,2002,2,0.013746961362444047
13,291 HK,2002,3,0.02564874358985781
14,291 HK,2002,4,0.04032868237998261
15,291 HK,2002,5,0.04012554380676422
16,291 HK,2002,6,0.021757941656977375
17,291 HK,2002,7,0.0303067870003863
18,291 HK,2002,8,0.023642274398034367
19,291 HK,2002,9,0.024330163883392136
20,291 HK,2002,10,0.045646568507970435
21,291 HK,2002,11,0.022054866084921753
22,291 HK,2002,12,0.02098541321612191
23,291 HK,2003,1,0.027127364919379785
24,291 HK,2003,2,0.024699824488922918
25,291 HK,2003,3,0.0219217255117796
26,291 HK,2003,4,0.032647213609570555
27,291 HK,2003,5,0.04505369667003057
28,291 HK,2003,6,0.029593587022093023
29,291 HK,2003,7,0.032563084613117174
30,291 HK,2003,8,0.015053032121391438
31,291 HK,2003,9,0.031626024529856404
32,291 HK,2003,10,0.021036400121717657
33,291 HK,2003,11,0.011928059031935409
34,291 HK,2003,12,0.018380518334738357
35,291 HK,2004,1,0.042060308875508344
36,291 HK,2004,2,0.01685977393062546
37,291 HK,2004,3,0.018180400781870935
38,291 HK,2004,4,0.047334283238326474
39,291 HK,2004,5,0.03516376789004479
40,291 HK,2004,6,0.033977452147879665
41,291 HK,2004,7,0.02209985347949428
42,291 HK,2004,8,0.012553868635478613
43,291 HK,2004,9,0.025797585376246737
44,291 HK,2004,10,0.027328483861618215
45,291 HK,2004,11,0.01948949301848827
46,291 HK,2004,12,0.022554981199405914
47,291 HK,2005,1,0.016037624260031812
48,291 HK,2005,2,0.012949288582011465
49,291 HK,2005,3,0.014793755237523274
50,291 HK,2005,4,0.013294682120592555
51,291 HK,2005,5,0.013870183651224053
52,291 HK,2005,6,0.009176922820168996
53,291 HK,2005,7,0.019347465024890327
54,291 HK,2005,8,0.016133800304849448
55,291 HK,2005,9,0.014686305571152688
56,291 HK,2005,10,0.019593481993056185
57,291 HK,2005,11,0.017868238394682295
58,291 HK,2005,12,0.016545994477184314
59,291 HK,2006,1,0.03073594946010799
60,291 HK,2006,2,0.023661032832588903
61,291 HK,2006,3,0.016709816536526943
62,291 HK,2006,4,0.019860371758965528
63,291 HK,2006,5,0.035009682462962245
64,291 HK,2006,6,0.036781236057927866
65,291 HK,2006,7,0.02341574088005818
66,291 HK,2006,8,0.017151438662504064
67,291 HK,2006,9,0.017425904034007855
68,291 HK,2006,10,0.02405980048991089
69,291 HK,2006,11,0.025902823902920456
70,291 HK,2006,12,0.023636460305102743
71,291 HK,2007,1,0.02972488108029695
72,291 HK,2007,2,0.019137563175408902
73,291 HK,2007,3,0.04387227817217158
74,291 HK,2007,4,0.04404443914704927
75,291 HK,2007,5,0.028134376014533582
76,291 HK,2007,6,0.022438479179150872
77,291 HK,2007,7,0.02337718325830131
78,291 HK,2007,8,0.04121764930021937
79,291 HK,2007,9,0.020515731917262876
80,291 HK,2007,10,0.02430680619789977
81,291 HK,2007,11,0.04619285185248439
82,291 HK,2007,12,0.02912918229900989
83,291 HK,2008,1,0.04801245400959698
84,291 HK,2008,2,0.03717158833871421
85,291 HK,2008,3,0.05015408928884125
86,291 HK,2008,4,0.028682603257418744
87,291 HK,2008,5,0.021923588059234597
88,291 HK,2008,6,0.02441619988904921
89,291 HK,2008,7,0.025519283996016887
90,291 HK,2008,8,0.02728754288557824
91,291 HK,2008,9,0.03533763956472445
92,291 HK,2008,10,0.10248124761842774
93,291 HK,2008,11,0.05548569954535565
94,291 HK,2008,12,0.04748482466416945
95,291 HK,2009,1,0.04579431039583316
96,291 HK,2009,2,0.03260056428401534
97,291 HK,2009,3,0.02538572238660905
98,291 HK,2009,4,0.03866635130939416
99,291 HK,2009,5,0.041903923957610584
100,291 HK,2009,6,0.022642636130712605
101,291 HK,2009,7,0.03626798497850909
102,291 HK,2009,8,0.03401997864267961
103,291 HK,2009,9,0.03561769012644402
104,291 HK,2009,10,0.028060542616767256
105,291 HK,2009,11,0.024800318625418708
106,291 HK,2009,12,0.019434544332430827
107,291 HK,2010,1,0.02642410705048627
108,291 HK,2010,2,0.029241080555692328
109,291 HK,2010,3,0.017076913891820904
110,291 HK,2010,4,0.02374503891786842
111,291 HK,2010,5,0.034628763980418496
112,291 HK,2010,6,0.018879576758327417
113,291 HK,2010,7,0.012309548914021464
114,291 HK,2010,8,0.016067197822675437
115,291 HK,2010,9,0.019743352510918834
116,291 HK,2010,10,0.022602215542320916
117,291 HK,2010,11,0.01652957902883233
118,291 HK,2010,12,0.01840710265811804
119,291 HK,2011,1,0.012985135436141949
120,291 HK,2011,2,0.023057457028782792
121,291 HK,2011,3,0.01979308874355727
122,291 HK,2011,4,0.030825765537658093
123,291 HK,2011,5,0.01492428613480008
124,291 HK,2011,6,0.01403510676942618
125,291 HK,2011,7,0.015629644539515836
126,291 HK,2011,8,0.022954989170359798
127,291 HK,2011,9,0.03717673332872112
128,291 HK,2011,10,0.03916659867852813
129,291 HK,2011,11,0.024008232831351815
130,291 HK,2011,12,0.021740829716963353
131,291 HK,2012,1,0.00980819421798667
132,291 HK,2012,2,0.012354160069066502
133,291 HK,2012,3,0.01858283953785191
134,291 HK,2012,4,0.02673236315071984
135,291 HK,2012,5,0.0267454176934291
136,291 HK,2012,6,0.023841074006586405
137,291 HK,2012,7,0.02871959988789397
138,291 HK,2012,8,0.03206101478344125
139,291 HK,2012,9,0.015749945222896123
140,291 HK,2012,10,0.01781333431549245
141,291 HK,2012,11,0.01756623766567068
142,291 HK,2012,12,0.013159778241546906
143,291 HK,2013,1,0.014928451006032609
144,291 HK,2013,2,0.01249067635442064
145,291 HK,2013,3,0.027830100812972134
146,291 HK,2013,4,0.02874208963956779
147,291 HK,2013,5,0.026324204452367436
148,291 HK,2013,6,0.017358979686464496
149,291 HK,2013,7,0.019941245717562287
150,291 HK,2013,8,0.03175636185643721
151,291 HK,2013,9,0.013319520461691126
152,291 HK,2013,10,0.016527380243121375
153,291 HK,2013,11,0.017455768800798604
154,291 HK,2013,12,0.011116186276276188
155,291 HK,2014,1,0.01179207449459801
156,291 HK,2014,2,0.023003893782145384
157,291 HK,2014,3,0.022784460669619568
158,291 HK,2014,4,0.02182083083733601
159,291 HK,2014,5,0.019502755655648334
160,291 HK,2014,6,0.012273672966848437
161,291 HK,2014,7,0.017679228353682117
162,291 HK,2014,8,0.01840310584596359
163,291 HK,2014,9,0.011711125738802538
164,291 HK,2014,10,0.01792374512392732
165,291 HK,2014,11,0.020093434891489393
166,291 HK,2014,12,0.01803333628497873
167,291 HK,2015,1,0.024535338260476013
168,291 HK,2015,2,0.01021054390983874
169,291 HK,2015,3,0.018770984926624785
170,291 HK,2015,4,0.12044399970517976
171,291 HK,2015,5,0.023936469925762673
172,291 HK,2015,6,0.02162459602550656
173,291 HK,2015,7,0.026899441800259313
174,291 HK,2015,8,0.017908482455377798
175,291 HK,2015,9,0.11386890952061296
176,291 HK,2015,10,0.03858903320111541
177,291 HK,2015,11,0.01611729401223313
178,291 HK,2015,12,0.03641859468469994
179,291 HK,2016,1,0.05885772914153603
180,291 HK,2016,2,0.04628815785895515
181,291 HK,2016,3,0.042916860504142264
0,293 HK,2001,2,0.009470901618202162
1,293 HK,2001,3,0.018826391758296906
2,293 HK,2001,4,0.04961131350600854
3,293 HK,2001,5,0.016653119764366644
4,293 HK,2001,6,0.025703198259382668
5,293 HK,2001,7,0.07470292471358042
6,293 HK,2001,8,0.01741992321731792
7,293 HK,2001,9,0.05698362831971356
8,293 HK,2001,10,0.08625912792875784
9,293 HK,2001,11,0.02493358155292931
10,293 HK,2001,12,0.03270948474633427
11,293 HK,2002,1,0.030157285408571263
12,293 HK,2002,2,0.029889651177718995
13,293 HK,2002,3,0.019132081761803355
14,293 HK,2002,4,0.026403523486131703
15,293 HK,2002,5,0.04723828601770554
16,293 HK,2002,6,0.01880396403837632
17,293 HK,2002,7,0.024861883284807366
18,293 HK,2002,8,0.03470934278177333
19,293 HK,2002,9,0.029088056402519453
20,293 HK,2002,10,0.032535182614346785
21,293 HK,2002,11,0.02109576737081286
22,293 HK,2002,12,0.013842780465886535
23,293 HK,2003,1,0.023787851529556998
24,293 HK,2003,2,0.023072497098026428
25,293 HK,2003,3,0.028138817866414857
26,293 HK,2003,4,0.06398229466092442
27,293 HK,2003,5,0.05785435797978554
28,293 HK,2003,6,0.027672006755121364
29,293 HK,2003,7,0.021523436641627754
30,293 HK,2003,8,0.024456924932052142
31,293 HK,2003,9,0.022115123201620845
32,293 HK,2003,10,0.02545867161033917
33,293 HK,2003,11,0.02531902965954117
34,293 HK,2003,12,0.014552372657938451
35,293 HK,2004,1,0.021144512846049946
36,293 HK,2004,2,0.015768880682978166
37,293 HK,2004,3,0.01689418301782663
38,293 HK,2004,4,0.03876043199061269
39,293 HK,2004,5,0.02912863227087032
40,293 HK,2004,6,0.028113650921284667
41,293 HK,2004,7,0.01547773664046319
42,293 HK,2004,8,0.020314815277699707
43,293 HK,2004,9,0.035126736309977924
44,293 HK,2004,10,0.048232245106682003
45,293 HK,2004,11,0.00945875051452352
46,293 HK,2004,12,0.012948255408158306
47,293 HK,2005,1,0.011121793564126304
48,293 HK,2005,2,0.008331665490717264
49,293 HK,2005,3,0.019627483321623604
50,293 HK,2005,4,0.01654328448920508
51,293 HK,2005,5,0.032439206396376055
52,293 HK,2005,6,0.00543146618333478
53,293 HK,2005,7,0.018305271037355717
54,293 HK,2005,8,0.01051082942428054
55,293 HK,2005,9,0.010705886704518008
56,293 HK,2005,10,0.010863773752548185
57,293 HK,2005,11,0.01574768526277366
58,293 HK,2005,12,0.011060706090061734
59,293 HK,2006,1,0.016717829609849418
60,293 HK,2006,2,0.01377466918766995
61,293 HK,2006,3,0.010158482660216602
62,293 HK,2006,4,0.008321762841731754
63,293 HK,2006,5,0.02956369306656278
64,293 HK,2006,6,0.030739499361388298
65,293 HK,2006,7,0.006861345173824675
66,293 HK,2006,8,0.005711757119402115
67,293 HK,2006,9,0.012697513437834321
68,293 HK,2006,10,0.013614802393597757
69,293 HK,2006,11,0.017138624382018762
70,293 HK,2006,12,0.02187737808045244
71,293 HK,2007,1,0.02823995247234939
72,293 HK,2007,2,0.03721687484383304
73,293 HK,2007,3,0.016875280954749983
74,293 HK,2007,4,0.01488123349446215
75,293 HK,2007,5,0.015193669097585365
76,293 HK,2007,6,0.01773874373214744
77,293 HK,2007,7,0.02699838290232875
78,293 HK,2007,8,0.02395366805217272
79,293 HK,2007,9,0.0325325502410149
80,293 HK,2007,10,0.03886082841654551
81,293 HK,2007,11,0.020455507884892893
82,293 HK,2007,12,0.023571232223556515
83,293 HK,2008,1,0.03583650669603168
84,293 HK,2008,2,0.02393701017467452
85,293 HK,2008,3,0.04214818434712278
86,293 HK,2008,4,0.023749609662563793
87,293 HK,2008,5,0.02570091261573035
88,293 HK,2008,6,0.022538672992296303
89,293 HK,2008,7,0.027445466437397197
90,293 HK,2008,8,0.04440956673155375
91,293 HK,2008,9,0.054761929141948634
92,293 HK,2008,10,0.097912871808723
93,293 HK,2008,11,0.041213266765579806
94,293 HK,2008,12,0.03141538922693151
95,293 HK,2009,1,0.030090212959735803
96,293 HK,2009,2,0.030336401090478738
97,293 HK,2009,3,0.03146637123748246
98,293 HK,2009,4,0.04869983772075656
99,293 HK,2009,5,0.05942855372520284
100,293 HK,2009,6,0.025012612296589652
101,293 HK,2009,7,0.026408899999058957
102,293 HK,2009,8,0.024353021217115977
103,293 HK,2009,9,0.02414296461601784
104,293 HK,2009,10,0.03183730737887583
105,293 HK,2009,11,0.01951114319385241
106,293 HK,2009,12,0.022974573693438496
107,293 HK,2010,1,0.01729634865313133
108,293 HK,2010,2,0.02010913550555027
109,293 HK,2010,3,0.016221568487472957
110,293 HK,2010,4,0.031191309332170354
111,293 HK,2010,5,0.02867507343626094
112,293 HK,2010,6,0.020256898511981102
113,293 HK,2010,7,0.03211716577134864
114,293 HK,2010,8,0.021981198767354434
115,293 HK,2010,9,0.026083613639965184
116,293 HK,2010,10,0.030040953626429563
117,293 HK,2010,11,0.012233113650453376
118,293 HK,2010,12,0.02335039630649301
119,293 HK,2011,1,0.02123574233041955
120,293 HK,2011,2,0.02978134418791153
121,293 HK,2011,3,0.02025171340467958
122,293 HK,2011,4,0.016283883209681254
123,293 HK,2011,5,0.021997568824777377
124,293 HK,2011,6,0.025196787995158614
125,293 HK,2011,7,0.031812575781056875
126,293 HK,2011,8,0.01794196382517914
127,293 HK,2011,9,0.05587050075116923
128,293 HK,2011,10,0.06731896103329953
129,293 HK,2011,11,0.020803048817647166
130,293 HK,2011,12,0.023259257764770783
131,293 HK,2012,1,0.02667961564353754
132,293 HK,2012,2,0.02213893824223608
133,293 HK,2012,3,0.013907179888214527
134,293 HK,2012,4,0.018492315093648275
135,293 HK,2012,5,0.019398920835784754
136,293 HK,2012,6,0.015749484218444167
137,293 HK,2012,7,0.02107545658877897
138,293 HK,2012,8,0.015686627503748298
139,293 HK,2012,9,0.012242191414317524
140,293 HK,2012,10,0.0169172240625228
141,293 HK,2012,11,0.013285533746546454
142,293 HK,2012,12,0.01713204814891037
143,293 HK,2013,1,0.018942981094035576
144,293 HK,2013,2,0.028968875472812565
145,293 HK,2013,3,0.019520099641618688
146,293 HK,2013,4,0.046219233373338345
147,293 HK,2013,5,0.02445881594900114
148,293 HK,2013,6,0.028042339120787525
149,293 HK,2013,7,0.029085246911286236
150,293 HK,2013,8,0.016377991636093797
151,293 HK,2013,9,0.014732965716306935
152,293 HK,2013,10,0.018532616241227318
153,293 HK,2013,11,0.015555626946136368
154,293 HK,2013,12,0.03085066590331301
155,293 HK,2014,1,0.03847046837734725
156,293 HK,2014,2,0.01953049099668518
157,293 HK,2014,3,0.014022665953502189
158,293 HK,2014,4,0.018100432533730546
159,293 HK,2014,5,0.01690567792153929
160,293 HK,2014,6,0.018827850207277508
161,293 HK,2014,7,0.013187472482186132
162,293 HK,2014,8,0.008808654006490467
163,293 HK,2014,9,0.023872146333730214
164,293 HK,2014,10,0.028540562009298647
165,293 HK,2014,11,0.015222964378485276
166,293 HK,2014,12,0.015568025489506693
167,293 HK,2015,1,0.02137449250586428
168,293 HK,2015,2,0.0117010305975897
169,293 HK,2015,3,0.011284456112224606
170,293 HK,2015,4,0.019471231452915114
171,293 HK,2015,5,0.041047932408001794
172,293 HK,2015,6,0.014109748614444906
173,293 HK,2015,7,0.021629295373681395
174,293 HK,2015,8,0.02424260581824213
175,293 HK,2015,9,0.07241189524771606
176,293 HK,2015,10,0.02557440922073419
177,293 HK,2015,11,0.018304426671165552
178,293 HK,2015,12,0.017872786530902542
179,293 HK,2016,1,0.02174572329059051
180,293 HK,2016,2,0.0394190678055824
181,293 HK,2016,3,0.025708367949616374
0,3 HK,2001,2,0.017450600175989876
1,3 HK,2001,3,0.020763455744540835
2,3 HK,2001,4,0.07506047338329536
3,3 HK,2001,5,0.02027085675740902
4,3 HK,2001,6,0.028298345149179307
5,3 HK,2001,7,0.03285644762580332
6,3 HK,2001,8,0.007868006258948032
7,3 HK,2001,9,0.01956550441364041
8,3 HK,2001,10,0.01411021334117128
9,3 HK,2001,11,0.010186262318940553
10,3 HK,2001,12,0.01582594489296522
11,3 HK,2002,1,0.01649960181051551
12,3 HK,2002,2,0.01498792345735834
13,3 HK,2002,3,0.01142829200502893
14,3 HK,2002,4,0.010401850200456756
15,3 HK,2002,5,0.03450596392594666
16,3 HK,2002,6,0.014206935218739196
17,3 HK,2002,7,0.012332801066187888
18,3 HK,2002,8,0.010803373291956637
19,3 HK,2002,9,0.014863513608272703
20,3 HK,2002,10,0.016357823083576806
21,3 HK,2002,11,0.015931896700589743
22,3 HK,2002,12,0.02511158211416891
23,3 HK,2003,1,0.041350517882740065
24,3 HK,2003,2,0.03147140574914286
25,3 HK,2003,3,0.009040822791046193
26,3 HK,2003,4,0.06332941471638837
27,3 HK,2003,5,0.09788312488409087
28,3 HK,2003,6,0.05684907580865958
29,3 HK,2003,7,0.05793344192772823
30,3 HK,2003,8,0.009134669826719191
31,3 HK,2003,9,0.04770022647605682
32,3 HK,2003,10,0.051367216179802076
33,3 HK,2003,11,0.010858600148011422
34,3 HK,2003,12,0.029208208005256905
35,3 HK,2004,1,0.030599764758344486
36,3 HK,2004,2,0.012197491692304604
37,3 HK,2004,3,0.015278855188341833
38,3 HK,2004,4,0.010679353285982044
39,3 HK,2004,5,0.04066130690223973
40,3 HK,2004,6,0.03218959954733321
41,3 HK,2004,7,0.02335557364644857
42,3 HK,2004,8,0.00892076255539081
43,3 HK,2004,9,0.012352851695517387
44,3 HK,2004,10,0.018954520044760566
45,3 HK,2004,11,0.01421948501825302
46,3 HK,2004,12,0.03483668956596211
47,3 HK,2005,1,0.012976396450815528
48,3 HK,2005,2,0.030298231652930326
49,3 HK,2005,3,0.012063616472556367
50,3 HK,2005,4,0.01276251699787176
51,3 HK,2005,5,0.024351769013267403
52,3 HK,2005,6,0.006196956600117973
53,3 HK,2005,7,0.010375041352916425
54,3 HK,2005,8,0.005850643416543103
55,3 HK,2005,9,0.00944994854217657
56,3 HK,2005,10,0.006279691300442075
57,3 HK,2005,11,0.009033890567871695
58,3 HK,2005,12,0.013755801702792182
59,3 HK,2006,1,0.016544410663454936
60,3 HK,2006,2,0.01963360485477755
61,3 HK,2006,3,0.011707490714688304
62,3 HK,2006,4,0.05891883965533039
63,3 HK,2006,5,0.04610938252925613
64,3 HK,2006,6,0.008277069663696223
65,3 HK,2006,7,0.004682528750330577
66,3 HK,2006,8,0.004491811200026602
67,3 HK,2006,9,0.005759925738255567
68,3 HK,2006,10,0.014271106210937181
69,3 HK,2006,11,0.0052560644385302125
70,3 HK,2006,12,0.008462461222239771
71,3 HK,2007,1,0.008624794962174664
72,3 HK,2007,2,0.014260076273937008
73,3 HK,2007,3,0.012618439057468536
74,3 HK,2007,4,0.01427482271027343
75,3 HK,2007,5,0.011017320410140722
76,3 HK,2007,6,0.012332311118497178
77,3 HK,2007,7,0.02214136901209715
78,3 HK,2007,8,0.014523526931487946
79,3 HK,2007,9,0.01665724166249778
80,3 HK,2007,10,0.037130088241538114
81,3 HK,2007,11,0.033213923463662524
82,3 HK,2007,12,0.09571237584614904
83,3 HK,2008,1,0.09507157171414195
84,3 HK,2008,2,0.056848873836527675
85,3 HK,2008,3,0.06780546130056667
86,3 HK,2008,4,0.0717518545276164
87,3 HK,2008,5,0.09583449098124419
88,3 HK,2008,6,0.04804206772813525
89,3 HK,2008,7,0.03313997489273694
90,3 HK,2008,8,0.01656969024241312
91,3 HK,2008,9,0.0223930594282473
92,3 HK,2008,10,0.07786078964682833
93,3 HK,2008,11,0.045429547869693894
94,3 HK,2008,12,0.12457654645956713
95,3 HK,2009,1,0.17065561487893424
96,3 HK,2009,2,0.01786468077027562
97,3 HK,2009,3,0.020153060547515294
98,3 HK,2009,4,0.08504835197348397
99,3 HK,2009,5,0.07964852957408732
100,3 HK,2009,6,0.015586344848880829
101,3 HK,2009,7,0.037317461471856085
102,3 HK,2009,8,0.014032240295828892
103,3 HK,2009,9,0.016085751725260316
104,3 HK,2009,10,0.022979130482508662
105,3 HK,2009,11,0.015524746115555942
106,3 HK,2009,12,0.009726418730266317
107,3 HK,2010,1,0.017186788506371425
108,3 HK,2010,2,0.03912586463189419
109,3 HK,2010,3,0.012290243381929815
110,3 HK,2010,4,0.018474922867052445
111,3 HK,2010,5,0.017040543201202355
112,3 HK,2010,6,0.013838168639025586
113,3 HK,2010,7,0.026660119079607244
114,3 HK,2010,8,0.00841287509166496
115,3 HK,2010,9,0.019948588373768904
116,3 HK,2010,10,0.02087881656774174
117,3 HK,2010,11,0.0058986822208126595
118,3 HK,2010,12,0.009440448358889677
119,3 HK,2011,1,0.0061677094299817286
120,3 HK,2011,2,0.021983713018188213
121,3 HK,2011,3,0.012025083036906643
122,3 HK,2011,4,0.009702466566083557
123,3 HK,2011,5,0.009489134430578257
124,3 HK,2011,6,0.011209748259357711
125,3 HK,2011,7,0.011643116508807706
126,3 HK,2011,8,0.018194397035804975
127,3 HK,2011,9,0.022719762294563815
128,3 HK,2011,10,0.027454923641229256
129,3 HK,2011,11,0.011516262073250206
130,3 HK,2011,12,0.01866575214297258
131,3 HK,2012,1,0.02438595163595562
132,3 HK,2012,2,0.008538018559577093
133,3 HK,2012,3,0.010921956257345955
134,3 HK,2012,4,0.017158743003526624
135,3 HK,2012,5,0.011244012202308041
136,3 HK,2012,6,0.010667379185838414
137,3 HK,2012,7,0.03293758063374803
138,3 HK,2012,8,0.0061762540716184325
139,3 HK,2012,9,0.009188193692694796
140,3 HK,2012,10,0.029656226408763885
141,3 HK,2012,11,0.0106824956241619
142,3 HK,2012,12,0.03288390151617331
143,3 HK,2013,1,0.03218195740238929
144,3 HK,2013,2,0.034767121297013585
145,3 HK,2013,3,0.031243013084441655
146,3 HK,2013,4,0.05757375229382072
147,3 HK,2013,5,0.07446784609374496
148,3 HK,2013,6,0.017805575097182877
149,3 HK,2013,7,0.017940623409394858
150,3 HK,2013,8,0.033240344006400566
151,3 HK,2013,9,0.007625064618812641
152,3 HK,2013,10,0.006936307803607859
153,3 HK,2013,11,0.005255365993600769
154,3 HK,2013,12,0.018233383521251974
155,3 HK,2014,1,0.04244567237494981
156,3 HK,2014,2,0.038949398567348255
157,3 HK,2014,3,0.010471678650343397
158,3 HK,2014,4,0.023381516555749677
159,3 HK,2014,5,0.03424032545526528
160,3 HK,2014,6,0.010253103891335182
161,3 HK,2014,7,0.008016047954526944
162,3 HK,2014,8,0.0117596191032577
163,3 HK,2014,9,0.012664288096992247
164,3 HK,2014,10,0.01364854907618576
165,3 HK,2014,11,0.009142414173393855
166,3 HK,2014,12,0.01277762469972733
167,3 HK,2015,1,0.010013120838109107
168,3 HK,2015,2,0.004663665268554245
169,3 HK,2015,3,0.00564997135974574
170,3 HK,2015,4,0.01602516561804903
171,3 HK,2015,5,0.03362684175340368
172,3 HK,2015,6,0.008754948559084243
173,3 HK,2015,7,0.014243347795346799
174,3 HK,2015,8,0.010630227806349741
175,3 HK,2015,9,0.030091962080284813
176,3 HK,2015,10,0.02103054935630953
177,3 HK,2015,11,0.00993657647916495
178,3 HK,2015,12,0.00695460051217487
179,3 HK,2016,1,0.013494047335603268
180,3 HK,2016,2,0.029693343773585804
181,3 HK,2016,3,0.01568455179372971
0,315 HK,2001,2,0.021804830554807426
1,315 HK,2001,3,0.01824571929623282
2,315 HK,2001,4,0.04613979513860094
3,315 HK,2001,5,0.018026530620307596
4,315 HK,2001,6,0.025559864031447697
5,315 HK,2001,7,0.03060674308405331
6,315 HK,2001,8,0.020625956718983277
7,315 HK,2001,9,0.043154650841370795
8,315 HK,2001,10,0.04600077256155507
9,315 HK,2001,11,0.010957641141884885
10,315 HK,2001,12,0.05147867608329371
11,315 HK,2002,1,0.025776119052217588
12,315 HK,2002,2,0.02948543836317977
13,315 HK,2002,3,0.02506040467624512
14,315 HK,2002,4,0.010714268681513654
15,315 HK,2002,5,0.028132345891263018
16,315 HK,2002,6,0.020384574044379912
17,315 HK,2002,7,0.02263789521202696
18,315 HK,2002,8,0.018586346097537548
19,315 HK,2002,9,0.017195520447531212
20,315 HK,2002,10,0.06833895022419137
21,315 HK,2002,11,0.022144840781801994
22,315 HK,2002,12,0.03016557455698655
23,315 HK,2003,1,0.015895772400442473
24,315 HK,2003,2,0.011629229903317505
25,315 HK,2003,3,0.02294050812299804
26,315 HK,2003,4,0.01731927480798724
27,315 HK,2003,5,0.01110105715596072
28,315 HK,2003,6,0.014548547909109432
29,315 HK,2003,7,0.011416344094558377
30,315 HK,2003,8,0.014904645943165533
31,315 HK,2003,9,0.05527575763503297
32,315 HK,2003,10,0.0920240797711417
33,315 HK,2003,11,0.07522271505629088
34,315 HK,2003,12,0.034114708564059425
35,315 HK,2004,1,0.043767534706421245
36,315 HK,2004,2,0.0168520048418457
37,315 HK,2004,3,0.01254553691852544
38,315 HK,2004,4,0.020491607402199047
39,315 HK,2004,5,0.026498835342949997
40,315 HK,2004,6,0.02125016377503523
41,315 HK,2004,7,0.015489490464828332
42,315 HK,2004,8,0.013774192106427299
43,315 HK,2004,9,0.015292501749130851
44,315 HK,2004,10,0.02219955674022936
45,315 HK,2004,11,0.01482675875461206
46,315 HK,2004,12,0.01145923266675136
47,315 HK,2005,1,0.01418207722051444
48,315 HK,2005,2,0.018548874855638425
49,315 HK,2005,3,0.01853038882251906
50,315 HK,2005,4,0.015330646378048525
51,315 HK,2005,5,0.007849492124760457
52,315 HK,2005,6,0.006255141066022259
53,315 HK,2005,7,0.011260241968488693
54,315 HK,2005,8,0.014487279895219968
55,315 HK,2005,9,0.026318947617372315
56,315 HK,2005,10,0.016242514299275222
57,315 HK,2005,11,0.01829371464339042
58,315 HK,2005,12,0.020547416648351184
59,315 HK,2006,1,0.02980758830085922
60,315 HK,2006,2,0.024607371452067917
61,315 HK,2006,3,0.014238689837038562
62,315 HK,2006,4,0.039272604697518955
63,315 HK,2006,5,0.040723815401082705
64,315 HK,2006,6,0.01932796485265008
65,315 HK,2006,7,0.009486205045841826
66,315 HK,2006,8,0.016709241649087856
67,315 HK,2006,9,0.009401609076614208
68,315 HK,2006,10,0.03363373519385808
69,315 HK,2006,11,0.009166392705738595
70,315 HK,2006,12,0.014882745890354558
71,315 HK,2007,1,0.014631380686172875
72,315 HK,2007,2,0.019421629996028766
73,315 HK,2007,3,0.028535954884841085
74,315 HK,2007,4,0.060976179208302804
75,315 HK,2007,5,0.06133909574708003
76,315 HK,2007,6,0.04521123900788851
77,315 HK,2007,7,0.054187983038883655
78,315 HK,2007,8,0.03983059739522541
79,315 HK,2007,9,0.08383992953187583
80,315 HK,2007,10,0.10909875401063962
81,315 HK,2007,11,0.03545887089185154
82,315 HK,2007,12,0.012997263343498874
83,315 HK,2008,1,0.015308320769991536
84,315 HK,2008,2,0.016886894968231068
85,315 HK,2008,3,0.03912649934269557
86,315 HK,2008,4,0.036369713117270566
87,315 HK,2008,5,0.09487902248465763
88,315 HK,2008,6,0.050329356126437165
89,315 HK,2008,7,0.052872033672675234
90,315 HK,2008,8,0.0621078096310862
91,315 HK,2008,9,0.04188536143139785
92,315 HK,2008,10,0.10068683713547165
93,315 HK,2008,11,0.02324675633103835
94,315 HK,2008,12,0.03397360399844696
95,315 HK,2009,1,0.03843702674593504
96,315 HK,2009,2,0.024566283173089835
97,315 HK,2009,3,0.018875086542551132
98,315 HK,2009,4,0.08670807910878256
99,315 HK,2009,5,0.09949302851638896
100,315 HK,2009,6,0.012850020127253123
101,315 HK,2009,7,0.08529490431020814
102,315 HK,2009,8,0.011506534042156591
103,315 HK,2009,9,0.026392692299762873
104,315 HK,2009,10,0.057084417115267704
105,315 HK,2009,11,0.01745463841558865
106,315 HK,2009,12,0.049493326640492795
107,315 HK,2010,1,0.05066039236773568
108,315 HK,2010,2,0.04536775277263256
109,315 HK,2010,3,0.014647975227701514
110,315 HK,2010,4,0.03185070134646761
111,315 HK,2010,5,0.05345367520369011
112,315 HK,2010,6,0.08058884119753995
113,315 HK,2010,7,0.0864299798252991
114,315 HK,2010,8,0.012819276126933359
115,315 HK,2010,9,0.0827184488217763
116,315 HK,2010,10,0.08183316091118853
117,315 HK,2010,11,0.02085794492014737
118,315 HK,2010,12,0.03645055710943703
119,315 HK,2011,1,0.03564077190375553
120,315 HK,2011,2,0.08864607388358399
121,315 HK,2011,3,0.029155936052326935
122,315 HK,2011,4,0.09471496804275174
123,315 HK,2011,5,0.0800659379071537
124,315 HK,2011,6,0.05992274023208432
125,315 HK,2011,7,0.023150188201829534
126,315 HK,2011,8,0.04128012420458191
127,315 HK,2011,9,0.09626460245855266
128,315 HK,2011,10,0.08334419250432586
129,315 HK,2011,11,0.031229493952387787
130,315 HK,2011,12,0.024365666046788845
131,315 HK,2012,1,0.03184935078660449
132,315 HK,2012,2,0.04103239265150382
133,315 HK,2012,3,0.02188503128907201
134,315 HK,2012,4,0.03805349345917687
135,315 HK,2012,5,0.017166952386438488
136,315 HK,2012,6,0.009459403947069452
137,315 HK,2012,7,0.018096206795229056
138,315 HK,2012,8,0.016011393589388193
139,315 HK,2012,9,0.026059575821074127
140,315 HK,2012,10,0.012272212235283539
141,315 HK,2012,11,0.018807338607813705
142,315 HK,2012,12,0.010372570891082858
143,315 HK,2013,1,0.014657988196372802
144,315 HK,2013,2,0.015325609219585583
145,315 HK,2013,3,0.020375380056717768
146,315 HK,2013,4,0.017388023038432943
147,315 HK,2013,5,0.027308148930905548
148,315 HK,2013,6,0.016438254085640567
149,315 HK,2013,7,0.0121884190669286
150,315 HK,2013,8,0.026675010819672614
151,315 HK,2013,9,0.05350246895783521
152,315 HK,2013,10,0.04199094788364061
153,315 HK,2013,11,0.017850646217967458
154,315 HK,2013,12,0.07293979530704975
155,315 HK,2014,1,0.07595603374242574
156,315 HK,2014,2,0.04865064735667943
157,315 HK,2014,3,0.0214615734553863
158,315 HK,2014,4,0.06399879959035099
159,315 HK,2014,5,0.10459194348086866
160,315 HK,2014,6,0.045791333487670616
161,315 HK,2014,7,0.018074539671849483
162,315 HK,2014,8,0.022559986365583748
163,315 HK,2014,9,0.024948826178812316
164,315 HK,2014,10,0.015683838970845482
165,315 HK,2014,11,0.018079122150058042
166,315 HK,2014,12,0.04816453179857503
167,315 HK,2015,1,0.04240706005631238
168,315 HK,2015,2,0.05993137021031265
169,315 HK,2015,3,0.025483030794355165
170,315 HK,2015,4,0.0695394043002275
171,315 HK,2015,5,0.04436055999709546
172,315 HK,2015,6,0.022483720946323688
173,315 HK,2015,7,0.03972280001811671
174,315 HK,2015,8,0.028962916619160346
175,315 HK,2015,9,0.03576321226615433
176,315 HK,2015,10,0.03199834759988582
177,315 HK,2015,11,0.01891069037781582
178,315 HK,2015,12,0.04173851729397398
179,315 HK,2016,1,0.04966797539478141
180,315 HK,2016,2,0.049888303959366775
181,315 HK,2016,3,0.013569312053763462
0,363 HK,2001,2,0.02354337568734883
1,363 HK,2001,3,0.01713295232277244
2,363 HK,2001,4,0.05762179915974473
3,363 HK,2001,5,0.020212330023958593
4,363 HK,2001,6,0.03072902676804342
5,363 HK,2001,7,0.03086622058739137
6,363 HK,2001,8,0.012161282155785904
7,363 HK,2001,9,0.03285218430285945
8,363 HK,2001,10,0.043962477845362356
9,363 HK,2001,11,0.012907077694575655
10,363 HK,2001,12,0.018043986092075893
11,363 HK,2002,1,0.026920675069836048
12,363 HK,2002,2,0.015347645959696227
13,363 HK,2002,3,0.012469026243740812
14,363 HK,2002,4,0.013278978447996675
15,363 HK,2002,5,0.034496431374790894
16,363 HK,2002,6,0.014867376023429274
17,363 HK,2002,7,0.024562381542930865
18,363 HK,2002,8,0.01946178867139804
19,363 HK,2002,9,0.0262412676362437
20,363 HK,2002,10,0.03977770313677341
21,363 HK,2002,11,0.015138844642496017
22,363 HK,2002,12,0.01827079863394047
23,363 HK,2003,1,0.03707262808210817
24,363 HK,2003,2,0.03381720150862292
25,363 HK,2003,3,0.019052160992242054
26,363 HK,2003,4,0.025943704809967792
27,363 HK,2003,5,0.0527153837685992
28,363 HK,2003,6,0.01606584572808194
29,363 HK,2003,7,0.021868031624132762
30,363 HK,2003,8,0.011474568478351647
31,363 HK,2003,9,0.02933238926393445
32,363 HK,2003,10,0.022218945736016515
33,363 HK,2003,11,0.022146451036543727
34,363 HK,2003,12,0.02039027727288975
35,363 HK,2004,1,0.0342299345879435
36,363 HK,2004,2,0.021957926596661213
37,363 HK,2004,3,0.02459372127001438
38,363 HK,2004,4,0.020859642324689728
39,363 HK,2004,5,0.025057599776088332
40,363 HK,2004,6,0.01898482412579695
41,363 HK,2004,7,0.025370960556405784
42,363 HK,2004,8,0.015168682379225133
43,363 HK,2004,9,0.0165267562721768
44,363 HK,2004,10,0.023452465549311803
45,363 HK,2004,11,0.008358592687993096
46,363 HK,2004,12,0.012059818128341442
47,363 HK,2005,1,0.0107325443364778
48,363 HK,2005,2,0.020378372922055635
49,363 HK,2005,3,0.01009288500592288
50,363 HK,2005,4,0.0071090035337989035
51,363 HK,2005,5,0.015446296673028857
52,363 HK,2005,6,0.0104885334362079
53,363 HK,2005,7,0.010769527473954018
54,363 HK,2005,8,0.007884935673771989
55,363 HK,2005,9,0.011835249254198366
56,363 HK,2005,10,0.017896563768369036
57,363 HK,2005,11,0.011662559116995038
58,363 HK,2005,12,0.017899865355199728
59,363 HK,2006,1,0.014604812858017999
60,363 HK,2006,2,0.017121076715546975
61,363 HK,2006,3,0.009673147515368968
62,363 HK,2006,4,0.0401995889744226
63,363 HK,2006,5,0.03134778235186328
64,363 HK,2006,6,0.02540226292665819
65,363 HK,2006,7,0.011447303614269136
66,363 HK,2006,8,0.013794469532154659
67,363 HK,2006,9,0.012983275733200437
68,363 HK,2006,10,0.011275483796809146
69,363 HK,2006,11,0.017963879615565767
70,363 HK,2006,12,0.019939091047954608
71,363 HK,2007,1,0.018005207552722256
72,363 HK,2007,2,0.04137598799227784
73,363 HK,2007,3,0.017941141932840333
74,363 HK,2007,4,0.028821706060438667
75,363 HK,2007,5,0.02734446540723032
76,363 HK,2007,6,0.04342630755397209
77,363 HK,2007,7,0.032781421220640615
78,363 HK,2007,8,0.041904184333408284
79,363 HK,2007,9,0.018589474299250952
80,363 HK,2007,10,0.03033654032838236
81,363 HK,2007,11,0.040022195206243845
82,363 HK,2007,12,0.024508020345638332
83,363 HK,2008,1,0.037552292692872885
84,363 HK,2008,2,0.024754638551780065
85,363 HK,2008,3,0.04822162504724355
86,363 HK,2008,4,0.023889577165441583
87,363 HK,2008,5,0.029007267624063218
88,363 HK,2008,6,0.022854894268667034
89,363 HK,2008,7,0.03542231808076304
90,363 HK,2008,8,0.026119892193615095
91,363 HK,2008,9,0.03571146649832702
92,363 HK,2008,10,0.06940831265609783
93,363 HK,2008,11,0.06373846108320422
94,363 HK,2008,12,0.04999328628752279
95,363 HK,2009,1,0.03616124637606259
96,363 HK,2009,2,0.022716610796049218
97,363 HK,2009,3,0.03168261636136586
98,363 HK,2009,4,0.03935691548268583
99,363 HK,2009,5,0.04085726888740619
100,363 HK,2009,6,0.03162069021871334
101,363 HK,2009,7,0.03732849088981065
102,363 HK,2009,8,0.027179696438534448
103,363 HK,2009,9,0.023503218496971647
104,363 HK,2009,10,0.026674559983282133
105,363 HK,2009,11,0.01817518497680957
106,363 HK,2009,12,0.032602409339439094
107,363 HK,2010,1,0.024792917055107232
108,363 HK,2010,2,0.021665737545537665
109,363 HK,2010,3,0.016726504410525596
110,363 HK,2010,4,0.022387359913081967
111,363 HK,2010,5,0.028527935176270936
112,363 HK,2010,6,0.024401623711659774
113,363 HK,2010,7,0.0237117013063073
114,363 HK,2010,8,0.014937666052514979
115,363 HK,2010,9,0.01839296763111823
116,363 HK,2010,10,0.015432592390858924
117,363 HK,2010,11,0.01323394066426568
118,363 HK,2010,12,0.01777156667813066
119,363 HK,2011,1,0.012219571007124893
120,363 HK,2011,2,0.021932258435998865
121,363 HK,2011,3,0.02118435936761339
122,363 HK,2011,4,0.02956003565667703
123,363 HK,2011,5,0.017898289952850206
124,363 HK,2011,6,0.013822187314497376
125,363 HK,2011,7,0.01791130757665552
126,363 HK,2011,8,0.03193316619382611
127,363 HK,2011,9,0.024463903918391747
128,363 HK,2011,10,0.0496222629295544
129,363 HK,2011,11,0.02056218444188172
130,363 HK,2011,12,0.019602378443839084
131,363 HK,2012,1,0.025807949794474087
132,363 HK,2012,2,0.011022352737916952
133,363 HK,2012,3,0.01432115687592537
134,363 HK,2012,4,0.03802374003282282
135,363 HK,2012,5,0.021838993027081657
136,363 HK,2012,6,0.017656756325477144
137,363 HK,2012,7,0.016249549022013577
138,363 HK,2012,8,0.013621827301101508
139,363 HK,2012,9,0.016667784780382295
140,363 HK,2012,10,0.01922885346692508
141,363 HK,2012,11,0.00798932511629961
142,363 HK,2012,12,0.008588033068836048
143,363 HK,2013,1,0.015081290165108598
144,363 HK,2013,2,0.014529318382507688
145,363 HK,2013,3,0.017285178511313122
146,363 HK,2013,4,0.016075415336091546
147,363 HK,2013,5,0.0312752091092078
148,363 HK,2013,6,0.01641892310970869
149,363 HK,2013,7,0.013094869482462886
150,363 HK,2013,8,0.01156697626826063
151,363 HK,2013,9,0.017063409221637345
152,363 HK,2013,10,0.014026977701231739
153,363 HK,2013,11,0.015150395225534864
154,363 HK,2013,12,0.022132859273371042
155,363 HK,2014,1,0.028299115888244755
156,363 HK,2014,2,0.01739336986789843
157,363 HK,2014,3,0.018858250852304345
158,363 HK,2014,4,0.011734874864369119
159,363 HK,2014,5,0.015160209106159379
160,363 HK,2014,6,0.0165165934455485
161,363 HK,2014,7,0.01903550803246808
162,363 HK,2014,8,0.01038960769861209
163,363 HK,2014,9,0.01868674651534805
164,363 HK,2014,10,0.017968798529774642
165,363 HK,2014,11,0.009698331505926501
166,363 HK,2014,12,0.01199650631583001
167,363 HK,2015,1,0.009450286821044101
168,363 HK,2015,2,0.019244717847731817
169,363 HK,2015,3,0.009278014372311438
170,363 HK,2015,4,0.04022227685985305
171,363 HK,2015,5,0.023488821157580473
172,363 HK,2015,6,0.018647131490799763
173,363 HK,2015,7,0.03944819528940528
174,363 HK,2015,8,0.028495547522809733
175,363 HK,2015,9,0.04365823036844332
176,363 HK,2015,10,0.046983176726431396
177,363 HK,2015,11,0.016149820074897816
178,363 HK,2015,12,0.021201358065392122
179,363 HK,2016,1,0.030336789385806175
180,363 HK,2016,2,0.0315321792259808
181,363 HK,2016,3,0.01623389788905418
0,4 HK,2001,2,0.016824059214113115
1,4 HK,2001,3,0.03698477289190756
2,4 HK,2001,4,0.04083147243410344
3,4 HK,2001,5,0.017380471014752513
4,4 HK,2001,6,0.023176561619949604
5,4 HK,2001,7,0.02821924674938072
6,4 HK,2001,8,0.013574767194531684
7,4 HK,2001,9,0.03867213913816051
8,4 HK,2001,10,0.03593988929609627
9,4 HK,2001,11,0.022300546332872935
10,4 HK,2001,12,0.021771797329502473
11,4 HK,2002,1,0.022017461995186876
12,4 HK,2002,2,0.01637147206117513
13,4 HK,2002,3,0.014751219692740937
14,4 HK,2002,4,0.02573579792708323
15,4 HK,2002,5,0.037396277963162444
16,4 HK,2002,6,0.01632121148056523
17,4 HK,2002,7,0.01825253531719355
18,4 HK,2002,8,0.025011054331274426
19,4 HK,2002,9,0.01843151427074467
20,4 HK,2002,10,0.024460440122806255
21,4 HK,2002,11,0.018289621416519197
22,4 HK,2002,12,0.023438549806160898
23,4 HK,2003,1,0.03319797947199294
24,4 HK,2003,2,0.023253384156004905
25,4 HK,2003,3,0.02076037740078254
26,4 HK,2003,4,0.05298988556616376
27,4 HK,2003,5,0.014251631400919854
28,4 HK,2003,6,0.026122909012582428
29,4 HK,2003,7,0.011743517122781422
30,4 HK,2003,8,0.020377218266773734
31,4 HK,2003,9,0.024578607458998224
32,4 HK,2003,10,0.03282343553202127
33,4 HK,2003,11,0.01652103427047296
34,4 HK,2003,12,0.02102385047679406
35,4 HK,2004,1,0.037936571570821774
36,4 HK,2004,2,0.0214448731372825
37,4 HK,2004,3,0.020827983059802997
38,4 HK,2004,4,0.03948145807698898
39,4 HK,2004,5,0.03867769886976622
40,4 HK,2004,6,0.021132734271777063
41,4 HK,2004,7,0.01751775891554715
42,4 HK,2004,8,0.018913716427929893
43,4 HK,2004,9,0.016290037026668733
44,4 HK,2004,10,0.027295289932495154
45,4 HK,2004,11,0.014252750005503776
46,4 HK,2004,12,0.012124040839869035
47,4 HK,2005,1,0.014055243785342699
48,4 HK,2005,2,0.009919144639219285
49,4 HK,2005,3,0.013232583552941978
50,4 HK,2005,4,0.013540835189951117
51,4 HK,2005,5,0.010642029632174078
52,4 HK,2005,6,0.010058417496007539
53,4 HK,2005,7,0.015783002833778263
54,4 HK,2005,8,0.011583181325478767
55,4 HK,2005,9,0.018910864761352224
56,4 HK,2005,10,0.015605435540484701
57,4 HK,2005,11,0.014887881836577257
58,4 HK,2005,12,0.010892839154883453
59,4 HK,2006,1,0.021339393017843943
60,4 HK,2006,2,0.017948074092285445
61,4 HK,2006,3,0.011207706543667552
62,4 HK,2006,4,0.02071902952108319
63,4 HK,2006,5,0.021061746267676505
64,4 HK,2006,6,0.015899006351355483
65,4 HK,2006,7,0.011762463113078672
66,4 HK,2006,8,0.013547416384983154
67,4 HK,2006,9,0.008248021459705848
68,4 HK,2006,10,0.012186510210614274
69,4 HK,2006,11,0.006897462493540277
70,4 HK,2006,12,0.008107974495261674
71,4 HK,2007,1,0.014634511566716335
72,4 HK,2007,2,0.015332472240470307
73,4 HK,2007,3,0.010395126129274826
74,4 HK,2007,4,0.009199536765875396
75,4 HK,2007,5,0.018300880330835507
76,4 HK,2007,6,0.028111614230519652
77,4 HK,2007,7,0.022427269064219067
78,4 HK,2007,8,0.030118119574284074
79,4 HK,2007,9,0.027402928388416348
80,4 HK,2007,10,0.03580622280344878
81,4 HK,2007,11,0.0388602559848368
82,4 HK,2007,12,0.034879684792306534
83,4 HK,2008,1,0.053307285194536896
84,4 HK,2008,2,0.028897438141254117
85,4 HK,2008,3,0.029360874833067742
86,4 HK,2008,4,0.016941304013335535
87,4 HK,2008,5,0.0204215394848676
88,4 HK,2008,6,0.024400100179803635
89,4 HK,2008,7,0.02722197142053457
90,4 HK,2008,8,0.03060980415758128
91,4 HK,2008,9,0.03258125741577708
92,4 HK,2008,10,0.07193962782129609
93,4 HK,2008,11,0.06703851165887316
94,4 HK,2008,12,0.05634935066770095
95,4 HK,2009,1,0.03761157911467739
96,4 HK,2009,2,0.02928413865933688
97,4 HK,2009,3,0.04028884190301147
98,4 HK,2009,4,0.04184329157599111
99,4 HK,2009,5,0.03731678106411394
100,4 HK,2009,6,0.030749980874584863
101,4 HK,2009,7,0.03717444317772799
102,4 HK,2009,8,0.03311685792487678
103,4 HK,2009,9,0.02193246368491426
104,4 HK,2009,10,0.01888115034801106
105,4 HK,2009,11,0.026522852339356567
106,4 HK,2009,12,0.025572698680419597
107,4 HK,2010,1,0.02377059710822002
108,4 HK,2010,2,0.027421771168826433
109,4 HK,2010,3,0.017633480126108145
110,4 HK,2010,4,0.017148277322115348
111,4 HK,2010,5,0.028653971163447225
112,4 HK,2010,6,0.018194108205983696
113,4 HK,2010,7,0.01682804924939288
114,4 HK,2010,8,0.00984328795984046
115,4 HK,2010,9,0.01952757399371489
116,4 HK,2010,10,0.015889667598201238
117,4 HK,2010,11,0.021276365423846245
118,4 HK,2010,12,0.025973265197623545
119,4 HK,2011,1,0.013972466592979642
120,4 HK,2011,2,0.019962022157791498
121,4 HK,2011,3,0.01948502628770879
122,4 HK,2011,4,0.015664440243747805
123,4 HK,2011,5,0.013753623053340908
124,4 HK,2011,6,0.013902860646685925
125,4 HK,2011,7,0.01805173524303938
126,4 HK,2011,8,0.0205533843277915
127,4 HK,2011,9,0.025704025402413837
128,4 HK,2011,10,0.056759096162561105
129,4 HK,2011,11,0.027562611599793414
130,4 HK,2011,12,0.021701625615122375
131,4 HK,2012,1,0.022915564768020414
132,4 HK,2012,2,0.016006874240713082
133,4 HK,2012,3,0.0178065356701288
134,4 HK,2012,4,0.014961195923937128
135,4 HK,2012,5,0.019840204726201197
136,4 HK,2012,6,0.020300035069780283
137,4 HK,2012,7,0.018636267592524663
138,4 HK,2012,8,0.014166421956062606
139,4 HK,2012,9,0.017832237055297122
140,4 HK,2012,10,0.015385160199408847
141,4 HK,2012,11,0.016236713294269168
142,4 HK,2012,12,0.01830625595665888
143,4 HK,2013,1,0.012143909303508676
144,4 HK,2013,2,0.018909129644048957
145,4 HK,2013,3,0.025155563808745295
146,4 HK,2013,4,0.015345250791207226
147,4 HK,2013,5,0.020072479187537098
148,4 HK,2013,6,0.027061009467454742
149,4 HK,2013,7,0.01783896570441156
150,4 HK,2013,8,0.02187844206350466
151,4 HK,2013,9,0.018249417574394758
152,4 HK,2013,10,0.012710697041428505
153,4 HK,2013,11,0.01032941036962591
154,4 HK,2013,12,0.008566918949742533
155,4 HK,2014,1,0.015987379885052774
156,4 HK,2014,2,0.0188095413493293
157,4 HK,2014,3,0.01987047025814672
158,4 HK,2014,4,0.017291949381330697
159,4 HK,2014,5,0.021953772493377457
160,4 HK,2014,6,0.010707155540166168
161,4 HK,2014,7,0.013903700935914406
162,4 HK,2014,8,0.011954548699964925
163,4 HK,2014,9,0.01692699500281577
164,4 HK,2014,10,0.015229905213209749
165,4 HK,2014,11,0.008660672078037838
166,4 HK,2014,12,0.009607812526477254
167,4 HK,2015,1,0.012682381430175364
168,4 HK,2015,2,0.014299457857119691
169,4 HK,2015,3,0.01643704658075148
170,4 HK,2015,4,0.019725498273297237
171,4 HK,2015,5,0.012911604529725472
172,4 HK,2015,6,0.010486878639536443
173,4 HK,2015,7,0.016839274154881637
174,4 HK,2015,8,0.023681017694349913
175,4 HK,2015,9,0.027374115149469604
176,4 HK,2015,10,0.014513505879855842
177,4 HK,2015,11,0.019277260112972757
178,4 HK,2015,12,0.010166801944673164
179,4 HK,2016,1,0.019676917760879806
180,4 HK,2016,2,0.021017591411255167
181,4 HK,2016,3,0.02152407095582286
0,494 HK,2001,2,0.027386134975464577
1,494 HK,2001,3,0.031939497762627285
2,494 HK,2001,4,0.050779275165882404
3,494 HK,2001,5,0.052057832254895714
4,494 HK,2001,6,0.039894430318900595
5,494 HK,2001,7,0.05035654653739057
6,494 HK,2001,8,0.03978158211002869
7,494 HK,2001,9,0.040708446355693914
8,494 HK,2001,10,0.17550515014060014
9,494 HK,2001,11,0.03568474840546831
10,494 HK,2001,12,0.06886359366439518
11,494 HK,2002,1,0.05430106525002409
12,494 HK,2002,2,0.032398853684725046
13,494 HK,2002,3,0.05765542554916038
14,494 HK,2002,4,0.0905869739252541
15,494 HK,2002,5,0.10967591401639284
16,494 HK,2002,6,0.03415761806323954
17,494 HK,2002,7,0.03715099380383813
18,494 HK,2002,8,0.029100786954012914
19,494 HK,2002,9,0.027301068117127663
20,494 HK,2002,10,0.11466154792585787
21,494 HK,2002,11,0.02448948463877647
22,494 HK,2002,12,0.07023807770262723
23,494 HK,2003,1,0.09947333127904598
24,494 HK,2003,2,0.058552565550717556
25,494 HK,2003,3,0.02494816171651969
26,494 HK,2003,4,0.050063208759189105
27,494 HK,2003,5,0.05270807512534999
28,494 HK,2003,6,0.023208705053211456
29,494 HK,2003,7,0.021581200877206667
30,494 HK,2003,8,0.02700443565519531
31,494 HK,2003,9,0.06761618360771626
32,494 HK,2003,10,0.05330265637588968
33,494 HK,2003,11,0.017756776016336944
34,494 HK,2003,12,0.05254882242052968
35,494 HK,2004,1,0.10221158144256053
36,494 HK,2004,2,0.01911680351867522
37,494 HK,2004,3,0.030608391768605837
38,494 HK,2004,4,0.0446806677751598
39,494 HK,2004,5,0.04158390474750852
40,494 HK,2004,6,0.03107778324816259
41,494 HK,2004,7,0.029913250062052015
42,494 HK,2004,8,0.023509122297119354
43,494 HK,2004,9,0.045619248239817195
44,494 HK,2004,10,0.07609336658335537
45,494 HK,2004,11,0.017212469940144578
46,494 HK,2004,12,0.018455107388179293
47,494 HK,2005,1,0.019878961955711625
48,494 HK,2005,2,0.020784364498091713
49,494 HK,2005,3,0.014403959070554567
50,494 HK,2005,4,0.020262282261572194
51,494 HK,2005,5,0.017035114615112222
52,494 HK,2005,6,0.015200457433376058
53,494 HK,2005,7,0.03527620613355499
54,494 HK,2005,8,0.015210810572171751
55,494 HK,2005,9,0.044415765353281525
56,494 HK,2005,10,0.030524964367553527
57,494 HK,2005,11,0.01697013306744245
58,494 HK,2005,12,0.027745327357634353
59,494 HK,2006,1,0.055831601734621664
60,494 HK,2006,2,0.03541427737721856
61,494 HK,2006,3,0.019620063210740158
62,494 HK,2006,4,0.024668466709568605
63,494 HK,2006,5,0.03526528481710849
64,494 HK,2006,6,0.029483861644746593
65,494 HK,2006,7,0.024570405056624826
66,494 HK,2006,8,0.02161548716257797
67,494 HK,2006,9,0.015916230110495828
68,494 HK,2006,10,0.01631637347736661
69,494 HK,2006,11,0.025707250739783034
70,494 HK,2006,12,0.020420355290568036
71,494 HK,2007,1,0.028266891198138706
72,494 HK,2007,2,0.055454274524856684
73,494 HK,2007,3,0.03008910263958953
74,494 HK,2007,4,0.02017761693515272
75,494 HK,2007,5,0.02238496293939603
76,494 HK,2007,6,0.022633927309663175
77,494 HK,2007,7,0.02392906876783234
78,494 HK,2007,8,0.03071619050949194
79,494 HK,2007,9,0.051944377919994046
80,494 HK,2007,10,0.07164310533051794
81,494 HK,2007,11,0.04685680190904537
82,494 HK,2007,12,0.04404492205776643
83,494 HK,2008,1,0.04659358155271739
84,494 HK,2008,2,0.04666815863164417
85,494 HK,2008,3,0.03942183665886129
86,494 HK,2008,4,0.022501022619266266
87,494 HK,2008,5,0.05810585881406474
88,494 HK,2008,6,0.026565662046423945
89,494 HK,2008,7,0.05319569012885852
90,494 HK,2008,8,0.03382785090049886
91,494 HK,2008,9,0.03787867342044757
92,494 HK,2008,10,0.12107659532662268
93,494 HK,2008,11,0.06480832668081811
94,494 HK,2008,12,0.08703646171022775
95,494 HK,2009,1,0.08519919283872311
96,494 HK,2009,2,0.036340047560028586
97,494 HK,2009,3,0.036310061537087567
98,494 HK,2009,4,0.08354423919463047
99,494 HK,2009,5,0.08936545391988947
100,494 HK,2009,6,0.040230435889301114
101,494 HK,2009,7,0.02989832087712172
102,494 HK,2009,8,0.03842068799813983
103,494 HK,2009,9,0.037224724276001396
104,494 HK,2009,10,0.058552650736242814
105,494 HK,2009,11,0.02378320400099527
106,494 HK,2009,12,0.021936802413377834
107,494 HK,2010,1,0.03268158330147644
108,494 HK,2010,2,0.018671952122643123
109,494 HK,2010,3,0.034327851513182794
110,494 HK,2010,4,0.014228928529132535
111,494 HK,2010,5,0.04944074647212073
112,494 HK,2010,6,0.029365035527872736
113,494 HK,2010,7,0.049599298893936467
114,494 HK,2010,8,0.012725481300947078
115,494 HK,2010,9,0.01731960313868981
116,494 HK,2010,10,0.01712118742360399
117,494 HK,2010,11,0.020478595529341826
118,494 HK,2010,12,0.026110168738531683
119,494 HK,2011,1,0.021104695900329703
120,494 HK,2011,2,0.05993493841008967
121,494 HK,2011,3,0.02963685275657795
122,494 HK,2011,4,0.028826687395428152
123,494 HK,2011,5,0.029418793981294607
124,494 HK,2011,6,0.025501141905699486
125,494 HK,2011,7,0.04204887176174161
126,494 HK,2011,8,0.034226175028624635
127,494 HK,2011,9,0.07918259927397923
128,494 HK,2011,10,0.11023147048997275
129,494 HK,2011,11,0.040206831893449174
130,494 HK,2011,12,0.03263240049193021
131,494 HK,2012,1,0.049393530860529604
132,494 HK,2012,2,0.01886513634466917
133,494 HK,2012,3,0.02322407598639826
134,494 HK,2012,4,0.07477971264149373
135,494 HK,2012,5,0.05559615437865273
136,494 HK,2012,6,0.02333389209389274
137,494 HK,2012,7,0.03226672395183442
138,494 HK,2012,8,0.04339822320929459
139,494 HK,2012,9,0.023858776716023145
140,494 HK,2012,10,0.030037144660621615
141,494 HK,2012,11,0.02075050184498806
142,494 HK,2012,12,0.02859050281321468
143,494 HK,2013,1,0.05553331199595635
144,494 HK,2013,2,0.05654688521056536
145,494 HK,2013,3,0.029349741334480435
146,494 HK,2013,4,0.0491390772419114
147,494 HK,2013,5,0.0564842342086186
148,494 HK,2013,6,0.018168505694659658
149,494 HK,2013,7,0.024059245467658304
150,494 HK,2013,8,0.02395602370931807
151,494 HK,2013,9,0.019280094212681568
152,494 HK,2013,10,0.013345919417262892
153,494 HK,2013,11,0.015242775735815714
154,494 HK,2013,12,0.03577393040281223
155,494 HK,2014,1,0.0391885575423305
156,494 HK,2014,2,0.013410350721627794
157,494 HK,2014,3,0.04841763891985922
158,494 HK,2014,4,0.03333018035486669
159,494 HK,2014,5,0.022304660676361544
160,494 HK,2014,6,0.016120723043130555
161,494 HK,2014,7,0.03286626018388222
162,494 HK,2014,8,0.01341074434087808
163,494 HK,2014,9,0.039064030613989636
164,494 HK,2014,10,0.016086993761203105
165,494 HK,2014,11,0.011695824537254523
166,494 HK,2014,12,0.03926610121081249
167,494 HK,2015,1,0.03822379989436463
168,494 HK,2015,2,0.016004619655546583
169,494 HK,2015,3,0.020509141810542288
170,494 HK,2015,4,0.010941380537044135
171,494 HK,2015,5,0.028994180534220676
172,494 HK,2015,6,0.0188238677099754
173,494 HK,2015,7,0.03849359720189103
174,494 HK,2015,8,0.028623928367122277
175,494 HK,2015,9,0.08501562979422121
176,494 HK,2015,10,0.021661294745760326
177,494 HK,2015,11,0.020186565930689872
178,494 HK,2015,12,0.014215770343579192
179,494 HK,2016,1,0.020674689597003915
180,494 HK,2016,2,0.01994246602146577
181,494 HK,2016,3,0.05816250070502388
0,5 HK,2001,2,0.019364392310407656
1,5 HK,2001,3,0.015567171266632327
2,5 HK,2001,4,0.018076463642835182
3,5 HK,2001,5,0.016475341382338388
4,5 HK,2001,6,0.010591241452343287
5,5 HK,2001,7,0.01147859314732628
6,5 HK,2001,8,0.012824245282321532
7,5 HK,2001,9,0.040094226631429544
8,5 HK,2001,10,0.027451147858065555
9,5 HK,2001,11,0.008138437025575986
10,5 HK,2001,12,0.014634249205799194
11,5 HK,2002,1,0.013089365134316822
12,5 HK,2002,2,0.011942526512613858
13,5 HK,2002,3,0.015502648333933845
14,5 HK,2002,4,0.008378852708244814
15,5 HK,2002,5,0.008862532723508672
16,5 HK,2002,6,0.01194689105488662
17,5 HK,2002,7,0.013341310920123344
18,5 HK,2002,8,0.013122397604729882
19,5 HK,2002,9,0.013647374732780652
20,5 HK,2002,10,0.010970825337220673
21,5 HK,2002,11,0.01281115504074592
22,5 HK,2002,12,0.009153963401659648
23,5 HK,2003,1,0.008979349399029718
24,5 HK,2003,2,0.006411471415420216
25,5 HK,2003,3,0.011345051481381655
26,5 HK,2003,4,0.010975376626508234
27,5 HK,2003,5,0.009436076291327273
28,5 HK,2003,6,0.00850352537914259
29,5 HK,2003,7,0.009468217938804193
30,5 HK,2003,8,0.010383482260637476
31,5 HK,2003,9,0.008099787525692789
32,5 HK,2003,10,0.012445375126044567
33,5 HK,2003,11,0.011175983148000725
34,5 HK,2003,12,0.007282694422270216
35,5 HK,2004,1,0.009793088804893307
36,5 HK,2004,2,0.009337168857207348
37,5 HK,2004,3,0.008628736822474255
38,5 HK,2004,4,0.009059393083057412
39,5 HK,2004,5,0.009331147776758388
40,5 HK,2004,6,0.009783962897275
41,5 HK,2004,7,0.006915427616962492
42,5 HK,2004,8,0.008103016356158028
43,5 HK,2004,9,0.005693739873006896
44,5 HK,2004,10,0.004803510310728249
45,5 HK,2004,11,0.00940062074587009
46,5 HK,2004,12,0.0070196842607134205
47,5 HK,2005,1,0.006193348003005544
48,5 HK,2005,2,0.005101619022411316
49,5 HK,2005,3,0.007643137496306012
50,5 HK,2005,4,0.004654754260730641
51,5 HK,2005,5,0.004869678394681958
52,5 HK,2005,6,0.0051920315929168395
53,5 HK,2005,7,0.005427612483109312
54,5 HK,2005,8,0.005275236633539936
55,5 HK,2005,9,0.0032812724850342827
56,5 HK,2005,10,0.0049383032387667666
57,5 HK,2005,11,0.0036669429706098727
58,5 HK,2005,12,0.00475433230890244
59,5 HK,2006,1,0.007470265321572993
60,5 HK,2006,2,0.004200454205056808
61,5 HK,2006,3,0.0061450318576686085
62,5 HK,2006,4,0.005152008617719083
63,5 HK,2006,5,0.013698082244426256
64,5 HK,2006,6,0.008663550710910886
65,5 HK,2006,7,0.007162894819467661
66,5 HK,2006,8,0.004906025578903795
67,5 HK,2006,9,0.005091706575195959
68,5 HK,2006,10,0.008530128808606806
69,5 HK,2006,11,0.007412823620308429
70,5 HK,2006,12,0.006137610837294007
71,5 HK,2007,1,0.007227694321450835
72,5 HK,2007,2,0.006364612317431049
73,5 HK,2007,3,0.010479926233375342
74,5 HK,2007,4,0.005474712144533439
75,5 HK,2007,5,0.0053747483933081295
76,5 HK,2007,6,0.005156721637981965
77,5 HK,2007,7,0.007977118337351055
78,5 HK,2007,8,0.012460800258513103
79,5 HK,2007,9,0.008145084457046174
80,5 HK,2007,10,0.014477029892156962
81,5 HK,2007,11,0.013613901859998247
82,5 HK,2007,12,0.01204564881066561
83,5 HK,2008,1,0.03622646831098057
84,5 HK,2008,2,0.022279713669549738
85,5 HK,2008,3,0.01785678185245629
86,5 HK,2008,4,0.009152945051613489
87,5 HK,2008,5,0.007722811911711036
88,5 HK,2008,6,0.00911828856790015
89,5 HK,2008,7,0.019392202529612337
90,5 HK,2008,8,0.01396847587607353
91,5 HK,2008,9,0.02580676107516847
92,5 HK,2008,10,0.0684321871578424
93,5 HK,2008,11,0.03141636450451989
94,5 HK,2008,12,0.030573324361080446
95,5 HK,2009,1,0.03142236074642284
96,5 HK,2009,2,0.028087898470222902
97,5 HK,2009,3,0.08076061860906975
98,5 HK,2009,4,0.04460703808694978
99,5 HK,2009,5,0.03226758479585589
100,5 HK,2009,6,0.021358668348250263
101,5 HK,2009,7,0.019938801475902133
102,5 HK,2009,8,0.02544029473925858
103,5 HK,2009,9,0.017502386231593777
104,5 HK,2009,10,0.013573773632586543
105,5 HK,2009,11,0.026677838861275765
106,5 HK,2009,12,0.012518198633350146
107,5 HK,2010,1,0.010129268351639456
108,5 HK,2010,2,0.01594087439804925
109,5 HK,2010,3,0.01761243748224033
110,5 HK,2010,4,0.01577564963807147
111,5 HK,2010,5,0.02213255349622538
112,5 HK,2010,6,0.014748776733405052
113,5 HK,2010,7,0.013120106947284917
114,5 HK,2010,8,0.010632647952824037
115,5 HK,2010,9,0.009880545672170437
116,5 HK,2010,10,0.012108420386160128
117,5 HK,2010,11,0.01677695049044784
118,5 HK,2010,12,0.008808839533106452
119,5 HK,2011,1,0.012545279140918464
120,5 HK,2011,2,0.014499111528212908
121,5 HK,2011,3,0.015816317810619422
122,5 HK,2011,4,0.008117030104172907
123,5 HK,2011,5,0.011256148704043513
124,5 HK,2011,6,0.010437993822767704
125,5 HK,2011,7,0.012504877582467768
126,5 HK,2011,8,0.026479378573202487
127,5 HK,2011,9,0.02354276242264074
128,5 HK,2011,10,0.02436375139505149
129,5 HK,2011,11,0.02619785182221428
130,5 HK,2011,12,0.019926342359703177
131,5 HK,2012,1,0.014369222129201406
132,5 HK,2012,2,0.012247097218529495
133,5 HK,2012,3,0.011265198680737193
134,5 HK,2012,4,0.012637801120379238
135,5 HK,2012,5,0.014691708068619871
136,5 HK,2012,6,0.013021460290630076
137,5 HK,2012,7,0.01689871406592724
138,5 HK,2012,8,0.009360563132091049
139,5 HK,2012,9,0.011711032646439724
140,5 HK,2012,10,0.008463457569775972
141,5 HK,2012,11,0.010149728692429378
142,5 HK,2012,12,0.006643659206480837
143,5 HK,2013,1,0.0074314480260501015
144,5 HK,2013,2,0.010424033501485038
145,5 HK,2013,3,0.009927550367513492
146,5 HK,2013,4,0.009684061324055344
147,5 HK,2013,5,0.009683265797611354
148,5 HK,2013,6,0.010044214112044396
149,5 HK,2013,7,0.010229963496699348
150,5 HK,2013,8,0.013512844346966138
151,5 HK,2013,9,0.010710159404590146
152,5 HK,2013,10,0.006387953295053503
153,5 HK,2013,11,0.007121809274137152
154,5 HK,2013,12,0.008039408210513811
155,5 HK,2014,1,0.011243661141951133
156,5 HK,2014,2,0.010707308290435296
157,5 HK,2014,3,0.008063148669006719
158,5 HK,2014,4,0.007293228757024222
159,5 HK,2014,5,0.0075846483484202495
160,5 HK,2014,6,0.004734313302433868
161,5 HK,2014,7,0.006331548992394479
162,5 HK,2014,8,0.008134433764646991
163,5 HK,2014,9,0.007720116574783275
164,5 HK,2014,10,0.007694407261549174
165,5 HK,2014,11,0.004818821943195149
166,5 HK,2014,12,0.010160482644536386
167,5 HK,2015,1,0.010003001710287611
168,5 HK,2015,2,0.012526967275864371
169,5 HK,2015,3,0.009916887139176853
170,5 HK,2015,4,0.01192293122154862
171,5 HK,2015,5,0.00995395024543796
172,5 HK,2015,6,0.00802159649153209
173,5 HK,2015,7,0.014946526045652872
174,5 HK,2015,8,0.014025734631689707
175,5 HK,2015,9,0.01666718905503167
176,5 HK,2015,10,0.011567350051313267
177,5 HK,2015,11,0.011461515486712818
178,5 HK,2015,12,0.010989323867764791
179,5 HK,2016,1,0.017771979619377192
180,5 HK,2016,2,0.021322152504766878
181,5 HK,2016,3,0.012067808383686726
0,511 HK,2001,2,0.019427941765730226
1,511 HK,2001,3,0.018801033967092862
2,511 HK,2001,4,0.031574849870555574
3,511 HK,2001,5,0.011062277590562029
4,511 HK,2001,6,0.03188985640061243
5,511 HK,2001,7,0.019799029814872044
6,511 HK,2001,8,0.027327867847167116
7,511 HK,2001,9,0.054221817874521516
8,511 HK,2001,10,0.042209315481841606
9,511 HK,2001,11,0.03907778667841205
10,511 HK,2001,12,0.031364653480034206
11,511 HK,2002,1,0.026303691373136324
12,511 HK,2002,2,0.03258029776517023
13,511 HK,2002,3,0.021308506762662126
14,511 HK,2002,4,0.01745617468718904
15,511 HK,2002,5,0.020409683719081778
16,511 HK,2002,6,0.02086402273384541
17,511 HK,2002,7,0.026590801149628432
18,511 HK,2002,8,0.029797924987699058
19,511 HK,2002,9,0.0289605060927689
20,511 HK,2002,10,0.036104524219628155
21,511 HK,2002,11,0.02569738635805855
22,511 HK,2002,12,0.022309159980724143
23,511 HK,2003,1,0.017564283694878818
24,511 HK,2003,2,0.01911131112492893
25,511 HK,2003,3,0.011222097981899359
26,511 HK,2003,4,0.019575845149403807
27,511 HK,2003,5,0.021252782669018203
28,511 HK,2003,6,0.02682071657819449
29,511 HK,2003,7,0.026889136279624647
30,511 HK,2003,8,0.027039194341688777
31,511 HK,2003,9,0.028056663363341644
32,511 HK,2003,10,0.037724883123219234
33,511 HK,2003,11,0.01423058686673433
34,511 HK,2003,12,0.01914227245207707
35,511 HK,2004,1,0.017200619061702865
36,511 HK,2004,2,0.020032555213177886
37,511 HK,2004,3,0.01793163807805281
38,511 HK,2004,4,0.019867464840875326
39,511 HK,2004,5,0.03635582234746194
40,511 HK,2004,6,0.02083731721181387
41,511 HK,2004,7,0.01714602663931388
42,511 HK,2004,8,0.01932019779970051
43,511 HK,2004,9,0.025170827867176136
44,511 HK,2004,10,0.016535576306057384
45,511 HK,2004,11,0.013442278369362778
46,511 HK,2004,12,0.015102382611431162
47,511 HK,2005,1,0.01831193503923206
48,511 HK,2005,2,0.014239332049797814
49,511 HK,2005,3,0.017968582399411917
50,511 HK,2005,4,0.015062902864996161
51,511 HK,2005,5,0.026987678720714288
52,511 HK,2005,6,0.02319732953623665
53,511 HK,2005,7,0.015533679343765788
54,511 HK,2005,8,0.00950064340432012
55,511 HK,2005,9,0.03570504337832902
56,511 HK,2005,10,0.02263445328416978
57,511 HK,2005,11,0.01686554203836653
58,511 HK,2005,12,0.012695841703863942
59,511 HK,2006,1,0.017976978498784643
60,511 HK,2006,2,0.015911566074008905
61,511 HK,2006,3,0.015372496893693684
62,511 HK,2006,4,0.025006475520075094
63,511 HK,2006,5,0.018179625654541884
64,511 HK,2006,6,0.02477611768235752
65,511 HK,2006,7,0.012316289558255615
66,511 HK,2006,8,0.012508126647896505
67,511 HK,2006,9,0.012496974783532476
68,511 HK,2006,10,0.017155424447384528
69,511 HK,2006,11,0.010286400857715735
70,511 HK,2006,12,0.0195375852221599
71,511 HK,2007,1,0.026705598209227396
72,511 HK,2007,2,0.015149717218718751
73,511 HK,2007,3,0.018964989759563053
74,511 HK,2007,4,0.01577776292594998
75,511 HK,2007,5,0.021294800554018455
76,511 HK,2007,6,0.02293700203741574
77,511 HK,2007,7,0.018230213391485475
78,511 HK,2007,8,0.02718902356481968
79,511 HK,2007,9,0.021072305599485124
80,511 HK,2007,10,0.02591250537825073
81,511 HK,2007,11,0.030731194373969036
82,511 HK,2007,12,0.02064999104560048
83,511 HK,2008,1,0.01566499867261954
84,511 HK,2008,2,0.01962921756847151
85,511 HK,2008,3,0.03015514984935603
86,511 HK,2008,4,0.013665205512120658
87,511 HK,2008,5,0.041258942867845955
88,511 HK,2008,6,0.023247527414380156
89,511 HK,2008,7,0.013562801395574203
90,511 HK,2008,8,0.013127994695543113
91,511 HK,2008,9,0.02687253255228588
92,511 HK,2008,10,0.06830226789877951
93,511 HK,2008,11,0.055974229845112154
94,511 HK,2008,12,0.023265701403306877
95,511 HK,2009,1,0.017997702833160083
96,511 HK,2009,2,0.0228015288784856
97,511 HK,2009,3,0.030761650345856963
98,511 HK,2009,4,0.034066831461668313
99,511 HK,2009,5,0.023413016313093643
100,511 HK,2009,6,0.020050020035850186
101,511 HK,2009,7,0.012487028652483537
102,511 HK,2009,8,0.014384682437831435
103,511 HK,2009,9,0.011201996438391907
104,511 HK,2009,10,0.030965872820503476
105,511 HK,2009,11,0.017938788271723013
106,511 HK,2009,12,0.011440152617304885
107,511 HK,2010,1,0.023199033849939103
108,511 HK,2010,2,0.021240441300545497
109,511 HK,2010,3,0.01507930332139915
110,511 HK,2010,4,0.011566183471134639
111,511 HK,2010,5,0.021954424501309747
112,511 HK,2010,6,0.01891372609366422
113,511 HK,2010,7,0.009369049798048612
114,511 HK,2010,8,0.016747736727676262
115,511 HK,2010,9,0.042100421875560415
116,511 HK,2010,10,0.014585003307485578
117,511 HK,2010,11,0.017193738748234252
118,511 HK,2010,12,0.017674331819091987
119,511 HK,2011,1,0.02127453977735357
120,511 HK,2011,2,0.01619231354540151
121,511 HK,2011,3,0.012234171957383216
122,511 HK,2011,4,0.01534035314663101
123,511 HK,2011,5,0.014512784976775044
124,511 HK,2011,6,0.016399526312547225
125,511 HK,2011,7,0.015085888073980409
126,511 HK,2011,8,0.025497994416705003
127,511 HK,2011,9,0.03239948473102323
128,511 HK,2011,10,0.0332247343214765
129,511 HK,2011,11,0.0110521934759678
130,511 HK,2011,12,0.01882961600589012
131,511 HK,2012,1,0.01888024888302735
132,511 HK,2012,2,0.01956433661641736
133,511 HK,2012,3,0.01654866841919511
134,511 HK,2012,4,0.020277086608726014
135,511 HK,2012,5,0.02068206166726663
136,511 HK,2012,6,0.013967809791856462
137,511 HK,2012,7,0.01596487765345017
138,511 HK,2012,8,0.0123032853323796
139,511 HK,2012,9,0.019060115766754735
140,511 HK,2012,10,0.011416718783388336
141,511 HK,2012,11,0.009201633931081058
142,511 HK,2012,12,0.015937193538364473
143,511 HK,2013,1,0.011502512405089699
144,511 HK,2013,2,0.018058242142899184
145,511 HK,2013,3,0.013593021536738706
146,511 HK,2013,4,0.0064658627308099076
147,511 HK,2013,5,0.014771959842446765
148,511 HK,2013,6,0.023766603619402006
149,511 HK,2013,7,0.01705095275755534
150,511 HK,2013,8,0.012461622771329756
151,511 HK,2013,9,0.013829673080370598
152,511 HK,2013,10,0.010800067100568814
153,511 HK,2013,11,0.011967428495951934
154,511 HK,2013,12,0.010219278027356945
155,511 HK,2014,1,0.011113546515533375
156,511 HK,2014,2,0.011384626184261266
157,511 HK,2014,3,0.014507086341156232
158,511 HK,2014,4,0.010207152057522055
159,511 HK,2014,5,0.013876751545477791
160,511 HK,2014,6,0.00884288121202134
161,511 HK,2014,7,0.004615302435013947
162,511 HK,2014,8,0.01108400223076519
163,511 HK,2014,9,0.00785606493262686
164,511 HK,2014,10,0.010131526892036521
165,511 HK,2014,11,0.007224132418565201
166,511 HK,2014,12,0.014612579545815655
167,511 HK,2015,1,0.011830720760731654
168,511 HK,2015,2,0.007336030714397293
169,511 HK,2015,3,0.013738153063738434
170,511 HK,2015,4,0.010691491097826326
171,511 HK,2015,5,0.03251408984974685
172,511 HK,2015,6,0.016798912440110288
173,511 HK,2015,7,0.019725516453000407
174,511 HK,2015,8,0.03525734058423662
175,511 HK,2015,9,0.023561463581296967
176,511 HK,2015,10,0.01792119680777622
177,511 HK,2015,11,0.027451488973572004
178,511 HK,2015,12,0.019042457575679177
179,511 HK,2016,1,0.02187907691510474
180,511 HK,2016,2,0.020510491347453877
181,511 HK,2016,3,0.0201988371866271
0,6 HK,2001,2,0.01704848328385995
1,6 HK,2001,3,0.013409369278921831
2,6 HK,2001,4,0.01841782865674994
3,6 HK,2001,5,0.014818593705141896
4,6 HK,2001,6,0.020798269523787907
5,6 HK,2001,7,0.018501275233201782
6,6 HK,2001,8,0.010860011369959541
7,6 HK,2001,9,0.015603561781540274
8,6 HK,2001,10,0.02588792803410713
9,6 HK,2001,11,0.012169163739819657
10,6 HK,2001,12,0.008672780609531285
11,6 HK,2002,1,0.007547063572299156
12,6 HK,2002,2,0.007457773100685986
13,6 HK,2002,3,0.008819057405718951
14,6 HK,2002,4,0.012688413559892543
15,6 HK,2002,5,0.007956714680086616
16,6 HK,2002,6,0.009784653152106115
17,6 HK,2002,7,0.01112584903196724
18,6 HK,2002,8,0.01034353199438986
19,6 HK,2002,9,0.010124148737031533
20,6 HK,2002,10,0.018952391093771087
21,6 HK,2002,11,0.010729517332102145
22,6 HK,2002,12,0.012878751605153308
23,6 HK,2003,1,0.010773371224978718
24,6 HK,2003,2,0.007430194944631649
25,6 HK,2003,3,0.012601724108125443
26,6 HK,2003,4,0.011274683724344016
27,6 HK,2003,5,0.012440987083253838
28,6 HK,2003,6,0.008983666141601798
29,6 HK,2003,7,0.006188947111588608
30,6 HK,2003,8,0.0043186558004026
31,6 HK,2003,9,0.009606479460486123
32,6 HK,2003,10,0.005080434146326866
33,6 HK,2003,11,0.005014613573027733
34,6 HK,2003,12,0.006377273153430988
35,6 HK,2004,1,0.010497907972336814
36,6 HK,2004,2,0.0064989321417862796
37,6 HK,2004,3,0.013286916976698019
38,6 HK,2004,4,0.01661065261804469
39,6 HK,2004,5,0.020034093759220058
40,6 HK,2004,6,0.012432578498530166
41,6 HK,2004,7,0.010332690379361197
42,6 HK,2004,8,0.007967424615995394
43,6 HK,2004,9,0.008531132005498442
44,6 HK,2004,10,0.009612543233721528
45,6 HK,2004,11,0.007225944803713989
46,6 HK,2004,12,0.005462188461904155
47,6 HK,2005,1,0.006709012875330773
48,6 HK,2005,2,0.004655086912673796
49,6 HK,2005,3,0.0041764162843403365
50,6 HK,2005,4,0.005615968676831081
51,6 HK,2005,5,0.008043218140204008
52,6 HK,2005,6,0.005129833589974202
53,6 HK,2005,7,0.004901683519200018
54,6 HK,2005,8,0.008169502447255445
55,6 HK,2005,9,0.009410229086634659
56,6 HK,2005,10,0.007883863651687346
57,6 HK,2005,11,0.009293358375238224
58,6 HK,2005,12,0.014447432970626572
59,6 HK,2006,1,0.010779880793530624
60,6 HK,2006,2,0.006849277593332782
61,6 HK,2006,3,0.006386241829289944
62,6 HK,2006,4,0.02085846357115036
63,6 HK,2006,5,0.020096440477149254
64,6 HK,2006,6,0.011816498652814051
65,6 HK,2006,7,0.006384843370764077
66,6 HK,2006,8,0.006027132732555472
67,6 HK,2006,9,0.009184771236281742
68,6 HK,2006,10,0.005672869368912309
69,6 HK,2006,11,0.006098995550529467
70,6 HK,2006,12,0.007892963449135601
71,6 HK,2007,1,0.007608683141081139
72,6 HK,2007,2,0.011750918327291098
73,6 HK,2007,3,0.0163898465000572
74,6 HK,2007,4,0.021517384876436074
75,6 HK,2007,5,0.014485808219561235
76,6 HK,2007,6,0.013676441343238366
77,6 HK,2007,7,0.007960356377524387
78,6 HK,2007,8,0.011076524238145176
79,6 HK,2007,9,0.014611865919761623
80,6 HK,2007,10,0.013682076721446957
81,6 HK,2007,11,0.01429304901738001
82,6 HK,2007,12,0.027848690500831462
83,6 HK,2008,1,0.024376735234888976
84,6 HK,2008,2,0.018083831328290348
85,6 HK,2008,3,0.02932287923785105
86,6 HK,2008,4,0.013653845836821747
87,6 HK,2008,5,0.018117797299862445
88,6 HK,2008,6,0.014870576007092918
89,6 HK,2008,7,0.00920789557682624
90,6 HK,2008,8,0.017076259659266013
91,6 HK,2008,9,0.015402654462775018
92,6 HK,2008,10,0.05099847906468023
93,6 HK,2008,11,0.03634076395228677
94,6 HK,2008,12,0.021439857356209825
95,6 HK,2009,1,0.019973990148757576
96,6 HK,2009,2,0.019376038750821754
97,6 HK,2009,3,0.01651060434777913
98,6 HK,2009,4,0.0092724542473161
99,6 HK,2009,5,0.016183052981607222
100,6 HK,2009,6,0.010218123474065066
101,6 HK,2009,7,0.007808655204227422
102,6 HK,2009,8,0.007858962959534019
103,6 HK,2009,9,0.007268896465329717
104,6 HK,2009,10,0.008035090261902283
105,6 HK,2009,11,0.0063918579649717274
106,6 HK,2009,12,0.004303213353994786
107,6 HK,2010,1,0.005409790935926019
108,6 HK,2010,2,0.004273525271223245
109,6 HK,2010,3,0.010339668239934815
110,6 HK,2010,4,0.015627904255627646
111,6 HK,2010,5,0.015452007996878245
112,6 HK,2010,6,0.007069667703437526
113,6 HK,2010,7,0.007917169655755436
114,6 HK,2010,8,0.0074426431046501615
115,6 HK,2010,9,0.007838738790055071
116,6 HK,2010,10,0.01224325626021768
117,6 HK,2010,11,0.00854524402305184
118,6 HK,2010,12,0.00786578063211159
119,6 HK,2011,1,0.00540467566414231
120,6 HK,2011,2,0.00993659423007504
121,6 HK,2011,3,0.009135144365898098
122,6 HK,2011,4,0.009053213137200427
123,6 HK,2011,5,0.017954618797187967
124,6 HK,2011,6,0.013940081472176106
125,6 HK,2011,7,0.015528258545868796
126,6 HK,2011,8,0.016587462378330524
127,6 HK,2011,9,0.01720209209673884
128,6 HK,2011,10,0.015636744765526085
129,6 HK,2011,11,0.0085398531361682
130,6 HK,2011,12,0.01009166619078819
131,6 HK,2012,1,0.022285299862993994
132,6 HK,2012,2,0.007906464526732949
133,6 HK,2012,3,0.008771819600656294
134,6 HK,2012,4,0.004925559280184454
135,6 HK,2012,5,0.014851267112672328
136,6 HK,2012,6,0.007836110139260763
137,6 HK,2012,7,0.00793894662872718
138,6 HK,2012,8,0.009884948711970681
139,6 HK,2012,9,0.012688300796103988
140,6 HK,2012,10,0.012804882164166547
141,6 HK,2012,11,0.007705179098036178
142,6 HK,2012,12,0.007737052770598874
143,6 HK,2013,1,0.006983040908297872
144,6 HK,2013,2,0.01351795424598657
145,6 HK,2013,3,0.012155429767887157
146,6 HK,2013,4,0.007889371590908483
147,6 HK,2013,5,0.02480982130242415
148,6 HK,2013,6,0.013639000168454206
149,6 HK,2013,7,0.01395453114071075
150,6 HK,2013,8,0.013775560124953339
151,6 HK,2013,9,0.009978130023304336
152,6 HK,2013,10,0.012892927188465925
153,6 HK,2013,11,0.007342577702514055
154,6 HK,2013,12,0.010074982232771222
155,6 HK,2014,1,0.016550448485415228
156,6 HK,2014,2,0.01318170527001191
157,6 HK,2014,3,0.0076155144552990835
158,6 HK,2014,4,0.013927036692243296
159,6 HK,2014,5,0.014246671763799347
160,6 HK,2014,6,0.00969698162642515
161,6 HK,2014,7,0.009816241714882136
162,6 HK,2014,8,0.01049408546553917
163,6 HK,2014,9,0.014041229512314084
164,6 HK,2014,10,0.012580784862648206
165,6 HK,2014,11,0.013895095958229306
166,6 HK,2014,12,0.01238794062175681
167,6 HK,2015,1,0.011462687334376274
168,6 HK,2015,2,0.00891802028548578
169,6 HK,2015,3,0.011033099334059457
170,6 HK,2015,4,0.009796856565095552
171,6 HK,2015,5,0.00993970299190453
172,6 HK,2015,6,0.012207585705376375
173,6 HK,2015,7,0.01659657644213135
174,6 HK,2015,8,0.01571828748295518
175,6 HK,2015,9,0.02448645929745155
176,6 HK,2015,10,0.008633282993673356
177,6 HK,2015,11,0.010834893376387003
178,6 HK,2015,12,0.007959163066615722
179,6 HK,2016,1,0.0174218749924483
180,6 HK,2016,2,0.011812224751157903
181,6 HK,2016,3,0.010653452486673234
0,8 HK,2001,2,0.028429714748701766
1,8 HK,2001,3,0.020231167435262244
2,8 HK,2001,4,0.05939517771322557
3,8 HK,2001,5,0.027232402621853002
4,8 HK,2001,6,0.04760241282558942
5,8 HK,2001,7,0.09678548552441957
6,8 HK,2001,8,0.020482648403063797
7,8 HK,2001,9,0.04429704509628482
8,8 HK,2001,10,0.06975032840556027
9,8 HK,2001,11,0.020951418656159834
10,8 HK,2001,12,0.017450010734624155
11,8 HK,2002,1,0.02309087210690919
12,8 HK,2002,2,0.01742459955873719
13,8 HK,2002,3,0.0248139907247721
14,8 HK,2002,4,0.02407988722006732
15,8 HK,2002,5,0.055195960035169425
16,8 HK,2002,6,0.008764751663796755
17,8 HK,2002,7,0.03116366903107826
18,8 HK,2002,8,0.015905986786953666
19,8 HK,2002,9,0.02512083076667334
20,8 HK,2002,10,0.18041195483562872
21,8 HK,2002,11,0.03474305070960621
22,8 HK,2002,12,0.0420963824146778
23,8 HK,2003,1,0.045162660904397425
24,8 HK,2003,2,0.0270086609484865
25,8 HK,2003,3,0.029246370109734337
26,8 HK,2003,4,0.10588704686620706
27,8 HK,2003,5,0.10244687023230166
28,8 HK,2003,6,0.054724221892968994
29,8 HK,2003,7,0.0762284279449895
30,8 HK,2003,8,0.022004870962904672
31,8 HK,2003,9,0.06715546958215916
32,8 HK,2003,10,0.037390163017648886
33,8 HK,2003,11,0.016329227342258102
34,8 HK,2003,12,0.0299849556200773
35,8 HK,2004,1,0.04959735222691477
36,8 HK,2004,2,0.023011159332661603
37,8 HK,2004,3,0.022620383037761073
38,8 HK,2004,4,0.05338068049063469
39,8 HK,2004,5,0.027761392478103424
40,8 HK,2004,6,0.03320014059970067
41,8 HK,2004,7,0.02358079272222362
42,8 HK,2004,8,0.022990335616722007
43,8 HK,2004,9,0.01814466925428017
44,8 HK,2004,10,0.018508531779167146
45,8 HK,2004,11,0.009679797528386115
46,8 HK,2004,12,0.017674105021814546
47,8 HK,2005,1,0.011910583176723364
48,8 HK,2005,2,0.019860119504872778
49,8 HK,2005,3,0.034772858475013976
50,8 HK,2005,4,0.021119908139409994
51,8 HK,2005,5,0.01221391387913475
52,8 HK,2005,6,0.007134819530126907
53,8 HK,2005,7,0.022020384099149942
54,8 HK,2005,8,0.013619797311373501
55,8 HK,2005,9,0.03384784864165782
56,8 HK,2005,10,0.03004291847758956
57,8 HK,2005,11,0.015472194094920073
58,8 HK,2005,12,0.030580578425790712
59,8 HK,2006,1,0.043313618400210516
60,8 HK,2006,2,0.04672035258400543
61,8 HK,2006,3,0.014820060709084145
62,8 HK,2006,4,0.0802313089449647
63,8 HK,2006,5,0.08229382644811313
64,8 HK,2006,6,0.03877075244552478
65,8 HK,2006,7,0.019791205913426098
66,8 HK,2006,8,0.007958838836879943
67,8 HK,2006,9,0.0056750822702133835
68,8 HK,2006,10,0.050065247135602696
69,8 HK,2006,11,0.01887844731005595
70,8 HK,2006,12,0.0365088188400134
71,8 HK,2007,1,0.03622824000187519
72,8 HK,2007,2,0.04170665690951472
73,8 HK,2007,3,0.00960494124911879
74,8 HK,2007,4,0.04156771799314493
75,8 HK,2007,5,0.074143276032207
76,8 HK,2007,6,0.049191677266685635
77,8 HK,2007,7,0.05040295730029705
78,8 HK,2007,8,0.008318444591772703
79,8 HK,2007,9,0.07620800063395534
80,8 HK,2007,10,0.09410411933840078
81,8 HK,2007,11,0.01411162957214711
82,8 HK,2007,12,0.04736769763483414
83,8 HK,2008,1,0.04448715330452743
84,8 HK,2008,2,0.03274974343518408
85,8 HK,2008,3,0.07033094612421055
86,8 HK,2008,4,0.07085105119090085
87,8 HK,2008,5,0.10853974802621293
88,8 HK,2008,6,0.07059850491077373
89,8 HK,2008,7,0.061365680867002524
90,8 HK,2008,8,0.10534370827484511
91,8 HK,2008,9,0.06909204844549166
92,8 HK,2008,10,0.11957066353928615
93,8 HK,2008,11,0.06593782839693382
94,8 HK,2008,12,0.04072181240985832
95,8 HK,2009,1,0.03837106163598328
96,8 HK,2009,2,0.028425360376485197
97,8 HK,2009,3,0.012830744873601262
98,8 HK,2009,4,0.045514636790574964
99,8 HK,2009,5,0.18141349355276096
100,8 HK,2009,6,0.011529147251828634
101,8 HK,2009,7,0.19583655802971353
102,8 HK,2009,8,0.010718958477998275
103,8 HK,2009,9,0.008540269502911214
104,8 HK,2009,10,0.2766956376002175
105,8 HK,2009,11,0.011659663015816078
106,8 HK,2009,12,0.21402511753243023
107,8 HK,2010,1,0.22369004224096883
108,8 HK,2010,2,0.1638165568188142
109,8 HK,2010,3,0.01342102077426029
110,8 HK,2010,4,0.13114686617566082
111,8 HK,2010,5,0.16564992123140992
112,8 HK,2010,6,0.14045197855911498
113,8 HK,2010,7,0.1282071972359861
114,8 HK,2010,8,0.03154133330773322
115,8 HK,2010,9,0.059778060367869285
116,8 HK,2010,10,0.05700599325222918
117,8 HK,2010,11,0.013634085956572351
118,8 HK,2010,12,0.014257766229334893
119,8 HK,2011,1,0.028820389712882602
120,8 HK,2011,2,0.03871123911691751
121,8 HK,2011,3,0.02174323835477177
122,8 HK,2011,4,0.012222151374167562
123,8 HK,2011,5,0.03335630803310795
124,8 HK,2011,6,0.021143353783975558
125,8 HK,2011,7,0.018870100589988184
126,8 HK,2011,8,0.018767937583402148
127,8 HK,2011,9,0.036397894030158404
128,8 HK,2011,10,0.0625486872519198
129,8 HK,2011,11,0.011624654989560654
130,8 HK,2011,12,0.056092777164807935
131,8 HK,2012,1,0.09798378876945965
132,8 HK,2012,2,0.02409275146708591
133,8 HK,2012,3,0.014367881356429253
134,8 HK,2012,4,0.025753036667477157
135,8 HK,2012,5,0.01912028418218271
136,8 HK,2012,6,0.011895156999909137
137,8 HK,2012,7,0.01819859144625057
138,8 HK,2012,8,0.014663589037372174
139,8 HK,2012,9,0.011915566798794797
140,8 HK,2012,10,0.02252480163938741
141,8 HK,2012,11,0.008999454740853896
142,8 HK,2012,12,0.036975929973137145
143,8 HK,2013,1,0.03482707122023481
144,8 HK,2013,2,0.06252820820215974
145,8 HK,2013,3,0.02947355334811888
146,8 HK,2013,4,0.06890232766937207
147,8 HK,2013,5,0.09711862877254845
148,8 HK,2013,6,0.037297028864267036
149,8 HK,2013,7,0.03438728918088212
150,8 HK,2013,8,0.03194630395374248
151,8 HK,2013,9,0.015935528587380676
152,8 HK,2013,10,0.020019925812919007
153,8 HK,2013,11,0.007438655322222133
154,8 HK,2013,12,0.017779531051897814
155,8 HK,2014,1,0.014125853427788068
156,8 HK,2014,2,0.014644635272412478
157,8 HK,2014,3,0.018268422543144567
158,8 HK,2014,4,0.029009779372920635
159,8 HK,2014,5,0.05515776741618377
160,8 HK,2014,6,0.04342704697177234
161,8 HK,2014,7,0.06846646707346887
162,8 HK,2014,8,0.014173216968485133
163,8 HK,2014,9,0.07364231691770573
164,8 HK,2014,10,0.067676958132708
165,8 HK,2014,11,0.01230525181891807
166,8 HK,2014,12,0.07080815615990438
167,8 HK,2015,1,0.07148772818448186
168,8 HK,2015,2,0.04602763282142375
169,8 HK,2015,3,0.01444855486608588
170,8 HK,2015,4,0.03751768367965895
171,8 HK,2015,5,0.056665815185269516
172,8 HK,2015,6,0.013393596289399177
173,8 HK,2015,7,0.023463115360646967
174,8 HK,2015,8,0.022252662819818626
175,8 HK,2015,9,0.10288291498598423
176,8 HK,2015,10,0.09911066684198269
177,8 HK,2015,11,0.013444629285221868
178,8 HK,2015,12,0.05600196137277984
179,8 HK,2016,1,0.06272581466976859
180,8 HK,2016,2,0.054649558598089745
181,8 HK,2016,3,0.047710332206581156
0,83 HK,2001,2,0.026407964086711342
1,83 HK,2001,3,0.04127232449021806
2,83 HK,2001,4,0.07983216672049236
3,83 HK,2001,5,0.01907337507334851
4,83 HK,2001,6,0.024850949739736224
5,83 HK,2001,7,0.02700625254966223
6,83 HK,2001,8,0.018183037603337067
7,83 HK,2001,9,0.0381710387308114
8,83 HK,2001,10,0.12105278798318671
9,83 HK,2001,11,0.029077962679598723
10,83 HK,2001,12,0.06095913007709438
11,83 HK,2002,1,0.058688309258605256
12,83 HK,2002,2,0.06910273653514334
13,83 HK,2002,3,0.04817236829401161
14,83 HK,2002,4,0.07465830829309203
15,83 HK,2002,5,0.14616127059369508
16,83 HK,2002,6,0.01810693344464329
17,83 HK,2002,7,0.06987215681964726
18,83 HK,2002,8,0.016257667836806617
19,83 HK,2002,9,0.026582955724704222
20,83 HK,2002,10,0.03352040446809921
21,83 HK,2002,11,0.021254784661321368
22,83 HK,2002,12,0.021015000473954958
23,83 HK,2003,1,0.03950949226090106
24,83 HK,2003,2,0.03061419922111028
25,83 HK,2003,3,0.021832443869256427
26,83 HK,2003,4,0.12608534152748888
27,83 HK,2003,5,0.17383253682974467
28,83 HK,2003,6,0.1090138907466061
29,83 HK,2003,7,0.09473695921603247
30,83 HK,2003,8,0.040050632947167646
31,83 HK,2003,9,0.029698068315627737
32,83 HK,2003,10,0.0588570341883389
33,83 HK,2003,11,0.028106172235127114
34,83 HK,2003,12,0.015038580885323644
35,83 HK,2004,1,0.10089722370486119
36,83 HK,2004,2,0.022574603452934702
37,83 HK,2004,3,0.018052069186242057
38,83 HK,2004,4,0.06525419628854023
39,83 HK,2004,5,0.05682756345853287
40,83 HK,2004,6,0.07807759827690357
41,83 HK,2004,7,0.0667729760562334
42,83 HK,2004,8,0.022864484963923123
43,83 HK,2004,9,0.022693315919633413
44,83 HK,2004,10,0.03484082389031237
45,83 HK,2004,11,0.013264329334030534
46,83 HK,2004,12,0.03627448660206717
47,83 HK,2005,1,0.02450853844893882
48,83 HK,2005,2,0.015086330643599662
49,83 HK,2005,3,0.015497188557563261
50,83 HK,2005,4,0.013711179272634022
51,83 HK,2005,5,0.018613490119220758
52,83 HK,2005,6,0.016367898776340584
53,83 HK,2005,7,0.025314067322983563
54,83 HK,2005,8,0.01203059887567998
55,83 HK,2005,9,0.014298474872024286
56,83 HK,2005,10,0.01783040737540048
57,83 HK,2005,11,0.024624148131822322
58,83 HK,2005,12,0.017110427947323953
59,83 HK,2006,1,0.025294400052403146
60,83 HK,2006,2,0.021311878985402335
61,83 HK,2006,3,0.01365433952659148
62,83 HK,2006,4,0.026288214118392297
63,83 HK,2006,5,0.06393224266677798
64,83 HK,2006,6,0.03149084428231053
65,83 HK,2006,7,0.01422355899176283
66,83 HK,2006,8,0.010881744408920127
67,83 HK,2006,9,0.011905345601381288
68,83 HK,2006,10,0.03190008254124839
69,83 HK,2006,11,0.02208570720056774
70,83 HK,2006,12,0.03528245912500067
71,83 HK,2007,1,0.044124169242822024
72,83 HK,2007,2,0.0422869762097895
73,83 HK,2007,3,0.0260017598381548
74,83 HK,2007,4,0.02117560074716309
75,83 HK,2007,5,0.020113450923136156
76,83 HK,2007,6,0.01572948618731128
77,83 HK,2007,7,0.03469648724795115
78,83 HK,2007,8,0.029053321191822586
79,83 HK,2007,9,0.038448270995117044
80,83 HK,2007,10,0.05800661306497765
81,83 HK,2007,11,0.04711141553561367
82,83 HK,2007,12,0.05120881747262938
83,83 HK,2008,1,0.05765268505111766
84,83 HK,2008,2,0.05009494197026929
85,83 HK,2008,3,0.09127132523677833
86,83 HK,2008,4,0.040523508151534854
87,83 HK,2008,5,0.047999185097027615
88,83 HK,2008,6,0.03678793348694092
89,83 HK,2008,7,0.041210654913739896
90,83 HK,2008,8,0.03826536329029262
91,83 HK,2008,9,0.03843702310725288
92,83 HK,2008,10,0.11495055473291538
93,83 HK,2008,11,0.053995847592897515
94,83 HK,2008,12,0.10498540981576868
95,83 HK,2009,1,0.10200696972144954
96,83 HK,2009,2,0.03497635744108846
97,83 HK,2009,3,0.043038806830477394
98,83 HK,2009,4,0.05413868370755116
99,83 HK,2009,5,0.06434150513670694
100,83 HK,2009,6,0.034761578358639356
101,83 HK,2009,7,0.026480017246368573
102,83 HK,2009,8,0.026033255551928734
103,83 HK,2009,9,0.023243655249811927
104,83 HK,2009,10,0.04633076798239008
105,83 HK,2009,11,0.02385522106957393
106,83 HK,2009,12,0.016568331068357423
107,83 HK,2010,1,0.017964593451775167
108,83 HK,2010,2,0.04122072069638159
109,83 HK,2010,3,0.016757379102622327
110,83 HK,2010,4,0.014455150210955914
111,83 HK,2010,5,0.0588798680887363
112,83 HK,2010,6,0.045693137896629044
113,83 HK,2010,7,0.029017101623824763
114,83 HK,2010,8,0.01879982421364662
115,83 HK,2010,9,0.01987830548040159
116,83 HK,2010,10,0.03191344990158585
117,83 HK,2010,11,0.030518606677174164
118,83 HK,2010,12,0.017352394457713714
119,83 HK,2011,1,0.0177950974154932
120,83 HK,2011,2,0.03678183853473011
121,83 HK,2011,3,0.01580136981633029
122,83 HK,2011,4,0.030114433076753933
123,83 HK,2011,5,0.02724074956612514
124,83 HK,2011,6,0.021144850040115792
125,83 HK,2011,7,0.012684402312090871
126,83 HK,2011,8,0.02551064078243976
127,83 HK,2011,9,0.06257300497376601
128,83 HK,2011,10,0.08949872736534087
129,83 HK,2011,11,0.03303988965597029
130,83 HK,2011,12,0.04034282614607633
131,83 HK,2012,1,0.031777959349849734
132,83 HK,2012,2,0.019027070519741816
133,83 HK,2012,3,0.026425216551446386
134,83 HK,2012,4,0.024666412460753028
135,83 HK,2012,5,0.024006639043199815
136,83 HK,2012,6,0.02113996024610745
137,83 HK,2012,7,0.034417799673302274
138,83 HK,2012,8,0.019872830633985577
139,83 HK,2012,9,0.019221459223841685
140,83 HK,2012,10,0.04963005041968849
141,83 HK,2012,11,0.014019462920372271
142,83 HK,2012,12,0.028710995622222246
143,83 HK,2013,1,0.03172176015435207
144,83 HK,2013,2,0.04063836969674593
145,83 HK,2013,3,0.020112221810682174
146,83 HK,2013,4,0.02441632977183333
147,83 HK,2013,5,0.01450815841392146
148,83 HK,2013,6,0.052785238837891074
149,83 HK,2013,7,0.038363186861532526
150,83 HK,2013,8,0.02604165435614365
151,83 HK,2013,9,0.02140925492429187
152,83 HK,2013,10,0.019418698643246877
153,83 HK,2013,11,0.010996088327887248
154,83 HK,2013,12,0.028108243765288452
155,83 HK,2014,1,0.03783616990334039
156,83 HK,2014,2,0.02868245021401062
157,83 HK,2014,3,0.012049256714382093
158,83 HK,2014,4,0.021498263148597135
159,83 HK,2014,5,0.015373129408175815
160,83 HK,2014,6,0.02270945627814754
161,83 HK,2014,7,0.03318535007739149
162,83 HK,2014,8,0.013665698783728567
163,83 HK,2014,9,0.04397352651565288
164,83 HK,2014,10,0.013586070715670083
165,83 HK,2014,11,0.011009181826857077
166,83 HK,2014,12,0.013238430033314335
167,83 HK,2015,1,0.012055836589809507
168,83 HK,2015,2,0.010787998880973556
169,83 HK,2015,3,0.017165860035668598
170,83 HK,2015,4,0.015101132533291999
171,83 HK,2015,5,0.03926653686898733
172,83 HK,2015,6,0.014865007916040807
173,83 HK,2015,7,0.018220262198677565
174,83 HK,2015,8,0.022429133632620887
175,83 HK,2015,9,0.04958804218826266
176,83 HK,2015,10,0.02403403067085445
177,83 HK,2015,11,0.022062286148982566
178,83 HK,2015,12,0.011925189632029558
179,83 HK,2016,1,0.020155058156976803
180,83 HK,2016,2,0.023210580445938288
181,83 HK,2016,3,0.0657388255386661
0,941 HK,2001,2,0.019642809819232044
1,941 HK,2001,3,0.039980676931535425
2,941 HK,2001,4,0.04928130345465317
3,941 HK,2001,5,0.02342683470126793
4,941 HK,2001,6,0.024977628337582426
5,941 HK,2001,7,0.01904139975661486
6,941 HK,2001,8,0.04160893871070615
7,941 HK,2001,9,0.04822895116101805
8,941 HK,2001,10,0.04172683424981556
9,941 HK,2001,11,0.02702614058525568
10,941 HK,2001,12,0.02569352349846092
11,941 HK,2002,1,0.029604312234187944
12,941 HK,2002,2,0.021266376808770034
13,941 HK,2002,3,0.019185180553530946
14,941 HK,2002,4,0.01683277457388664
15,941 HK,2002,5,0.02582055545683453
16,941 HK,2002,6,0.013499457574120433
17,941 HK,2002,7,0.01977202992341827
18,941 HK,2002,8,0.016811969954734992
19,941 HK,2002,9,0.01521881048165869
20,941 HK,2002,10,0.023570826282150233
21,941 HK,2002,11,0.018813120013492883
22,941 HK,2002,12,0.018968048357562838
23,941 HK,2003,1,0.021980195783593698
24,941 HK,2003,2,0.014681340491488136
25,941 HK,2003,3,0.02570146280048384
26,941 HK,2003,4,0.022260701594144453
27,941 HK,2003,5,0.017713294359375898
28,941 HK,2003,6,0.020758228156806544
29,941 HK,2003,7,0.025241961784644704
30,941 HK,2003,8,0.015072014176384844
31,941 HK,2003,9,0.018812459174039686
32,941 HK,2003,10,0.025233386665108562
33,941 HK,2003,11,0.018341426820921075
34,941 HK,2003,12,0.017655081412089147
35,941 HK,2004,1,0.028205312558870932
36,941 HK,2004,2,0.016810788473752197
37,941 HK,2004,3,0.018536855795126678
38,941 HK,2004,4,0.016425828554837964
39,941 HK,2004,5,0.02242388810713533
40,941 HK,2004,6,0.02197497968437488
41,941 HK,2004,7,0.016561772193966862
42,941 HK,2004,8,0.014618061906557223
43,941 HK,2004,9,0.012794975731483953
44,941 HK,2004,10,0.017765004520289847
45,941 HK,2004,11,0.01038629849544617
46,941 HK,2004,12,0.014294936555446367
47,941 HK,2005,1,0.015809674057295362
48,941 HK,2005,2,0.013374694874953925
49,941 HK,2005,3,0.012903038575623754
50,941 HK,2005,4,0.012625320040852225
51,941 HK,2005,5,0.016665637868069048
52,941 HK,2005,6,0.011194219593972841
53,941 HK,2005,7,0.014430085699837369
54,941 HK,2005,8,0.02306257188380024
55,941 HK,2005,9,0.015487841561897588
56,941 HK,2005,10,0.019864322625371654
57,941 HK,2005,11,0.011500983601978184
58,941 HK,2005,12,0.016300589245811823
59,941 HK,2006,1,0.016220562073088023
60,941 HK,2006,2,0.011757792061172953
61,941 HK,2006,3,0.017683623359307295
62,941 HK,2006,4,0.01930304473411016
63,941 HK,2006,5,0.021196455604874685
64,941 HK,2006,6,0.02365771914997433
65,941 HK,2006,7,0.016453065509829112
66,941 HK,2006,8,0.01660837047059925
67,941 HK,2006,9,0.017470504864790723
68,941 HK,2006,10,0.012406966509133551
69,941 HK,2006,11,0.02021879938275415
70,941 HK,2006,12,0.017727617161949996
71,941 HK,2007,1,0.02499411923599711
72,941 HK,2007,2,0.021303765148947603
73,941 HK,2007,3,0.023740612118740113
74,941 HK,2007,4,0.020153545003878746
75,941 HK,2007,5,0.01321247409954619
76,941 HK,2007,6,0.01719996252067255
77,941 HK,2007,7,0.015388043758996071
78,941 HK,2007,8,0.03139630285619181
79,941 HK,2007,9,0.023734830582904827
80,941 HK,2007,10,0.025752006940951377
81,941 HK,2007,11,0.03638766786027789
82,941 HK,2007,12,0.01995573250056576
83,941 HK,2008,1,0.03922979530089275
84,941 HK,2008,2,0.02384729367002386
85,941 HK,2008,3,0.027813554900039228
86,941 HK,2008,4,0.017895270530877628
87,941 HK,2008,5,0.023020379674717935
88,941 HK,2008,6,0.01663379723975474
89,941 HK,2008,7,0.01957088414927482
90,941 HK,2008,8,0.02436120228213684
91,941 HK,2008,9,0.04847188038391008
92,941 HK,2008,10,0.06449150111224349
93,941 HK,2008,11,0.035541613805839915
94,941 HK,2008,12,0.03398978808587991
95,941 HK,2009,1,0.022790606758142973
96,941 HK,2009,2,0.027421615968509627
97,941 HK,2009,3,0.029057385133319624
98,941 HK,2009,4,0.02586477747493369
99,941 HK,2009,5,0.021466985592092445
100,941 HK,2009,6,0.023174423367239638
101,941 HK,2009,7,0.020130114988172573
102,941 HK,2009,8,0.026607301079286477
103,941 HK,2009,9,0.018260492328668426
104,941 HK,2009,10,0.013675165892128782
105,941 HK,2009,11,0.015615980084922747
106,941 HK,2009,12,0.011611247104698347
107,941 HK,2010,1,0.015256546346059866
108,941 HK,2010,2,0.01415711905942131
109,941 HK,2010,3,0.01081319989604674
110,941 HK,2010,4,0.014199241063420777
111,941 HK,2010,5,0.012991024176117005
112,941 HK,2010,6,0.007764871935292152
113,941 HK,2010,7,0.008654745702432538
114,941 HK,2010,8,0.01595411203750141
115,941 HK,2010,9,0.012835774639318044
116,941 HK,2010,10,0.010275123372904047
117,941 HK,2010,11,0.009593149649967528
118,941 HK,2010,12,0.006915200693739704
119,941 HK,2011,1,0.009932500624258983
120,941 HK,2011,2,0.01041871334026785
121,941 HK,2011,3,0.01258575385981687
122,941 HK,2011,4,0.00860005205245022
123,941 HK,2011,5,0.01001254255687023
124,941 HK,2011,6,0.012517930191477976
125,941 HK,2011,7,0.012908604161005461
126,941 HK,2011,8,0.021031493612818683
127,941 HK,2011,9,0.015879189535193624
128,941 HK,2011,10,0.015943695787996835
129,941 HK,2011,11,0.010907045556613678
130,941 HK,2011,12,0.011415575189885724
131,941 HK,2012,1,0.013056700934867192
132,941 HK,2012,2,0.009465431417983354
133,941 HK,2012,3,0.017651982336926178
134,941 HK,2012,4,0.011411214675759175
135,941 HK,2012,5,0.013496710633267765
136,941 HK,2012,6,0.01288681773702281
137,941 HK,2012,7,0.011262463464969796
138,941 HK,2012,8,0.01643127572719667
139,941 HK,2012,9,0.010233876629712396
140,941 HK,2012,10,0.009208065172346552
141,941 HK,2012,11,0.0122814858473596
142,941 HK,2012,12,0.007397057836385682
143,941 HK,2013,1,0.010152787156388022
144,941 HK,2013,2,0.005446034630032439
145,941 HK,2013,3,0.008480674106924546
146,941 HK,2013,4,0.008253976191867728
147,941 HK,2013,5,0.006502963907625525
148,941 HK,2013,6,0.01631412070446926
149,941 HK,2013,7,0.012503065488033906
150,941 HK,2013,8,0.00704273537968211
151,941 HK,2013,9,0.010078775421958376
152,941 HK,2013,10,0.013792035894368733
153,941 HK,2013,11,0.010463514696810807
154,941 HK,2013,12,0.009923226051463282
155,941 HK,2014,1,0.008481880137937148
156,941 HK,2014,2,0.009785016817670758
157,941 HK,2014,3,0.018756999741131604
158,941 HK,2014,4,0.01529212449191476
159,941 HK,2014,5,0.014111435541088804
160,941 HK,2014,6,0.009394200745074952
161,941 HK,2014,7,0.010256087144710406
162,941 HK,2014,8,0.01637526678562466
163,941 HK,2014,9,0.01696363459310944
164,941 HK,2014,10,0.018426853313431524
165,941 HK,2014,11,0.012482629061730092
166,941 HK,2014,12,0.01545551141990188
167,941 HK,2015,1,0.015973976394768757
168,941 HK,2015,2,0.016960720175812547
169,941 HK,2015,3,0.016057909858248388
170,941 HK,2015,4,0.02116579009794136
171,941 HK,2015,5,0.01651501268336208
172,941 HK,2015,6,0.015701598080168647
173,941 HK,2015,7,0.02272940181365444
174,941 HK,2015,8,0.024991711284086043
175,941 HK,2015,9,0.01895751036184466
176,941 HK,2015,10,0.013968932954867374
177,941 HK,2015,11,0.014151925826819381
178,941 HK,2015,12,0.0093559549781217
179,941 HK,2016,1,0.019740116107578247
180,941 HK,2016,2,0.011290054031535816
181,941 HK,2016,3,0.010266989467283471
0,97 HK,2001,2,0.016564054868563546
1,97 HK,2001,3,0.024496204693682095
2,97 HK,2001,4,0.22965053839200836
3,97 HK,2001,5,0.10501717316151676
4,97 HK,2001,6,0.09770280246092461
5,97 HK,2001,7,0.14906367534568046
6,97 HK,2001,8,0.014934756379124118
7,97 HK,2001,9,0.027684086227093566
8,97 HK,2001,10,0.03316272337618551
9,97 HK,2001,11,0.015269388607226722
10,97 HK,2001,12,0.019334025572897415
11,97 HK,2002,1,0.011865491267944046
12,97 HK,2002,2,0.024770210665116196
13,97 HK,2002,3,0.027039508712855414
14,97 HK,2002,4,0.038608719080538964
15,97 HK,2002,5,0.03919558878364743
16,97 HK,2002,6,0.011630292706443111
17,97 HK,2002,7,0.05102235351444706
18,97 HK,2002,8,0.015165305771255407
19,97 HK,2002,9,0.022900649434466812
20,97 HK,2002,10,0.1426415859409986
21,97 HK,2002,11,0.047895185168068025
22,97 HK,2002,12,0.059005500931575486
23,97 HK,2003,1,0.10536769855410479
24,97 HK,2003,2,0.06240074942468057
25,97 HK,2003,3,0.014997941068613796
26,97 HK,2003,4,0.10582115585496543
27,97 HK,2003,5,0.15280643194966406
28,97 HK,2003,6,0.08347408686983403
29,97 HK,2003,7,0.07856026064268327
30,97 HK,2003,8,0.014667453846205126
31,97 HK,2003,9,0.066471989933445
32,97 HK,2003,10,0.05609597027323636
33,97 HK,2003,11,0.01529834869837887
34,97 HK,2003,12,0.05255331585717084
35,97 HK,2004,1,0.044799743920914625
36,97 HK,2004,2,0.014046118033685709
37,97 HK,2004,3,0.01881915375892602
38,97 HK,2004,4,0.0264986037587315
39,97 HK,2004,5,0.06356887732240757
40,97 HK,2004,6,0.056901287629075724
41,97 HK,2004,7,0.04352231302354401
42,97 HK,2004,8,0.011412528815700871
43,97 HK,2004,9,0.032514818012020455
44,97 HK,2004,10,0.040717240892869405
45,97 HK,2004,11,0.012435378422125894
46,97 HK,2004,12,0.02572031646427181
47,97 HK,2005,1,0.018385111142139164
48,97 HK,2005,2,0.013469696080097009
49,97 HK,2005,3,0.018844716872341283
50,97 HK,2005,4,0.018262606155813182
51,97 HK,2005,5,0.01622433770882602
52,97 HK,2005,6,0.008540950030401897
53,97 HK,2005,7,0.0117473768784525
54,97 HK,2005,8,0.012048180802911767
55,97 HK,2005,9,0.0110724887012338
56,97 HK,2005,10,0.010700507968192552
57,97 HK,2005,11,0.043521501358966035
58,97 HK,2005,12,0.08851925627031121
59,97 HK,2006,1,0.09656365225407643
60,97 HK,2006,2,0.04814170089358225
61,97 HK,2006,3,0.010493188483823869
62,97 HK,2006,4,0.160426168763205
63,97 HK,2006,5,0.1225720081816466
64,97 HK,2006,6,0.05183445716922763
65,97 HK,2006,7,0.005237571494433196
66,97 HK,2006,8,0.005711881356955183
67,97 HK,2006,9,0.005763730783762412
68,97 HK,2006,10,0.14172870108757632
69,97 HK,2006,11,0.0075116013562408065
70,97 HK,2006,12,0.11948620045577088
71,97 HK,2007,1,0.11505756107106166
72,97 HK,2007,2,0.13249590099885483
73,97 HK,2007,3,0.015531751913488066
74,97 HK,2007,4,0.1647909716761281
75,97 HK,2007,5,0.25151224428643815
76,97 HK,2007,6,0.09098433062361032
77,97 HK,2007,7,0.06086304191711643
78,97 HK,2007,8,0.018665348998766696
79,97 HK,2007,9,0.11494649835297029
80,97 HK,2007,10,0.1678441473399049
81,97 HK,2007,11,0.03969995565072597
82,97 HK,2007,12,0.10726616661248473
83,97 HK,2008,1,0.1650839561508323
84,97 HK,2008,2,0.5047253997400153
85,97 HK,2008,3,0.6204463928249921
86,97 HK,2008,4,0.11226291597368457
87,97 HK,2008,5,0.17409342296733388
88,97 HK,2008,6,0.15730000090725768
89,97 HK,2008,7,0.17510731059852774
90,97 HK,2008,8,0.5304405533685858
91,97 HK,2008,9,0.36756493367316284
92,97 HK,2008,10,0.6905890676287362
93,97 HK,2008,11,0.03242964458670615
94,97 HK,2008,12,0.3751657799533121
95,97 HK,2009,1,0.433757104294068
96,97 HK,2009,2,0.03362853761263346
97,97 HK,2009,3,0.03854314308669426
98,97 HK,2009,4,0.2753533804635568
99,97 HK,2009,5,0.35210981756691595
100,97 HK,2009,6,0.031252261794936405
101,97 HK,2009,7,0.1894188744375203
102,97 HK,2009,8,0.029438703643766884
103,97 HK,2009,9,0.02066066709204612
104,97 HK,2009,10,0.21448869838581183
105,97 HK,2009,11,0.023362297203776552
106,97 HK,2009,12,0.14215772760828901
107,97 HK,2010,1,0.13340217211708866
108,97 HK,2010,2,0.13042156878457084
109,97 HK,2010,3,0.07738569058650507
110,97 HK,2010,4,0.07688544327916154
111,97 HK,2010,5,0.09815793897463632
112,97 HK,2010,6,0.08147132582387548
113,97 HK,2010,7,0.08128530339951148
114,97 HK,2010,8,0.012727480770299872
115,97 HK,2010,9,0.061508804714610975
116,97 HK,2010,10,0.02323591231760196
117,97 HK,2010,11,0.015078933369822202
118,97 HK,2010,12,0.020534469502433678
119,97 HK,2011,1,0.012686575707038308
120,97 HK,2011,2,0.03735969313899105
121,97 HK,2011,3,0.016472269299578565
122,97 HK,2011,4,0.06330066796498997
123,97 HK,2011,5,0.06077939321275528
124,97 HK,2011,6,0.0441127905920754
125,97 HK,2011,7,0.037615353719280695
126,97 HK,2011,8,0.021490749562489274
127,97 HK,2011,9,0.05922035488417796
128,97 HK,2011,10,0.06791533162390212
129,97 HK,2011,11,0.025974048393236825
130,97 HK,2011,12,0.019669439251172684
131,97 HK,2012,1,0.030152160848487878
132,97 HK,2012,2,0.021676687123866133
133,97 HK,2012,3,0.018605207639118434
134,97 HK,2012,4,0.06129300389066305
135,97 HK,2012,5,0.050985750174697135
136,97 HK,2012,6,0.020861817749185517
137,97 HK,2012,7,0.04267944389618139
138,97 HK,2012,8,0.019617237276906153
139,97 HK,2012,9,0.01820184752679697
140,97 HK,2012,10,0.10003801516651101
141,97 HK,2012,11,0.02051172686077846
142,97 HK,2012,12,0.08811681829515769
143,97 HK,2013,1,0.08993681596478142
144,97 HK,2013,2,0.11828409580516074
145,97 HK,2013,3,0.058970396959037864
146,97 HK,2013,4,0.12068125133321433
147,97 HK,2013,5,0.1349514800865001
148,97 HK,2013,6,0.08049136207302798
149,97 HK,2013,7,0.07578778444941053
150,97 HK,2013,8,0.0819669941131339
151,97 HK,2013,9,0.07639990292973559
152,97 HK,2013,10,0.13068387272329654
153,97 HK,2013,11,0.013199587192902658
154,97 HK,2013,12,0.09444306476905268
155,97 HK,2014,1,0.10392636745912626
156,97 HK,2014,2,0.06148607475128945
157,97 HK,2014,3,0.015626944339257626
158,97 HK,2014,4,0.066836586601074
159,97 HK,2014,5,0.08826256206464432
160,97 HK,2014,6,0.06668884856812017
161,97 HK,2014,7,0.051213151908949775
162,97 HK,2014,8,0.03089135985261987
163,97 HK,2014,9,0.133422903833997
164,97 HK,2014,10,0.06488611977606733
165,97 HK,2014,11,0.012124013240215377
166,97 HK,2014,12,0.033559016309319345
167,97 HK,2015,1,0.04060016765852957
168,97 HK,2015,2,0.03718921556501218
169,97 HK,2015,3,0.016932153574377894
170,97 HK,2015,4,0.025940369692054946
171,97 HK,2015,5,0.059385894292407065
172,97 HK,2015,6,0.025126474038907103
173,97 HK,2015,7,0.027902131060065484
174,97 HK,2015,8,0.024990577305588707
175,97 HK,2015,9,0.10039530213463402
176,97 HK,2015,10,0.10713337198621634
177,97 HK,2015,11,0.01025765493785647
178,97 HK,2015,12,0.10395376039883573
179,97 HK,2016,1,0.11909439018896383
180,97 HK,2016,2,0.13742377632666852
181,97 HK,2016,3,0.1335977812283892
0,992 HK,2001,2,0.02085449610505797
1,992 HK,2001,3,0.041430310821167514
2,992 HK,2001,4,0.05519940269243877
3,992 HK,2001,5,0.06663210244688877
4,992 HK,2001,6,0.04741001907083391
5,992 HK,2001,7,0.04034210383985523
6,992 HK,2001,8,0.04024002413417927
7,992 HK,2001,9,0.05521287223604599
8,992 HK,2001,10,0.12581020169183726
9,992 HK,2001,11,0.0341038376014626
10,992 HK,2001,12,0.02919432641168822
11,992 HK,2002,1,0.033646603430077165
12,992 HK,2002,2,0.03981536872217447
13,992 HK,2002,3,0.01982630603323762
14,992 HK,2002,4,0.021893349985351165
15,992 HK,2002,5,0.02453642764175945
16,992 HK,2002,6,0.0203913522956658
17,992 HK,2002,7,0.04273460034813243
18,992 HK,2002,8,0.026542173729822368
19,992 HK,2002,9,0.02094207130118254
20,992 HK,2002,10,0.09412656101950813
21,992 HK,2002,11,0.032695348713949336
22,992 HK,2002,12,0.025169612633125955
23,992 HK,2003,1,0.03382073432364149
24,992 HK,2003,2,0.015517637151450572
25,992 HK,2003,3,0.030508502771712145
26,992 HK,2003,4,0.04226738031973447
27,992 HK,2003,5,0.0855407704640419
28,992 HK,2003,6,0.02111884555636365
29,992 HK,2003,7,0.028619112856834425
30,992 HK,2003,8,0.027040535138099977
31,992 HK,2003,9,0.08643003502550177
32,992 HK,2003,10,0.06275035782865367
33,992 HK,2003,11,0.027524081195814724
34,992 HK,2003,12,0.08478062244497003
35,992 HK,2004,1,0.14955211655687928
36,992 HK,2004,2,0.026863511090297124
37,992 HK,2004,3,0.024642448729077913
38,992 HK,2004,4,0.07710111935256411
39,992 HK,2004,5,0.03564228487863563
40,992 HK,2004,6,0.0775982986052184
41,992 HK,2004,7,0.05652260905946966
42,992 HK,2004,8,0.03359124938711574
43,992 HK,2004,9,0.03244174587644565
44,992 HK,2004,10,0.023144639361491703
45,992 HK,2004,11,0.03531419510930163
46,992 HK,2004,12,0.03286629079164173
47,992 HK,2005,1,0.02422249910413278
48,992 HK,2005,2,0.05965804411388592
49,992 HK,2005,3,0.03416097471192254
50,992 HK,2005,4,0.036014266497153995
51,992 HK,2005,5,0.05976801451441361
52,992 HK,2005,6,0.01603275776977746
53,992 HK,2005,7,0.07523491914919106
54,992 HK,2005,8,0.031031701703319124
55,992 HK,2005,9,0.06181956779193817
56,992 HK,2005,10,0.052427648067412826
57,992 HK,2005,11,0.02399925623808698
58,992 HK,2005,12,0.044325489557282965
59,992 HK,2006,1,0.04813147367728474
60,992 HK,2006,2,0.021069220241500014
61,992 HK,2006,3,0.021902321445988734
62,992 HK,2006,4,0.04260465338025793
63,992 HK,2006,5,0.11855405570725962
64,992 HK,2006,6,0.07227714336943443
65,992 HK,2006,7,0.02271849359922955
66,992 HK,2006,8,0.024481418426854015
67,992 HK,2006,9,0.026493070843693713
68,992 HK,2006,10,0.06533381264404522
69,992 HK,2006,11,0.028222457106033712
70,992 HK,2006,12,0.06488846136296832
71,992 HK,2007,1,0.0597732068635454
72,992 HK,2007,2,0.07857931572554593
73,992 HK,2007,3,0.017887503081754737
74,992 HK,2007,4,0.10936534078657176
75,992 HK,2007,5,0.10324526685727187
76,992 HK,2007,6,0.08113611701572512
77,992 HK,2007,7,0.05241014968404749
78,992 HK,2007,8,0.05253288337357134
79,992 HK,2007,9,0.0999311996172642
80,992 HK,2007,10,0.22060401891524434
81,992 HK,2007,11,0.06500292470251615
82,992 HK,2007,12,0.17012775505635316
83,992 HK,2008,1,0.1860562251318833
84,992 HK,2008,2,0.06211743312538406
85,992 HK,2008,3,0.04454864304861249
86,992 HK,2008,4,0.07132366708218914
87,992 HK,2008,5,0.16951360578693328
88,992 HK,2008,6,0.09405494507258616
89,992 HK,2008,7,0.06800454221387224
90,992 HK,2008,8,0.1105200796518097
91,992 HK,2008,9,0.06383047585925686
92,992 HK,2008,10,0.12142355534721241
93,992 HK,2008,11,0.06411264040071887
94,992 HK,2008,12,0.23413244336698671
95,992 HK,2009,1,0.5422450548731025
96,992 HK,2009,2,0.04171789030192147
97,992 HK,2009,3,0.03915847821200003
98,992 HK,2009,4,0.276706649169465
99,992 HK,2009,5,0.26297859446277855
100,992 HK,2009,6,0.03848145446250494
101,992 HK,2009,7,0.11988706584758631
102,992 HK,2009,8,0.030665514616133715
103,992 HK,2009,9,0.028269641729392392
104,992 HK,2009,10,0.07501485428767339
105,992 HK,2009,11,0.02719596277815342
106,992 HK,2009,12,0.04512230832716348
107,992 HK,2010,1,0.06102787146077793
108,992 HK,2010,2,0.0735796350937589
109,992 HK,2010,3,0.020005016193432337
110,992 HK,2010,4,0.08939420201799572
111,992 HK,2010,5,0.05566459726925922
112,992 HK,2010,6,0.03373532014664608
113,992 HK,2010,7,0.024360615666657884
114,992 HK,2010,8,0.01725727795712716
115,992 HK,2010,9,0.02627593510256147
116,992 HK,2010,10,0.03283023685236246
117,992 HK,2010,11,0.019544291086526278
118,992 HK,2010,12,0.03334821103224491
119,992 HK,2011,1,0.018161936227121228
120,992 HK,2011,2,0.0174510156115909
121,992 HK,2011,3,0.029352513903105257
122,992 HK,2011,4,0.02778207303956887
123,992 HK,2011,5,0.04061915376072282
124,992 HK,2011,6,0.04231066072154972
125,992 HK,2011,7,0.03952620618379059
126,992 HK,2011,8,0.03315511191480618
127,992 HK,2011,9,0.03972975873390742
128,992 HK,2011,10,0.04691776702430351
129,992 HK,2011,11,0.026469181127376507
130,992 HK,2011,12,0.021862191276045776
131,992 HK,2012,1,0.04087855199635925
132,992 HK,2012,2,0.01978654558451951
133,992 HK,2012,3,0.018983834465693312
134,992 HK,2012,4,0.10346280265141698
135,992 HK,2012,5,0.07106425730585157
136,992 HK,2012,6,0.029747869439275244
137,992 HK,2012,7,0.02563340843756814
138,992 HK,2012,8,0.026473289278989984
139,992 HK,2012,9,0.026397310010155557
140,992 HK,2012,10,0.03584117683645653
141,992 HK,2012,11,0.02071207030636607
142,992 HK,2012,12,0.014359140699373996
143,992 HK,2013,1,0.024697154668364443
144,992 HK,2013,2,0.04919596812947672
145,992 HK,2013,3,0.024192101387071195
146,992 HK,2013,4,0.034286868127935285
147,992 HK,2013,5,0.060346292735698144
148,992 HK,2013,6,0.0338778894426395
149,992 HK,2013,7,0.05408146264848691
150,992 HK,2013,8,0.04073775398713164
151,992 HK,2013,9,0.03182165966448558
152,992 HK,2013,10,0.035456355423673334
153,992 HK,2013,11,0.017778072258608283
154,992 HK,2013,12,0.01093884989495644
155,992 HK,2014,1,0.03669245222120379
156,992 HK,2014,2,0.03245397299704741
157,992 HK,2014,3,0.01671638895703949
158,992 HK,2014,4,0.029826164512695277
159,992 HK,2014,5,0.05805022965865208
160,992 HK,2014,6,0.015299547179391675
161,992 HK,2014,7,0.01811026624581646
162,992 HK,2014,8,0.015090451650752054
163,992 HK,2014,9,0.06091932992961268
164,992 HK,2014,10,0.037919333640177896
165,992 HK,2014,11,0.02088433336679534
166,992 HK,2014,12,0.017489354690245658
167,992 HK,2015,1,0.018732058451064123
168,992 HK,2015,2,0.04873241932943628
169,992 HK,2015,3,0.019271562022032368
170,992 HK,2015,4,0.04148901246943528
171,992 HK,2015,5,0.11914527518661933
172,992 HK,2015,6,0.021955676254591102
173,992 HK,2015,7,0.03896824715972885
174,992 HK,2015,8,0.03763962389125844
175,992 HK,2015,9,0.1706791070888132
176,992 HK,2015,10,0.11832037075573688
177,992 HK,2015,11,0.028191518649194825
178,992 HK,2015,12,0.018754863305669202
179,992 HK,2016,1,0.029436874802019154
180,992 HK,2016,2,0.0340275120143504
181,992 HK,2016,3,0.021642314107945426
0,66 HK,2001,2,0.010169909645504856
1,66 HK,2001,3,0.014983484542584535
2,66 HK,2001,4,0.029206158412485632
3,66 HK,2001,5,0.020044404671244836
4,66 HK,2001,6,0.027098840206132305
5,66 HK,2001,7,0.038769216005569526
6,66 HK,2001,8,0.017806105537510573
7,66 HK,2001,9,0.033055542829847434
8,66 HK,2001,10,0.04768368945264113
9,66 HK,2001,11,0.01864253891474319
10,66 HK,2001,12,0.025229936438329135
11,66 HK,2002,1,0.021771732620007617
12,66 HK,2002,2,0.01091469114451129
13,66 HK,2002,3,0.02516471775724886
14,66 HK,2002,4,0.027703273077496256
15,66 HK,2002,5,0.06600677985397763
16,66 HK,2002,6,0.016029540163019416
17,66 HK,2002,7,0.01281927936249599
18,66 HK,2002,8,0.012384087267271273
19,66 HK,2002,9,0.016322211529929145
20,66 HK,2002,10,0.031124653976164512
21,66 HK,2002,11,0.014302833353319649
22,66 HK,2002,12,0.026887202004036208
23,66 HK,2003,1,0.044985784673077824
24,66 HK,2003,2,0.02044169975865093
25,66 HK,2003,3,0.01798999255389245
26,66 HK,2003,4,0.0420924709919098
27,66 HK,2003,5,0.03968922042014478
28,66 HK,2003,6,0.01544834250804637
29,66 HK,2003,7,0.02308126739046732
30,66 HK,2003,8,0.009617291739154411
31,66 HK,2003,9,0.029507455505235047
32,66 HK,2003,10,0.02349111135154845
33,66 HK,2003,11,0.008833135409216713
34,66 HK,2003,12,0.009256358485199121
35,66 HK,2004,1,0.06335630331979875
36,66 HK,2004,2,0.018517743943584745
37,66 HK,2004,3,0.009131183710514296
38,66 HK,2004,4,0.04470312807578696
39,66 HK,2004,5,0.028856915530234818
40,66 HK,2004,6,0.021096871335873874
41,66 HK,2004,7,0.00961568501338875
42,66 HK,2004,8,0.012087408737758158
43,66 HK,2004,9,0.017261054182561814
44,66 HK,2004,10,0.030482685423444938
45,66 HK,2004,11,0.007769682819290005
46,66 HK,2004,12,0.011457191348751982
47,66 HK,2005,1,0.012651261577707724
48,66 HK,2005,2,0.020216706152098488
49,66 HK,2005,3,0.03351965122572568
50,66 HK,2005,4,0.03528964435100783
51,66 HK,2005,5,0.03356120300447686
52,66 HK,2005,6,0.01213700838778482
53,66 HK,2005,7,0.022385488708546963
54,66 HK,2005,8,0.006023101619922997
55,66 HK,2005,9,0.02048458976600853
56,66 HK,2005,10,0.011164210271743918
57,66 HK,2005,11,0.010058353897767757
58,66 HK,2005,12,0.013687075561928549
59,66 HK,2006,1,0.024989387839099517
60,66 HK,2006,2,0.014583325607678223
61,66 HK,2006,3,0.015474279229350374
62,66 HK,2006,4,0.05331945178431884
63,66 HK,2006,5,0.05785321249779664
64,66 HK,2006,6,0.01627137268989916
65,66 HK,2006,7,0.010552335245054448
66,66 HK,2006,8,0.008211241245834278
67,66 HK,2006,9,0.006288806258587159
68,66 HK,2006,10,0.02293639844626842
69,66 HK,2006,11,0.008585400095842527
70,66 HK,2006,12,0.014034103291945365
71,66 HK,2007,1,0.020196327796511933
72,66 HK,2007,2,0.027454746998416258
73,66 HK,2007,3,0.013447716060448384
74,66 HK,2007,4,0.00898310198557667
75,66 HK,2007,5,0.007401871008879091
76,66 HK,2007,6,0.006952322057431449
77,66 HK,2007,7,0.014145459704773548
78,66 HK,2007,8,0.013259432119353057
79,66 HK,2007,9,0.02988980667863779
80,66 HK,2007,10,0.03108665480845092
81,66 HK,2007,11,0.020726302780324713
82,66 HK,2007,12,0.01917540045646086
83,66 HK,2008,1,0.044456847476981885
84,66 HK,2008,2,0.020544627499089328
85,66 HK,2008,3,0.027261322530647482
86,66 HK,2008,4,0.012995618276783114
87,66 HK,2008,5,0.012860415920401368
88,66 HK,2008,6,0.013444305411929744
89,66 HK,2008,7,0.02197426655337199
90,66 HK,2008,8,0.020275279447520774
91,66 HK,2008,9,0.040457086058971116
92,66 HK,2008,10,0.06891085105262976
93,66 HK,2008,11,0.03369745085625618
94,66 HK,2008,12,0.033657140967240116
95,66 HK,2009,1,0.03588587022758233
96,66 HK,2009,2,0.015697583756233934
97,66 HK,2009,3,0.020088128322323665
98,66 HK,2009,4,0.01781100840154469
99,66 HK,2009,5,0.03856023563671297
100,66 HK,2009,6,0.016776240601442432
101,66 HK,2009,7,0.018949588147128955
102,66 HK,2009,8,0.019946667603320135
103,66 HK,2009,9,0.013368146367544081
104,66 HK,2009,10,0.01785863466614715
105,66 HK,2009,11,0.011765719718794102
106,66 HK,2009,12,0.007963318464749715
107,66 HK,2010,1,0.01014451408808661
108,66 HK,2010,2,0.010391487522951373
109,66 HK,2010,3,0.010984687467263336
110,66 HK,2010,4,0.028581931177724416
111,66 HK,2010,5,0.02201112717393653
112,66 HK,2010,6,0.017931938184703972
113,66 HK,2010,7,0.01909182334453633
114,66 HK,2010,8,0.012697251176289153
115,66 HK,2010,9,0.009785763807544047
116,66 HK,2010,10,0.013796967933294513
117,66 HK,2010,11,0.0144759139633794
118,66 HK,2010,12,0.01211895241862357
119,66 HK,2011,1,0.01119870903248453
120,66 HK,2011,2,0.011276049453563856
121,66 HK,2011,3,0.010130959398783055
122,66 HK,2011,4,0.013544612154765207
123,66 HK,2011,5,0.010745805212022163
124,66 HK,2011,6,0.011088099030008597
125,66 HK,2011,7,0.010670652596884168
126,66 HK,2011,8,0.022416130778982617
127,66 HK,2011,9,0.0329064974234581
128,66 HK,2011,10,0.038586107370184045
129,66 HK,2011,11,0.01550006966583701
130,66 HK,2011,12,0.009701943826474843
131,66 HK,2012,1,0.007912803818561819
132,66 HK,2012,2,0.008143839100091975
133,66 HK,2012,3,0.009472167075422509
134,66 HK,2012,4,0.026167027591976033
135,66 HK,2012,5,0.021501346061829206
136,66 HK,2012,6,0.008096526359942477
137,66 HK,2012,7,0.014505964343372318
138,66 HK,2012,8,0.005809791072322535
139,66 HK,2012,9,0.006722118503306143
140,66 HK,2012,10,0.00656251416387373
141,66 HK,2012,11,0.008052110179603274
142,66 HK,2012,12,0.007841448883841333
143,66 HK,2013,1,0.006792405163169355
144,66 HK,2013,2,0.01289031406842052
145,66 HK,2013,3,0.010014338128144742
146,66 HK,2013,4,0.009439283113399923
147,66 HK,2013,5,0.025534191112669743
148,66 HK,2013,6,0.02775888935514619
149,66 HK,2013,7,0.02140236463418105
150,66 HK,2013,8,0.010795884190289897
151,66 HK,2013,9,0.015830893209247236
152,66 HK,2013,10,0.017222527436096813
153,66 HK,2013,11,0.009007023118769617
154,66 HK,2013,12,0.006787563109331269
155,66 HK,2014,1,0.014647741805745084
156,66 HK,2014,2,0.018494862116794283
157,66 HK,2014,3,0.00911148937143452
158,66 HK,2014,4,0.009444378254425607
159,66 HK,2014,5,0.007808081037088397
160,66 HK,2014,6,0.009073672651473947
161,66 HK,2014,7,0.011842578019487167
162,66 HK,2014,8,0.0074293697550465295
163,66 HK,2014,9,0.019890740934147663
164,66 HK,2014,10,0.010391885633235244
165,66 HK,2014,11,0.008745763397776716
166,66 HK,2014,12,0.015787484693015098
167,66 HK,2015,1,0.01893225689196481
168,66 HK,2015,2,0.00794555504762696
169,66 HK,2015,3,0.010266625082991284
170,66 HK,2015,4,0.015311275420640643
171,66 HK,2015,5,0.020385773093883168
172,66 HK,2015,6,0.012389532440154852
173,66 HK,2015,7,0.013571593328744316
174,66 HK,2015,8,0.01669787957551956
175,66 HK,2015,9,0.025444672252083127
176,66 HK,2015,10,0.015585976874375039
177,66 HK,2015,11,0.012352600702750653
178,66 HK,2015,12,0.013291605762379432
179,66 HK,2016,1,0.020741272142769628
180,66 HK,2016,2,0.01855265198596438
181,66 HK,2016,3,0.012122636080397329
0,762 HK,2001,2,0.020925954796548973
1,762 HK,2001,3,0.04331903901350149
2,762 HK,2001,4,0.13260956735403043
3,762 HK,2001,5,0.03040279993893657
4,762 HK,2001,6,0.05854644902362555
5,762 HK,2001,7,0.10565662260563947
6,762 HK,2001,8,0.03704604226712884
7,762 HK,2001,9,0.043110211117895814
8,762 HK,2001,10,0.10245179491303093
9,762 HK,2001,11,0.027150765765584877
10,762 HK,2001,12,0.027212843755613052
11,762 HK,2002,1,0.020274308566243442
12,762 HK,2002,2,0.016563655549147845
13,762 HK,2002,3,0.024062045176916187
14,762 HK,2002,4,0.016753527418782218
15,762 HK,2002,5,0.06440527312671722
16,762 HK,2002,6,0.017174873770391192
17,762 HK,2002,7,0.02329716182113513
18,762 HK,2002,8,0.025279507366563057
19,762 HK,2002,9,0.024555009443668965
20,762 HK,2002,10,0.06930702060438305
21,762 HK,2002,11,0.028510933172660062
22,762 HK,2002,12,0.042412545108538084
23,762 HK,2003,1,0.03878561243230324
24,762 HK,2003,2,0.03672957981665946
25,762 HK,2003,3,0.033220907449320734
26,762 HK,2003,4,0.08361581302815338
27,762 HK,2003,5,0.11919740918897598
28,762 HK,2003,6,0.04726680735667217
29,762 HK,2003,7,0.040888308995186674
30,762 HK,2003,8,0.024526890321028002
31,762 HK,2003,9,0.056671157483670534
32,762 HK,2003,10,0.03432614971911206
33,762 HK,2003,11,0.02898627142273819
34,762 HK,2003,12,0.01704736524360764
35,762 HK,2004,1,0.08940416840038916
36,762 HK,2004,2,0.02991289713459255
37,762 HK,2004,3,0.03334554094952404
38,762 HK,2004,4,0.03766137139448564
39,762 HK,2004,5,0.06300616878794937
40,762 HK,2004,6,0.05743701928723747
41,762 HK,2004,7,0.03357429217325533
42,762 HK,2004,8,0.018165811170676883
43,762 HK,2004,9,0.02206526358041078
44,762 HK,2004,10,0.03459841003236595
45,762 HK,2004,11,0.016608831618221385
46,762 HK,2004,12,0.0218780536991746
47,762 HK,2005,1,0.023305869005942
48,762 HK,2005,2,0.03571858264839375
49,762 HK,2005,3,0.016596482121835
50,762 HK,2005,4,0.016399249759883886
51,762 HK,2005,5,0.01347744487779017
52,762 HK,2005,6,0.0137209706247559
53,762 HK,2005,7,0.02024127276724901
54,762 HK,2005,8,0.017340420849228877
55,762 HK,2005,9,0.019119100913998648
56,762 HK,2005,10,0.020705664025653377
57,762 HK,2005,11,0.015567502701297014
58,762 HK,2005,12,0.01786551260083954
59,762 HK,2006,1,0.022337349005535072
60,762 HK,2006,2,0.017556123631775274
61,762 HK,2006,3,0.014336742760825024
62,762 HK,2006,4,0.016967210371593437
63,762 HK,2006,5,0.04491354908525987
64,762 HK,2006,6,0.024061619882976424
65,762 HK,2006,7,0.01782160205285331
66,762 HK,2006,8,0.015451852900158023
67,762 HK,2006,9,0.01929430455687555
68,762 HK,2006,10,0.019932962458465254
69,762 HK,2006,11,0.01727702853046224
70,762 HK,2006,12,0.07103240211388932
71,762 HK,2007,1,0.07351367024738686
72,762 HK,2007,2,0.02365432043927444
73,762 HK,2007,3,0.029649228893349214
74,762 HK,2007,4,0.016458426402821656
75,762 HK,2007,5,0.030725454920465165
76,762 HK,2007,6,0.027197218900978596
77,762 HK,2007,7,0.021850796757178752
78,762 HK,2007,8,0.03529445055114377
79,762 HK,2007,9,0.029340554572542706
80,762 HK,2007,10,0.03694754888315849
81,762 HK,2007,11,0.05028317473657616
82,762 HK,2007,12,0.03691748489669094
83,762 HK,2008,1,0.05817835907912051
84,762 HK,2008,2,0.03837849696812311
85,762 HK,2008,3,0.03592324163312577
86,762 HK,2008,4,0.020390874823695306
87,762 HK,2008,5,0.03923639008851207
88,762 HK,2008,6,0.04095848230224958
89,762 HK,2008,7,0.021661131189952974
90,762 HK,2008,8,0.06136695925432739
91,762 HK,2008,9,0.06029460139918376
92,762 HK,2008,10,0.09853698685347569
93,762 HK,2008,11,0.05671132447671715
94,762 HK,2008,12,0.041198519197209994
95,762 HK,2009,1,0.10960290318760503
96,762 HK,2009,2,0.03352493535761276
97,762 HK,2009,3,0.031103904989469862
98,762 HK,2009,4,0.053600672524214237
99,762 HK,2009,5,0.02373147853361093
100,762 HK,2009,6,0.04255786113915007
101,762 HK,2009,7,0.03388751386063328
102,762 HK,2009,8,0.030230722974448794
103,762 HK,2009,9,0.02564094130941567
104,762 HK,2009,10,0.034474809953359276
105,762 HK,2009,11,0.02144618770999095
106,762 HK,2009,12,0.01295080325976148
107,762 HK,2010,1,0.021266704431996204
108,762 HK,2010,2,0.03905464396617904
109,762 HK,2010,3,0.018423233915588345
110,762 HK,2010,4,0.03367613324049562
111,762 HK,2010,5,0.03319745374365849
112,762 HK,2010,6,0.027769688182339512
113,762 HK,2010,7,0.028002033085411538
114,762 HK,2010,8,0.014488180115048186
115,762 HK,2010,9,0.033885971372844575
116,762 HK,2010,10,0.020517126883690548
117,762 HK,2010,11,0.018046252329471213
118,762 HK,2010,12,0.038308384095211735
119,762 HK,2011,1,0.013675480887803244
120,762 HK,2011,2,0.024196663039070646
121,762 HK,2011,3,0.02075434952696624
122,762 HK,2011,4,0.041161430314039626
123,762 HK,2011,5,0.03401316292095462
124,762 HK,2011,6,0.038388556440188626
125,762 HK,2011,7,0.02010633367249162
126,762 HK,2011,8,0.038394122851008815
127,762 HK,2011,9,0.03894914705104568
128,762 HK,2011,10,0.032717102382527445
129,762 HK,2011,11,0.0197936722047518
130,762 HK,2011,12,0.03894516135833626
131,762 HK,2012,1,0.046674733985571225
132,762 HK,2012,2,0.018863398743019025
133,762 HK,2012,3,0.017521991267355014
134,762 HK,2012,4,0.019143165086670844
135,762 HK,2012,5,0.02073449857051332
136,762 HK,2012,6,0.027093921526297183
137,762 HK,2012,7,0.08211872135658337
138,762 HK,2012,8,0.02179638408686653
139,762 HK,2012,9,0.019910672581136598
140,762 HK,2012,10,0.05114814529549443
141,762 HK,2012,11,0.01826567739838079
142,762 HK,2012,12,0.022372088659378214
143,762 HK,2013,1,0.030096223482130403
144,762 HK,2013,2,0.013543530360254838
145,762 HK,2013,3,0.02820417126993941
146,762 HK,2013,4,0.05013423803168101
147,762 HK,2013,5,0.018464608143130362
148,762 HK,2013,6,0.03606673888914191
149,762 HK,2013,7,0.029961396441520637
150,762 HK,2013,8,0.02720118203403998
151,762 HK,2013,9,0.04014935067861203
152,762 HK,2013,10,0.050796272966022085
153,762 HK,2013,11,0.015811658544973118
154,762 HK,2013,12,0.015753814143621862
155,762 HK,2014,1,0.02818812793534041
156,762 HK,2014,2,0.02710872416457947
157,762 HK,2014,3,0.019535678754540292
158,762 HK,2014,4,0.036119417211112115
159,762 HK,2014,5,0.02766454608682548
160,762 HK,2014,6,0.011791318267929635
161,762 HK,2014,7,0.018451525956414642
162,762 HK,2014,8,0.020037721312262138
163,762 HK,2014,9,0.04264799204239637
164,762 HK,2014,10,0.02006377148794929
165,762 HK,2014,11,0.012606341572298528
166,762 HK,2014,12,0.05465239374586994
167,762 HK,2015,1,0.05596443012219693
168,762 HK,2015,2,0.025333553234120263
169,762 HK,2015,3,0.015662912932054605
170,762 HK,2015,4,0.0328752943675032
171,762 HK,2015,5,0.07995034482937256
172,762 HK,2015,6,0.01915134047049044
173,762 HK,2015,7,0.03947680634676377
174,762 HK,2015,8,0.02132194684877667
175,762 HK,2015,9,0.0406249882719007
176,762 HK,2015,10,0.02768803164837322
177,762 HK,2015,11,0.021662220096620926
178,762 HK,2015,12,0.010381315290578525
179,762 HK,2016,1,0.027438637045914014
180,762 HK,2016,2,0.026934315909476435
181,762 HK,2016,3,0.04668878894322649
0,883 HK,2001,2,
1,883 HK,2001,3,0.02813080343330769
2,883 HK,2001,4,0.04972470469293814
3,883 HK,2001,5,0.02747186913146032
4,883 HK,2001,6,0.029371788564997454
5,883 HK,2001,7,0.034840201397652204
6,883 HK,2001,8,0.021866764615366654
7,883 HK,2001,9,0.02986746999545653
8,883 HK,2001,10,0.020588267142320284
9,883 HK,2001,11,0.02292601590754371
10,883 HK,2001,12,0.04328079566347535
11,883 HK,2002,1,0.04143965147793839
12,883 HK,2002,2,0.01995575198346712
13,883 HK,2002,3,0.025501211375608755
14,883 HK,2002,4,0.0377599270787214
15,883 HK,2002,5,0.05680071712914533
16,883 HK,2002,6,0.01575975429261501
17,883 HK,2002,7,0.029713050259707073
18,883 HK,2002,8,0.020892665814310395
19,883 HK,2002,9,0.01920004689719914
20,883 HK,2002,10,0.025647743849684476
21,883 HK,2002,11,0.017718303706713498
22,883 HK,2002,12,0.024364874025698632
23,883 HK,2003,1,0.03733653019090645
24,883 HK,2003,2,0.028545544322017967
25,883 HK,2003,3,0.014452741585250483
26,883 HK,2003,4,0.05211261891903092
27,883 HK,2003,5,0.07276983725734201
28,883 HK,2003,6,0.03260593120834313
29,883 HK,2003,7,0.041070838337230915
30,883 HK,2003,8,0.021970931334382132
31,883 HK,2003,9,0.0263841003693517
32,883 HK,2003,10,0.020271321454066037
33,883 HK,2003,11,0.027079606247465995
34,883 HK,2003,12,0.05007390575954171
35,883 HK,2004,1,0.051912054703418226
36,883 HK,2004,2,0.014689148442740245
37,883 HK,2004,3,0.01744058179536736
38,883 HK,2004,4,0.03640376968155746
39,883 HK,2004,5,0.034555333225039314
40,883 HK,2004,6,0.022078752347215375
41,883 HK,2004,7,0.02196950207629819
42,883 HK,2004,8,0.015639217438398988
43,883 HK,2004,9,0.03280394327285765
44,883 HK,2004,10,0.045931067719383496
45,883 HK,2004,11,0.018026801173535723
46,883 HK,2004,12,0.014439292870685046
47,883 HK,2005,1,0.012735492045609772
48,883 HK,2005,2,0.03259349968950661
49,883 HK,2005,3,0.030829472138321583
50,883 HK,2005,4,0.0289513014737324
51,883 HK,2005,5,0.06841942869245424
52,883 HK,2005,6,0.019298195347310268
53,883 HK,2005,7,0.040015631062366296
54,883 HK,2005,8,0.02614038441195488
55,883 HK,2005,9,0.020351553882116936
56,883 HK,2005,10,0.03385846783265304
57,883 HK,2005,11,0.01484827368097802
58,883 HK,2005,12,0.027063404746046675
59,883 HK,2006,1,0.041180413374213076
60,883 HK,2006,2,0.04818754596519385
61,883 HK,2006,3,0.01620814927024081
62,883 HK,2006,4,0.04621959531354657
63,883 HK,2006,5,0.05216899356987983
64,883 HK,2006,6,0.024394705287365984
65,883 HK,2006,7,0.009140198058232723
66,883 HK,2006,8,0.014193815550280695
67,883 HK,2006,9,0.012536671741724962
68,883 HK,2006,10,0.022777449654304713
69,883 HK,2006,11,0.012802930929409824
70,883 HK,2006,12,0.015363337484155498
71,883 HK,2007,1,0.02865492844618744
72,883 HK,2007,2,0.04103058191423361
73,883 HK,2007,3,0.014101641657844723
74,883 HK,2007,4,0.047564032131238644
75,883 HK,2007,5,0.08158134063491673
76,883 HK,2007,6,0.023713815712469458
77,883 HK,2007,7,0.02123351510706868
78,883 HK,2007,8,0.04259472017873527
79,883 HK,2007,9,0.05679889885926116
80,883 HK,2007,10,0.09429481474926947
81,883 HK,2007,11,0.041228448857153585
82,883 HK,2007,12,0.02740279500333306
83,883 HK,2008,1,0.05921097019520147
84,883 HK,2008,2,0.05238585758436311
85,883 HK,2008,3,0.08995089762656558
86,883 HK,2008,4,0.0327944401074507
87,883 HK,2008,5,0.05199476528612092
88,883 HK,2008,6,0.038585500499909865
89,883 HK,2008,7,0.06125787498204312
90,883 HK,2008,8,0.04305548136896863
91,883 HK,2008,9,0.05005249846264668
92,883 HK,2008,10,0.11248781997336935
93,883 HK,2008,11,0.056883226222136866
94,883 HK,2008,12,0.06609699726750934
95,883 HK,2009,1,0.05435241378889754
96,883 HK,2009,2,0.027840003295237874
97,883 HK,2009,3,0.037405386442989214
98,883 HK,2009,4,0.03673402501983088
99,883 HK,2009,5,0.06374778678121884
100,883 HK,2009,6,0.032694183873823446
101,883 HK,2009,7,0.02485245121099594
102,883 HK,2009,8,0.02474901385315519
103,883 HK,2009,9,0.018287498744919854
104,883 HK,2009,10,0.04715806520527827
105,883 HK,2009,11,0.020779900787518756
106,883 HK,2009,12,0.011395905499800052
107,883 HK,2010,1,0.025281475027984286
108,883 HK,2010,2,0.029686324139808193
109,883 HK,2010,3,0.012704613501872856
110,883 HK,2010,4,0.026231755208272128
111,883 HK,2010,5,0.035346648898781134
112,883 HK,2010,6,0.02024333756357468
113,883 HK,2010,7,0.02164890911902647
114,883 HK,2010,8,0.011431758445125867
115,883 HK,2010,9,0.02555524466521075
116,883 HK,2010,10,0.023001534139879556
117,883 HK,2010,11,0.023701617128387968
118,883 HK,2010,12,0.02014258962298682
119,883 HK,2011,1,0.021698919133336735
120,883 HK,2011,2,0.01677080185918402
121,883 HK,2011,3,0.01747695402858233
122,883 HK,2011,4,0.068031238479643
123,883 HK,2011,5,0.04251407322248573
124,883 HK,2011,6,0.03342005536932485
125,883 HK,2011,7,0.03477340358658839
126,883 HK,2011,8,0.03534814312649259
127,883 HK,2011,9,0.09074817769816433
128,883 HK,2011,10,0.11036817855639162
129,883 HK,2011,11,0.028893716384517668
130,883 HK,2011,12,0.04840447890080071
131,883 HK,2012,1,0.04209287505955271
132,883 HK,2012,2,0.016656434975243155
133,883 HK,2012,3,0.014628073913298302
134,883 HK,2012,4,0.015848644183432303
135,883 HK,2012,5,0.02679301868905661
136,883 HK,2012,6,0.023433567119875088
137,883 HK,2012,7,0.019612021993128902
138,883 HK,2012,8,0.011714106570601604
139,883 HK,2012,9,0.019412567971031712
140,883 HK,2012,10,0.01934651343212484
141,883 HK,2012,11,0.01229761327193062
142,883 HK,2012,12,0.030163551452553738
143,883 HK,2013,1,0.036469110875519156
144,883 HK,2013,2,0.01541631514850788
145,883 HK,2013,3,0.015400212203522584
146,883 HK,2013,4,0.0168058702476168
147,883 HK,2013,5,0.021190271373527487
148,883 HK,2013,6,0.045585697617437346
149,883 HK,2013,7,0.03974013573553177
150,883 HK,2013,8,0.014419504382290485
151,883 HK,2013,9,0.03448285312649767
152,883 HK,2013,10,0.04193970418833077
153,883 HK,2013,11,0.01360938532865054
154,883 HK,2013,12,0.012278982288739634
155,883 HK,2014,1,0.036662414993667035
156,883 HK,2014,2,0.04322075809176522
157,883 HK,2014,3,0.01902826830348993
158,883 HK,2014,4,0.02008635674568756
159,883 HK,2014,5,0.030549315417395615
160,883 HK,2014,6,0.013337191834919097
161,883 HK,2014,7,0.019427617091382333
162,883 HK,2014,8,0.013596782506752067
163,883 HK,2014,9,0.054648920314621686
164,883 HK,2014,10,0.022532795749264967
165,883 HK,2014,11,0.020092110546341704
166,883 HK,2014,12,0.048455143466405566
167,883 HK,2015,1,0.04546295523009645
168,883 HK,2015,2,0.02164589589060165
169,883 HK,2015,3,0.012912557463159249
170,883 HK,2015,4,0.019389229830756638
171,883 HK,2015,5,0.08329678437829428
172,883 HK,2015,6,0.014983233990432592
173,883 HK,2015,7,0.03288949449343204
174,883 HK,2015,8,0.04258412699028961
175,883 HK,2015,9,0.060047399119695664
176,883 HK,2015,10,0.05277482192412574
177,883 HK,2015,11,0.026142039515034184
178,883 HK,2015,12,0.02308579446290749
179,883 HK,2016,1,0.04637751363609678
180,883 HK,2016,2,0.038235708507337464
181,883 HK,2016,3,0.034648644019311725
0,282 HK,2001,2,0.03101897504531901
1,282 HK,2001,3,0.044397092489633284
2,282 HK,2001,4,0.17319828071101342
3,282 HK,2001,5,0.13074659797594343
4,282 HK,2001,6,0.15697149025487384
5,282 HK,2001,7,0.10163989687729855
6,282 HK,2001,8,0.04109002351796757
7,282 HK,2001,9,0.07122770017977335
8,282 HK,2001,10,0.09658395402797829
9,282 HK,2001,11,0.026508350944725787
10,282 HK,2001,12,0.16475609705642294
11,282 HK,2002,1,0.17769585897492918
12,282 HK,2002,2,0.08865826002095281
13,282 HK,2002,3,0.03728038942244428
14,282 HK,2002,4,0.05006096598160369
15,282 HK,2002,5,0.036996612381875855
16,282 HK,2002,6,0.02407498965554065
17,282 HK,2002,7,0.02397118119550506
18,282 HK,2002,8,0.015597642354794466
19,282 HK,2002,9,0.020572724279288173
20,282 HK,2002,10,0.16284900695212973
21,282 HK,2002,11,0.02509090931715127
22,282 HK,2002,12,0.11435522987448445
23,282 HK,2003,1,0.14477068097504284
24,282 HK,2003,2,0.06916961328101892
25,282 HK,2003,3,0.011676795029396222
26,282 HK,2003,4,0.1348433579236905
27,282 HK,2003,5,0.19683824022458188
28,282 HK,2003,6,0.12459186147447306
29,282 HK,2003,7,0.041738827096986286
30,282 HK,2003,8,0.024580806685281627
31,282 HK,2003,9,0.03800962637858725
32,282 HK,2003,10,0.05995543365737085
33,282 HK,2003,11,0.02447450734619263
34,282 HK,2003,12,0.0722902641724183
35,282 HK,2004,1,0.09851384459635597
36,282 HK,2004,2,0.02950221399359194
37,282 HK,2004,3,0.020090165218454373
38,282 HK,2004,4,0.03962458256266714
39,282 HK,2004,5,0.0429207135581308
40,282 HK,2004,6,0.06097009672855922
41,282 HK,2004,7,0.057496636125554106
42,282 HK,2004,8,0.01758325175658104
43,282 HK,2004,9,0.040290340903064416
44,282 HK,2004,10,0.03858008778476891
45,282 HK,2004,11,0.013997558421876171
46,282 HK,2004,12,0.052219459169253406
47,282 HK,2005,1,0.03104090432800473
48,282 HK,2005,2,0.028360776396120443
49,282 HK,2005,3,0.019825624638623925
50,282 HK,2005,4,0.01937357243169476
51,282 HK,2005,5,0.017855141071163618
52,282 HK,2005,6,0.018242157986205414
53,282 HK,2005,7,0.044548435347332875
54,282 HK,2005,8,0.027969940050733753
55,282 HK,2005,9,0.028328423273403226
56,282 HK,2005,10,0.03156841927628133
57,282 HK,2005,11,0.016444115162687258
58,282 HK,2005,12,0.07603773694846651
59,282 HK,2006,1,0.06707894909392369
60,282 HK,2006,2,0.05164820301767016
61,282 HK,2006,3,0.015780643472879514
62,282 HK,2006,4,0.13600121668738702
63,282 HK,2006,5,0.13559502444945626
64,282 HK,2006,6,0.07859332886497851
65,282 HK,2006,7,0.019754181624708465
66,282 HK,2006,8,0.011001693410498017
67,282 HK,2006,9,0.021557325253093222
68,282 HK,2006,10,0.1500157346093919
69,282 HK,2006,11,0.03068478012418869
70,282 HK,2006,12,0.02698759134292087
71,282 HK,2007,1,0.02498885247755466
72,282 HK,2007,2,0.027007887111478987
73,282 HK,2007,3,0.015672944746201282
74,282 HK,2007,4,0.017749111423942664
75,282 HK,2007,5,0.03435964917075063
76,282 HK,2007,6,0.01806265188768164
77,282 HK,2007,7,0.027605630306917702
78,282 HK,2007,8,0.026317431039695437
79,282 HK,2007,9,0.0635166710917051
80,282 HK,2007,10,0.06210818600627466
81,282 HK,2007,11,0.03001647407446501
82,282 HK,2007,12,0.03549109626971197
83,282 HK,2008,1,0.037781315836087924
84,282 HK,2008,2,0.06235964052788736
85,282 HK,2008,3,0.07028076886030751
86,282 HK,2008,4,0.06576549423164967
87,282 HK,2008,5,0.11913246540266513
88,282 HK,2008,6,0.09828272255609494
89,282 HK,2008,7,0.08127753182801739
90,282 HK,2008,8,0.017624165713573312
91,282 HK,2008,9,0.04285178040598478
92,282 HK,2008,10,0.12492878585032229
93,282 HK,2008,11,0.09722755232712499
94,282 HK,2008,12,0.32019913330982286
95,282 HK,2009,1,0.4519177045773601
96,282 HK,2009,2,0.07165330551356734
97,282 HK,2009,3,0.029634575233563432
98,282 HK,2009,4,0.27781156565975434
99,282 HK,2009,5,0.27058440142659185
100,282 HK,2009,6,0.02863282638562838
101,282 HK,2009,7,0.19398073289745307
102,282 HK,2009,8,0.021902234768799145
103,282 HK,2009,9,0.028299117420538065
104,282 HK,2009,10,0.26075062371763524
105,282 HK,2009,11,0.029998677815652824
106,282 HK,2009,12,0.16661637620648231
107,282 HK,2010,1,0.15181328126085902
108,282 HK,2010,2,0.1226061743032665
109,282 HK,2010,3,0.013246728904829962
110,282 HK,2010,4,0.08170532302753591
111,282 HK,2010,5,0.048507159058712876
112,282 HK,2010,6,0.07846721371257545
113,282 HK,2010,7,0.0764214042302443
114,282 HK,2010,8,0.014784631306682967
115,282 HK,2010,9,0.06794131965164145
116,282 HK,2010,10,0.05292302368230376
117,282 HK,2010,11,0.021468813128655298
118,282 HK,2010,12,0.03530528423268551
119,282 HK,2011,1,0.024751156368872276
120,282 HK,2011,2,0.019048428879257718
121,282 HK,2011,3,0.02135588446792062
122,282 HK,2011,4,0.04889182001233489
123,282 HK,2011,5,0.03939203816648955
124,282 HK,2011,6,0.04723345550399957
125,282 HK,2011,7,0.058307758368985135
126,282 HK,2011,8,0.027480262886726444
127,282 HK,2011,9,0.06915222446834828
128,282 HK,2011,10,0.08822863754965367
129,282 HK,2011,11,0.025053969907121165
130,282 HK,2011,12,0.07227109369639939
131,282 HK,2012,1,0.06293516942701104
132,282 HK,2012,2,0.0205907037433633
133,282 HK,2012,3,0.021437317152614748
134,282 HK,2012,4,0.07873007039884379
135,282 HK,2012,5,0.03593654420025548
136,282 HK,2012,6,0.025345418679638708
137,282 HK,2012,7,0.05331493787920654
138,282 HK,2012,8,0.01633283044360146
139,282 HK,2012,9,0.0512861885898831
140,282 HK,2012,10,0.3663249839604517
141,282 HK,2012,11,0.04590213813871719
142,282 HK,2012,12,0.3758143278108189
143,282 HK,2013,1,0.36429035251636976
144,282 HK,2013,2,0.38445480117610276
145,282 HK,2013,3,0.12523463663676923
146,282 HK,2013,4,0.224246597402541
147,282 HK,2013,5,0.2301955177471906
148,282 HK,2013,6,0.19663337527757188
149,282 HK,2013,7,0.14678690473061382
150,282 HK,2013,8,0.13947065010564486
151,282 HK,2013,9,0.15131796076624932
152,282 HK,2013,10,0.2338170072587863
153,282 HK,2013,11,0.021163427937705443
154,282 HK,2013,12,0.2611811961541361
155,282 HK,2014,1,0.271781424624311
156,282 HK,2014,2,0.17651401508901654
157,282 HK,2014,3,0.021267501995167106
158,282 HK,2014,4,0.1560527907956515
159,282 HK,2014,5,0.19433887545410253
160,282 HK,2014,6,0.171236565211596
161,282 HK,2014,7,0.15557456027749167
162,282 HK,2014,8,0.021318942528453032
163,282 HK,2014,9,0.15846823887027273
164,282 HK,2014,10,0.10918706022632396
165,282 HK,2014,11,0.026376449852308345
166,282 HK,2014,12,0.03381340258591932
167,282 HK,2015,1,0.022630166559432084
168,282 HK,2015,2,0.035314626416110904
169,282 HK,2015,3,0.016011617641944868
170,282 HK,2015,4,0.020413579756760933
171,282 HK,2015,5,0.04481950142726566
172,282 HK,2015,6,0.017367589814854426
173,282 HK,2015,7,0.02736781788069735
174,282 HK,2015,8,0.022831368868815413
175,282 HK,2015,9,0.20497210604477278
176,282 HK,2015,10,0.2572777911564209
177,282 HK,2015,11,0.026561428737854095
178,282 HK,2015,12,0.27302333199450146
179,282 HK,2016,1,0.2884045370801825
180,282 HK,2016,2,0.3840803454209514
181,282 HK,2016,3,0.4234201537384856
0,2388 HK,2001,2,
1,2388 HK,2001,3,
2,2388 HK,2001,4,
3,2388 HK,2001,5,
4,2388 HK,2001,6,
5,2388 HK,2001,7,
6,2388 HK,2001,8,
7,2388 HK,2001,9,
8,2388 HK,2001,10,
9,2388 HK,2001,11,
10,2388 HK,2001,12,
11,2388 HK,2002,1,
12,2388 HK,2002,2,
13,2388 HK,2002,3,
14,2388 HK,2002,4,
15,2388 HK,2002,5,
16,2388 HK,2002,6,
17,2388 HK,2002,7,0.028337135964011897
18,2388 HK,2002,8,0.009995023258121608
19,2388 HK,2002,9,0.00909757480745283
20,2388 HK,2002,10,0.027623287110121613
21,2388 HK,2002,11,0.011687239995140285
22,2388 HK,2002,12,0.008398325785874251
23,2388 HK,2003,1,0.009279736241648965
24,2388 HK,2003,2,0.008093254537687515
25,2388 HK,2003,3,0.011062217617636727
26,2388 HK,2003,4,0.014609967618879628
27,2388 HK,2003,5,0.013602027339248984
28,2388 HK,2003,6,0.011519429245253314
29,2388 HK,2003,7,0.016417168157612117
30,2388 HK,2003,8,0.02087970690528054
31,2388 HK,2003,9,0.02321974974780365
32,2388 HK,2003,10,0.028652675385815726
33,2388 HK,2003,11,0.015162791739759245
34,2388 HK,2003,12,0.025125471321779166
35,2388 HK,2004,1,0.00988064238731668
36,2388 HK,2004,2,0.013832982164264818
37,2388 HK,2004,3,0.010716432697249872
38,2388 HK,2004,4,0.020567569809454626
39,2388 HK,2004,5,0.04351214043377909
40,2388 HK,2004,6,0.04658564505226768
41,2388 HK,2004,7,0.02238197232185682
42,2388 HK,2004,8,0.01268490966391397
43,2388 HK,2004,9,0.010704638990429389
44,2388 HK,2004,10,0.00924440879971953
45,2388 HK,2004,11,0.007034416053270943
46,2388 HK,2004,12,0.018274598736927196
47,2388 HK,2005,1,0.006731223363560099
48,2388 HK,2005,2,0.011507366931436582
49,2388 HK,2005,3,0.0057854379146533306
50,2388 HK,2005,4,0.006974053160121558
51,2388 HK,2005,5,0.010177887185646531
52,2388 HK,2005,6,0.004291189281565456
53,2388 HK,2005,7,0.008423608880627369
54,2388 HK,2005,8,0.012310124011882523
55,2388 HK,2005,9,0.0130091784306486
56,2388 HK,2005,10,0.008583243385026508
57,2388 HK,2005,11,0.0067942549925373965
58,2388 HK,2005,12,0.015381046438559184
59,2388 HK,2006,1,0.014458143953768696
60,2388 HK,2006,2,0.008049435908565675
61,2388 HK,2006,3,0.00891553889720194
62,2388 HK,2006,4,0.012868576930131211
63,2388 HK,2006,5,0.02141180987934268
64,2388 HK,2006,6,0.021180173100586185
65,2388 HK,2006,7,0.008604973680545663
66,2388 HK,2006,8,0.010925784192890002
67,2388 HK,2006,9,0.016072675615207813
68,2388 HK,2006,10,0.011750197040308804
69,2388 HK,2006,11,0.01209676186911752
70,2388 HK,2006,12,0.02923651439013303
71,2388 HK,2007,1,0.05236528399643521
72,2388 HK,2007,2,0.027016341583155398
73,2388 HK,2007,3,0.014490964598512516
74,2388 HK,2007,4,0.007566205384314673
75,2388 HK,2007,5,0.015870561029958926
76,2388 HK,2007,6,0.019198055609608623
77,2388 HK,2007,7,0.024412515161263373
78,2388 HK,2007,8,0.02824784781091564
79,2388 HK,2007,9,0.01940477742406603
80,2388 HK,2007,10,0.029397894539987767
81,2388 HK,2007,11,0.029247303429749596
82,2388 HK,2007,12,0.04043241875496808
83,2388 HK,2008,1,0.058512028938056765
84,2388 HK,2008,2,0.020001995558949076
85,2388 HK,2008,3,0.047226013992910675
86,2388 HK,2008,4,0.014999733126761231
87,2388 HK,2008,5,0.014461226577362473
88,2388 HK,2008,6,0.015306552122720097
89,2388 HK,2008,7,0.018760535633903612
90,2388 HK,2008,8,0.032988117021194904
91,2388 HK,2008,9,0.030467442715657996
92,2388 HK,2008,10,0.06659578534104944
93,2388 HK,2008,11,0.06584925251627995
94,2388 HK,2008,12,0.06139548730134176
95,2388 HK,2009,1,0.0782616870067359
96,2388 HK,2009,2,0.01623900108961251
97,2388 HK,2009,3,0.03506556467844198
98,2388 HK,2009,4,0.03186832360718707
99,2388 HK,2009,5,0.032776059457843794
100,2388 HK,2009,6,0.03406583839656724
101,2388 HK,2009,7,0.024642023402841915
102,2388 HK,2009,8,0.027838087218356015
103,2388 HK,2009,9,0.025823046238185775
104,2388 HK,2009,10,0.023778703786917366
105,2388 HK,2009,11,0.019023057745961778
106,2388 HK,2009,12,0.014878933985350338
107,2388 HK,2010,1,0.011419689946270798
108,2388 HK,2010,2,0.02411578351103071
109,2388 HK,2010,3,0.014402936537105733
110,2388 HK,2010,4,0.016510070269186803
111,2388 HK,2010,5,0.03020596233684371
112,2388 HK,2010,6,0.019807118470270384
113,2388 HK,2010,7,0.019651491036537468
114,2388 HK,2010,8,0.019831601295927377
115,2388 HK,2010,9,0.02129974352348321
116,2388 HK,2010,10,0.02236413599191313
117,2388 HK,2010,11,0.021779878946017687
118,2388 HK,2010,12,0.019625339956580983
119,2388 HK,2011,1,0.017102877225171627
120,2388 HK,2011,2,0.02016751516308316
121,2388 HK,2011,3,0.013935676213663055
122,2388 HK,2011,4,0.016926237734866675
123,2388 HK,2011,5,0.015119429220086066
124,2388 HK,2011,6,0.011965588571043465
125,2388 HK,2011,7,0.012239620988369839
126,2388 HK,2011,8,0.030657948856996593
127,2388 HK,2011,9,0.04724956619043345
128,2388 HK,2011,10,0.09234762356226484
129,2388 HK,2011,11,0.01642870011396774
130,2388 HK,2011,12,0.017823642096798206
131,2388 HK,2012,1,0.026984706926464302
132,2388 HK,2012,2,0.01121101370060156
133,2388 HK,2012,3,0.009910050775373883
134,2388 HK,2012,4,0.009777464578546642
135,2388 HK,2012,5,0.028819583560749883
136,2388 HK,2012,6,0.014614207576061642
137,2388 HK,2012,7,0.012136527894515591
138,2388 HK,2012,8,0.010563653787211644
139,2388 HK,2012,9,0.012222496853209404
140,2388 HK,2012,10,0.010039643522216436
141,2388 HK,2012,11,0.007825095445753832
142,2388 HK,2012,12,0.014191631594427986
143,2388 HK,2013,1,0.01203913270338938
144,2388 HK,2013,2,0.023517990591966922
145,2388 HK,2013,3,0.012894206830441195
146,2388 HK,2013,4,0.010899674089797362
147,2388 HK,2013,5,0.03155083865971109
148,2388 HK,2013,6,0.017690447032614062
149,2388 HK,2013,7,0.02299645284857933
150,2388 HK,2013,8,0.009572228083907263
151,2388 HK,2013,9,0.009572337408610188
152,2388 HK,2013,10,0.008075523795008574
153,2388 HK,2013,11,0.009468810880136482
154,2388 HK,2013,12,0.010267700134977185
155,2388 HK,2014,1,0.011017106594255994
156,2388 HK,2014,2,0.012537248137939817
157,2388 HK,2014,3,0.016591506287656762
158,2388 HK,2014,4,0.014456996531516914
159,2388 HK,2014,5,0.01768210995405332
160,2388 HK,2014,6,0.008439292294109372
161,2388 HK,2014,7,0.01163473891579861
162,2388 HK,2014,8,0.01040650599092152
163,2388 HK,2014,9,0.028118960362565084
164,2388 HK,2014,10,0.008633404856741763
165,2388 HK,2014,11,0.013386873506089149
166,2388 HK,2014,12,0.015722230225628256
167,2388 HK,2015,1,0.014262736550937162
168,2388 HK,2015,2,0.014639917602143403
169,2388 HK,2015,3,0.00955268405617022
170,2388 HK,2015,4,0.0198581322561133
171,2388 HK,2015,5,0.03695364491363317
172,2388 HK,2015,6,0.01349656902787235
173,2388 HK,2015,7,0.03300869294680359
174,2388 HK,2015,8,0.02562357340287499
175,2388 HK,2015,9,0.06776706268009136
176,2388 HK,2015,10,0.042233422701212074
177,2388 HK,2015,11,0.01149895196026958
178,2388 HK,2015,12,0.024173336384724388
179,2388 HK,2016,1,0.03202691066246776
180,2388 HK,2016,2,0.03205879642121785
181,2388 HK,2016,3,0.016585793817664236
0,330 HK,2001,2,0.022283287445001992
1,330 HK,2001,3,0.01660419652467571
2,330 HK,2001,4,0.03939476524716079
3,330 HK,2001,5,0.033305449822966716
4,330 HK,2001,6,0.022507377686298152
5,330 HK,2001,7,0.026620455913565214
6,330 HK,2001,8,0.02355722209529787
7,330 HK,2001,9,0.049268164940533744
8,330 HK,2001,10,0.02792981198432631
9,330 HK,2001,11,0.020055867545629602
10,330 HK,2001,12,0.030371611416242065
11,330 HK,2002,1,0.03284013871396819
12,330 HK,2002,2,0.07436673183457089
13,330 HK,2002,3,0.02495546129645604
14,330 HK,2002,4,0.03660135734330476
15,330 HK,2002,5,0.02110186908780533
16,330 HK,2002,6,0.030514211229830595
17,330 HK,2002,7,0.0234359686391052
18,330 HK,2002,8,0.030965130423182795
19,330 HK,2002,9,0.02903961098322967
20,330 HK,2002,10,0.03548853040227543
21,330 HK,2002,11,0.027243490661178003
22,330 HK,2002,12,0.0255533084979918
23,330 HK,2003,1,0.03786899691197554
24,330 HK,2003,2,0.022281121699512612
25,330 HK,2003,3,0.01892050889922843
26,330 HK,2003,4,0.027323157908736444
27,330 HK,2003,5,0.027381607236892033
28,330 HK,2003,6,0.023978215298977708
29,330 HK,2003,7,0.030142154777770706
30,330 HK,2003,8,0.019097053042785098
31,330 HK,2003,9,0.03726473238583444
32,330 HK,2003,10,0.03799938360755912
33,330 HK,2003,11,0.024760949815790207
34,330 HK,2003,12,0.019560828658053874
35,330 HK,2004,1,0.027374592323055866
36,330 HK,2004,2,0.03191773820614325
37,330 HK,2004,3,0.022192170857996917
38,330 HK,2004,4,0.02469631526102126
39,330 HK,2004,5,0.04432991265953256
40,330 HK,2004,6,0.023079160336886475
41,330 HK,2004,7,0.013802216244125995
42,330 HK,2004,8,0.019351437971945697
43,330 HK,2004,9,0.024118429376855453
44,330 HK,2004,10,0.015029485567968192
45,330 HK,2004,11,0.01827274797705011
46,330 HK,2004,12,0.01520246147150905
47,330 HK,2005,1,0.015772358163108603
48,330 HK,2005,2,0.0406009441435011
49,330 HK,2005,3,0.019373218094957095
50,330 HK,2005,4,0.01558317156564253
51,330 HK,2005,5,0.015083517362835483
52,330 HK,2005,6,0.017764836970515355
53,330 HK,2005,7,0.0160250831585537
54,330 HK,2005,8,0.016689532882537345
55,330 HK,2005,9,0.01587735207176115
56,330 HK,2005,10,0.011725762945579345
57,330 HK,2005,11,0.02020239845173105
58,330 HK,2005,12,0.010245802833132731
59,330 HK,2006,1,0.019183366912801675
60,330 HK,2006,2,0.027549732919369914
61,330 HK,2006,3,0.015431606273588156
62,330 HK,2006,4,0.016825113315815047
63,330 HK,2006,5,0.02491802372432306
64,330 HK,2006,6,0.023483290176509877
65,330 HK,2006,7,0.012796525348732114
66,330 HK,2006,8,0.014040802477090669
67,330 HK,2006,9,0.015905529501043857
68,330 HK,2006,10,0.011078479419849362
69,330 HK,2006,11,0.01585949685860978
70,330 HK,2006,12,0.017491006087349322
71,330 HK,2007,1,0.021734009920573557
72,330 HK,2007,2,0.024746003700306163
73,330 HK,2007,3,0.01724510687417558
74,330 HK,2007,4,0.016621711852321797
75,330 HK,2007,5,0.012268503706727385
76,330 HK,2007,6,0.017766745207261736
77,330 HK,2007,7,0.0194704560716049
78,330 HK,2007,8,0.03655047702276618
79,330 HK,2007,9,0.021833471737175352
80,330 HK,2007,10,0.03392133756906529
81,330 HK,2007,11,0.0332523120625448
82,330 HK,2007,12,0.026786335420560702
83,330 HK,2008,1,0.05588658871490447
84,330 HK,2008,2,0.03170875398437077
85,330 HK,2008,3,0.02920520531698525
86,330 HK,2008,4,0.020865512363415294
87,330 HK,2008,5,0.016715103340665553
88,330 HK,2008,6,0.021108783680843672
89,330 HK,2008,7,0.025971534647150803
90,330 HK,2008,8,0.04593573590873412
91,330 HK,2008,9,0.03704321644069501
92,330 HK,2008,10,0.07168163251441312
93,330 HK,2008,11,0.05186519510438608
94,330 HK,2008,12,0.053390337429369654
95,330 HK,2009,1,0.031496811828705375
96,330 HK,2009,2,0.044826349374314525
97,330 HK,2009,3,0.044861255373398905
98,330 HK,2009,4,0.037642243660030786
99,330 HK,2009,5,0.03704814477225349
100,330 HK,2009,6,0.018004276043108527
101,330 HK,2009,7,0.02912639383264579
102,330 HK,2009,8,0.04597480961948915
103,330 HK,2009,9,0.01974341514547245
104,330 HK,2009,10,0.02028380304386482
105,330 HK,2009,11,0.022258229286034808
106,330 HK,2009,12,0.018419357726635624
107,330 HK,2010,1,0.02731366961670895
108,330 HK,2010,2,0.02960460701877046
109,330 HK,2010,3,0.024273556760023296
110,330 HK,2010,4,0.0200593913679759
111,330 HK,2010,5,0.040421344287622465
112,330 HK,2010,6,0.02786656612607264
113,330 HK,2010,7,0.023840205674567284
114,330 HK,2010,8,0.014294578239212397
115,330 HK,2010,9,0.02114106311770934
116,330 HK,2010,10,0.017750753686361684
117,330 HK,2010,11,0.013637825788061237
118,330 HK,2010,12,0.012949426996251243
119,330 HK,2011,1,0.01144785815640162
120,330 HK,2011,2,0.022015581772607394
121,330 HK,2011,3,0.022938670915954217
122,330 HK,2011,4,0.01409697750175765
123,330 HK,2011,5,0.023530973734122263
124,330 HK,2011,6,0.02428745581947439
125,330 HK,2011,7,0.02765548950758263
126,330 HK,2011,8,0.03302686372466269
127,330 HK,2011,9,0.1011478135244492
128,330 HK,2011,10,0.07650371771373714
129,330 HK,2011,11,0.04088515899266678
130,330 HK,2011,12,0.040975608616070365
131,330 HK,2012,1,0.022773140646813024
132,330 HK,2012,2,0.06052634092449155
133,330 HK,2012,3,0.035025561413984455
134,330 HK,2012,4,0.021316595819874835
135,330 HK,2012,5,0.033137928624147356
136,330 HK,2012,6,0.0635889186937934
137,330 HK,2012,7,0.018642515181438977
138,330 HK,2012,8,0.06796144132933189
139,330 HK,2012,9,0.030746148923841792
140,330 HK,2012,10,0.03088812311999278
141,330 HK,2012,11,0.05385639598917909
142,330 HK,2012,12,0.026586004164000518
143,330 HK,2013,1,0.021240492839246308
144,330 HK,2013,2,0.012667190444431715
145,330 HK,2013,3,0.02328244078010678
146,330 HK,2013,4,0.021310584829588478
147,330 HK,2013,5,0.026431278221370005
148,330 HK,2013,6,0.015598343670060282
149,330 HK,2013,7,0.01844151172171765
150,330 HK,2013,8,0.022114215355681012
151,330 HK,2013,9,0.024250947509378888
152,330 HK,2013,10,0.019134964412877636
153,330 HK,2013,11,0.023313349448153685
154,330 HK,2013,12,0.022455630380457878
155,330 HK,2014,1,0.02571226581918682
156,330 HK,2014,2,0.024716586230408066
157,330 HK,2014,3,0.014735692492144393
158,330 HK,2014,4,0.040139800392502104
159,330 HK,2014,5,0.022821086279079163
160,330 HK,2014,6,0.013334231777500396
161,330 HK,2014,7,0.024110207044316403
162,330 HK,2014,8,0.01564822254099416
163,330 HK,2014,9,0.037949984674582334
164,330 HK,2014,10,0.027597301084921696
165,330 HK,2014,11,0.019471533939468405
166,330 HK,2014,12,0.019724480218455763
167,330 HK,2015,1,0.021159245330203854
168,330 HK,2015,2,0.026572970086292627
169,330 HK,2015,3,0.0183301850811927
170,330 HK,2015,4,0.017821216012293525
171,330 HK,2015,5,0.028382769400270732
172,330 HK,2015,6,0.01743671879989256
173,330 HK,2015,7,0.0322002496166539
174,330 HK,2015,8,0.026221730355525687
175,330 HK,2015,9,0.06908504895576568
176,330 HK,2015,10,0.09505451218065746
177,330 HK,2015,11,0.026074038030012934
178,330 HK,2015,12,0.023878162645437986
179,330 HK,2016,1,0.0300350572630689
180,330 HK,2016,2,0.03762068960775363
181,330 HK,2016,3,0.02357731577093068
0,1199 HK,2001,2,0.018099137780803073
1,1199 HK,2001,3,0.03262348524133147
2,1199 HK,2001,4,0.05094660269232206
3,1199 HK,2001,5,0.028401127224946414
4,1199 HK,2001,6,0.04354323717641068
5,1199 HK,2001,7,0.044737230127835585
6,1199 HK,2001,8,0.02070218493238097
7,1199 HK,2001,9,0.04314024800713186
8,1199 HK,2001,10,0.08568225334462316
9,1199 HK,2001,11,0.017465753256748068
10,1199 HK,2001,12,0.03742160604197217
11,1199 HK,2002,1,0.05137204269900643
12,1199 HK,2002,2,0.027692353434040164
13,1199 HK,2002,3,0.033669647745743804
14,1199 HK,2002,4,0.048762536955861004
15,1199 HK,2002,5,0.10007976283324849
16,1199 HK,2002,6,0.02948060823912552
17,1199 HK,2002,7,0.04753376002909324
18,1199 HK,2002,8,0.029429781127437032
19,1199 HK,2002,9,0.025793926264181238
20,1199 HK,2002,10,0.04378568211414627
21,1199 HK,2002,11,0.01936371559496919
22,1199 HK,2002,12,0.022334671379799848
23,1199 HK,2003,1,0.0303756463083536
24,1199 HK,2003,2,0.019613653819373852
25,1199 HK,2003,3,0.026293485173694363
26,1199 HK,2003,4,0.03610788619878027
27,1199 HK,2003,5,0.06684618190499235
28,1199 HK,2003,6,0.02780160209068549
29,1199 HK,2003,7,0.021883817071900236
30,1199 HK,2003,8,0.01723932719764076
31,1199 HK,2003,9,0.02417739928270256
32,1199 HK,2003,10,0.028791922007833266
33,1199 HK,2003,11,0.019133166363359412
34,1199 HK,2003,12,0.016386234962894507
35,1199 HK,2004,1,0.05394194317098111
36,1199 HK,2004,2,0.01870487746344087
37,1199 HK,2004,3,0.02123271276125373
38,1199 HK,2004,4,0.07247996259646856
39,1199 HK,2004,5,0.05490449001767442
40,1199 HK,2004,6,0.04915436776207705
41,1199 HK,2004,7,0.026650114878008318
42,1199 HK,2004,8,0.0205149384115946
43,1199 HK,2004,9,0.02141826012490599
44,1199 HK,2004,10,0.028909235825820407
45,1199 HK,2004,11,0.01633426236003642
46,1199 HK,2004,12,0.028500002207423335
47,1199 HK,2005,1,0.022213311025765705
48,1199 HK,2005,2,0.04342399371436293
49,1199 HK,2005,3,0.02244414350603117
50,1199 HK,2005,4,0.021308316404765576
51,1199 HK,2005,5,0.023163434590756576
52,1199 HK,2005,6,0.01909564336646724
53,1199 HK,2005,7,0.029103133360293788
54,1199 HK,2005,8,0.016084723965756928
55,1199 HK,2005,9,0.017185785750489953
56,1199 HK,2005,10,0.023768474700053933
57,1199 HK,2005,11,0.019711067012387676
58,1199 HK,2005,12,0.015088455763721781
59,1199 HK,2006,1,0.02598015972215817
60,1199 HK,2006,2,0.025369342731156246
61,1199 HK,2006,3,0.01869525717400581
62,1199 HK,2006,4,0.04220333807340328
63,1199 HK,2006,5,0.06982181644890512
64,1199 HK,2006,6,0.029098902263513034
65,1199 HK,2006,7,0.01899200298501079
66,1199 HK,2006,8,0.014942668390026052
67,1199 HK,2006,9,0.016223685655624893
68,1199 HK,2006,10,0.05433405699282723
69,1199 HK,2006,11,0.017306979292630163
70,1199 HK,2006,12,0.015482461085519244
71,1199 HK,2007,1,0.023828132782238484
72,1199 HK,2007,2,0.07090378223200347
73,1199 HK,2007,3,0.02490672032089798
74,1199 HK,2007,4,0.022914149963585644
75,1199 HK,2007,5,0.01823279012882773
76,1199 HK,2007,6,0.013246409705083343
77,1199 HK,2007,7,0.017467542216337114
78,1199 HK,2007,8,0.036975310181138525
79,1199 HK,2007,9,0.04180301703271133
80,1199 HK,2007,10,0.04870894652001586
81,1199 HK,2007,11,0.039749782453744206
82,1199 HK,2007,12,0.027061427164680834
83,1199 HK,2008,1,0.04729836158192375
84,1199 HK,2008,2,0.06128775808576588
85,1199 HK,2008,3,0.08493281739177559
86,1199 HK,2008,4,0.04605143412959604
87,1199 HK,2008,5,0.03262522552235768
88,1199 HK,2008,6,0.03758837951451587
89,1199 HK,2008,7,0.030236083183520484
90,1199 HK,2008,8,0.04503102290733646
91,1199 HK,2008,9,0.045667951191247384
92,1199 HK,2008,10,0.1174743793853462
93,1199 HK,2008,11,0.07074321756975219
94,1199 HK,2008,12,0.08270866066213978
95,1199 HK,2009,1,0.0843058181356908
96,1199 HK,2009,2,0.04656903793780656
97,1199 HK,2009,3,0.050940625227142426
98,1199 HK,2009,4,0.04450860778590302
99,1199 HK,2009,5,0.05670153681225909
100,1199 HK,2009,6,0.03812609316521415
101,1199 HK,2009,7,0.0467139881708948
102,1199 HK,2009,8,0.052144475071050855
103,1199 HK,2009,9,0.023100664950258833
104,1199 HK,2009,10,0.03292911529432811
105,1199 HK,2009,11,0.024929269919759987
106,1199 HK,2009,12,0.0671274148491925
107,1199 HK,2010,1,0.06613308031896782
108,1199 HK,2010,2,0.025726566045117933
109,1199 HK,2010,3,0.021770683598134888
110,1199 HK,2010,4,0.05190204994824978
111,1199 HK,2010,5,0.04465950612887004
112,1199 HK,2010,6,0.027882895212628978
113,1199 HK,2010,7,0.027688344007517615
114,1199 HK,2010,8,0.013900968394398467
115,1199 HK,2010,9,0.026619571657409538
116,1199 HK,2010,10,0.016588069572865082
117,1199 HK,2010,11,0.02461532259167256
118,1199 HK,2010,12,0.0295218829668604
119,1199 HK,2011,1,0.02808587508879931
120,1199 HK,2011,2,0.02484689889211017
121,1199 HK,2011,3,0.02369199677682579
122,1199 HK,2011,4,0.057562161290574614
123,1199 HK,2011,5,0.056049311507380975
124,1199 HK,2011,6,0.0329254664479788
125,1199 HK,2011,7,0.032813728692360995
126,1199 HK,2011,8,0.038394289282678094
127,1199 HK,2011,9,0.107061491482086
128,1199 HK,2011,10,0.0981163881145431
129,1199 HK,2011,11,0.033793637301734125
130,1199 HK,2011,12,0.035650424209423284
131,1199 HK,2012,1,0.044109341663655266
132,1199 HK,2012,2,0.02665301915999702
133,1199 HK,2012,3,0.024864265988317234
134,1199 HK,2012,4,0.057338627301415694
135,1199 HK,2012,5,0.043932962445921396
136,1199 HK,2012,6,0.028027961901902605
137,1199 HK,2012,7,0.02189833461524305
138,1199 HK,2012,8,0.014214448029212571
139,1199 HK,2012,9,0.02571234579350487
140,1199 HK,2012,10,0.023397279146313163
141,1199 HK,2012,11,0.02542736688865025
142,1199 HK,2012,12,0.013339070472436518
143,1199 HK,2013,1,0.014920434829499514
144,1199 HK,2013,2,0.046439052925490894
145,1199 HK,2013,3,0.0148460068807371
146,1199 HK,2013,4,0.01960943789349743
147,1199 HK,2013,5,0.03858491996008264
148,1199 HK,2013,6,0.023648962903471085
149,1199 HK,2013,7,0.037937641436567436
150,1199 HK,2013,8,0.014821635660880546
151,1199 HK,2013,9,0.03717754556693975
152,1199 HK,2013,10,0.035603408254026955
153,1199 HK,2013,11,0.013241087572463874
154,1199 HK,2013,12,0.011913869965547275
155,1199 HK,2014,1,0.020694435971450428
156,1199 HK,2014,2,0.03088436382921796
157,1199 HK,2014,3,0.0197461245889072
158,1199 HK,2014,4,0.013375298854420313
159,1199 HK,2014,5,0.021745547264612183
160,1199 HK,2014,6,0.01439947284419295
161,1199 HK,2014,7,0.01067701840556645
162,1199 HK,2014,8,0.009723630526093204
163,1199 HK,2014,9,0.01047297331580122
164,1199 HK,2014,10,0.014123129507492884
165,1199 HK,2014,11,0.011961611736609555
166,1199 HK,2014,12,0.015412275693122163
167,1199 HK,2015,1,0.012880112595982972
168,1199 HK,2015,2,0.01448334828903437
169,1199 HK,2015,3,0.01022618948966171
170,1199 HK,2015,4,0.022794895234887477
171,1199 HK,2015,5,0.05055918324448482
172,1199 HK,2015,6,0.015429356174243089
173,1199 HK,2015,7,0.024526344899239532
174,1199 HK,2015,8,0.00653643730811251
175,1199 HK,2015,9,0.008261717024789212
176,1199 HK,2015,10,0.004665751393011619
177,1199 HK,2015,11,0.0
178,1199 HK,2015,12,0.042869240895811185
179,1199 HK,2016,1,0.03588832419729305
180,1199 HK,2016,2,0.020164388344353388
181,1199 HK,2016,3,0.04266466503741411
0,551 HK,2001,2,0.019501618463614614
1,551 HK,2001,3,0.028499912566095843
2,551 HK,2001,4,0.026892674020724046
3,551 HK,2001,5,0.013667451739628226
4,551 HK,2001,6,0.025133428817367524
5,551 HK,2001,7,0.03343316920016582
6,551 HK,2001,8,0.007792948595011134
7,551 HK,2001,9,0.018287418129522667
8,551 HK,2001,10,0.046157846668206354
9,551 HK,2001,11,0.015196088253287478
10,551 HK,2001,12,0.042103389592238964
11,551 HK,2002,1,0.050618303978348766
12,551 HK,2002,2,0.03118568989755455
13,551 HK,2002,3,0.0230819894423456
14,551 HK,2002,4,0.020328450671997116
15,551 HK,2002,5,0.07222255195079895
16,551 HK,2002,6,0.032532951424009804
17,551 HK,2002,7,0.02911096653312712
18,551 HK,2002,8,0.03303458074327989
19,551 HK,2002,9,0.02214076760104809
20,551 HK,2002,10,0.024726886073526595
21,551 HK,2002,11,0.015902003773582293
22,551 HK,2002,12,0.022049033666569268
23,551 HK,2003,1,0.03418358268474028
24,551 HK,2003,2,0.02816878175114894
25,551 HK,2003,3,0.038886582332191895
26,551 HK,2003,4,0.033207920667262636
27,551 HK,2003,5,0.05750406188708727
28,551 HK,2003,6,0.03139791192765084
29,551 HK,2003,7,0.02158420197790784
30,551 HK,2003,8,0.014498572631518747
31,551 HK,2003,9,0.017963030121044766
32,551 HK,2003,10,0.01831514959410531
33,551 HK,2003,11,0.010869380665275642
34,551 HK,2003,12,0.017718119744499022
35,551 HK,2004,1,0.023691760868160824
36,551 HK,2004,2,0.014184258563544152
37,551 HK,2004,3,0.022281508329542853
38,551 HK,2004,4,0.026790225657902955
39,551 HK,2004,5,0.02072149632147857
40,551 HK,2004,6,0.01795444494935875
41,551 HK,2004,7,0.010955539403684175
42,551 HK,2004,8,0.009202978473611846
43,551 HK,2004,9,0.0155794360264545
44,551 HK,2004,10,0.022502616110528673
45,551 HK,2004,11,0.013591136756436898
46,551 HK,2004,12,0.014049457836622311
47,551 HK,2005,1,0.01817286149484243
48,551 HK,2005,2,0.019541837109009957
49,551 HK,2005,3,0.019696467620940447
50,551 HK,2005,4,0.020416631680666007
51,551 HK,2005,5,0.012398478193128278
52,551 HK,2005,6,0.01982050449141179
53,551 HK,2005,7,0.017952144120133545
54,551 HK,2005,8,0.012015164501608824
55,551 HK,2005,9,0.019865031971742896
56,551 HK,2005,10,0.011826426899360632
57,551 HK,2005,11,0.010548728485762774
58,551 HK,2005,12,0.016460020433874088
59,551 HK,2006,1,0.01633683053387537
60,551 HK,2006,2,0.016730219645464946
61,551 HK,2006,3,0.020589382399998336
62,551 HK,2006,4,0.029325886082519813
63,551 HK,2006,5,0.021938842409744693
64,551 HK,2006,6,0.023341362571505396
65,551 HK,2006,7,0.014626423270051618
66,551 HK,2006,8,0.015198231887947142
67,551 HK,2006,9,0.016028523228787124
68,551 HK,2006,10,0.021020969431609044
69,551 HK,2006,11,0.01805154101727749
70,551 HK,2006,12,0.020283541583129297
71,551 HK,2007,1,0.02564154023183203
72,551 HK,2007,2,0.026783715288617196
73,551 HK,2007,3,0.01821535875232458
74,551 HK,2007,4,0.015052901446033029
75,551 HK,2007,5,0.01840465077501777
76,551 HK,2007,6,0.019008770268628593
77,551 HK,2007,7,0.016124782838520126
78,551 HK,2007,8,0.020503593097334703
79,551 HK,2007,9,0.01634101054400055
80,551 HK,2007,10,0.023100198713198485
81,551 HK,2007,11,0.025792492859679297
82,551 HK,2007,12,0.047768633211626825
83,551 HK,2008,1,0.04434833042720987
84,551 HK,2008,2,0.03480411291490325
85,551 HK,2008,3,0.027307653902232294
86,551 HK,2008,4,0.02288958183641707
87,551 HK,2008,5,0.030184451708562827
88,551 HK,2008,6,0.023635503978465852
89,551 HK,2008,7,0.0446948267790874
90,551 HK,2008,8,0.024686339959952584
91,551 HK,2008,9,0.03247781180357668
92,551 HK,2008,10,0.06899218331694516
93,551 HK,2008,11,0.04397035698789775
94,551 HK,2008,12,0.05039041941311834
95,551 HK,2009,1,0.05046651140335732
96,551 HK,2009,2,0.036775565910467045
97,551 HK,2009,3,0.030254253657123475
98,551 HK,2009,4,0.050507222594104034
99,551 HK,2009,5,0.028086504510824305
100,551 HK,2009,6,0.019578648877378247
101,551 HK,2009,7,0.020798356056087458
102,551 HK,2009,8,0.03354812619055559
103,551 HK,2009,9,0.021941070939024632
104,551 HK,2009,10,0.025591654282909142
105,551 HK,2009,11,0.01801005173896369
106,551 HK,2009,12,0.025867084882132317
107,551 HK,2010,1,0.02806631381689934
108,551 HK,2010,2,0.01647679345927955
109,551 HK,2010,3,0.01788316237113677
110,551 HK,2010,4,0.023486930412384113
111,551 HK,2010,5,0.029800724557233135
112,551 HK,2010,6,0.016839238440667082
113,551 HK,2010,7,0.016660627564214808
114,551 HK,2010,8,0.009791216027817752
115,551 HK,2010,9,0.030229819667717053
116,551 HK,2010,10,0.026330951279503117
117,551 HK,2010,11,0.016775828526492977
118,551 HK,2010,12,0.012378451814502174
119,551 HK,2011,1,0.014487747047859845
120,551 HK,2011,2,0.016778645136625185
121,551 HK,2011,3,0.014962158244320274
122,551 HK,2011,4,0.016023099306235317
123,551 HK,2011,5,0.03685058145853366
124,551 HK,2011,6,0.013774775408112207
125,551 HK,2011,7,0.015326162378066116
126,551 HK,2011,8,0.017495024952017085
127,551 HK,2011,9,0.03904209357528254
128,551 HK,2011,10,0.030838412999383766
129,551 HK,2011,11,0.027868656461117962
130,551 HK,2011,12,0.02190188152951374
131,551 HK,2012,1,0.02586031907781523
132,551 HK,2012,2,0.01901721903163406
133,551 HK,2012,3,0.017983157890534177
134,551 HK,2012,4,0.03167277189833061
135,551 HK,2012,5,0.022501294011430223
136,551 HK,2012,6,0.028783280183068843
137,551 HK,2012,7,0.01421865364808265
138,551 HK,2012,8,0.01221704058453654
139,551 HK,2012,9,0.017494943319895477
140,551 HK,2012,10,0.02969750039126671
141,551 HK,2012,11,0.014325507669726201
142,551 HK,2012,12,0.020722086231934354
143,551 HK,2013,1,0.010413300168436123
144,551 HK,2013,2,0.013219165898774834
145,551 HK,2013,3,0.013666973365134581
146,551 HK,2013,4,0.0137235570318721
147,551 HK,2013,5,0.048442628650317794
148,551 HK,2013,6,0.03878138169038714
149,551 HK,2013,7,0.030006657748743438
150,551 HK,2013,8,0.01889117411178957
151,551 HK,2013,9,0.02326505554263214
152,551 HK,2013,10,0.019088278247194067
153,551 HK,2013,11,0.01637336108720911
154,551 HK,2013,12,0.028090495369060723
155,551 HK,2014,1,0.030347501014789436
156,551 HK,2014,2,0.012762697858764846
157,551 HK,2014,3,0.01454920060004669
158,551 HK,2014,4,0.023840312847171967
159,551 HK,2014,5,0.03420774868824229
160,551 HK,2014,6,0.020630953530559548
161,551 HK,2014,7,0.02233554737854294
162,551 HK,2014,8,0.015013770947681372
163,551 HK,2014,9,0.01726873138589947
164,551 HK,2014,10,0.024451129421630552
165,551 HK,2014,11,0.018870194380866904
166,551 HK,2014,12,0.016559802298509955
167,551 HK,2015,1,0.01638304806911884
168,551 HK,2015,2,0.013600549650359416
169,551 HK,2015,3,0.01710912918271066
170,551 HK,2015,4,0.024106638450052408
171,551 HK,2015,5,0.02065139315301746
172,551 HK,2015,6,0.014168160450461547
173,551 HK,2015,7,0.01669244833601969
174,551 HK,2015,8,0.019487060045136912
175,551 HK,2015,9,0.025853343123388002
176,551 HK,2015,10,0.014730827516312066
177,551 HK,2015,11,0.028235345240814995
178,551 HK,2015,12,0.01666046445320288
179,551 HK,2016,1,0.023545823029938618
180,551 HK,2016,2,0.01703472604349143
181,551 HK,2016,3,0.02019859559085417
0,144 HK,2001,2,0.030054445114611188
1,144 HK,2001,3,0.023681704328255816
2,144 HK,2001,4,0.05650393765696103
3,144 HK,2001,5,0.02015539387455075
4,144 HK,2001,6,0.038773841461152043
5,144 HK,2001,7,0.04842268162947692
6,144 HK,2001,8,0.01921587936892932
7,144 HK,2001,9,0.045574860072610156
8,144 HK,2001,10,0.03178690409845645
9,144 HK,2001,11,0.022587019957447257
10,144 HK,2001,12,0.025102286586804162
11,144 HK,2002,1,0.036617762046625334
12,144 HK,2002,2,0.01636731504990826
13,144 HK,2002,3,0.020129540039888642
14,144 HK,2002,4,0.027284903696609575
15,144 HK,2002,5,0.02599026374304199
16,144 HK,2002,6,0.011830739702294814
17,144 HK,2002,7,0.021454056506231202
18,144 HK,2002,8,0.01729047768517886
19,144 HK,2002,9,0.01796743643315596
20,144 HK,2002,10,0.04881899397917095
21,144 HK,2002,11,0.012359388423270397
22,144 HK,2002,12,0.012401609934921858
23,144 HK,2003,1,0.023227918939608953
24,144 HK,2003,2,0.018021873683333658
25,144 HK,2003,3,0.022532892503918385
26,144 HK,2003,4,0.02493250554373468
27,144 HK,2003,5,0.023311347884289294
28,144 HK,2003,6,0.026068002734225604
29,144 HK,2003,7,0.01817687196220748
30,144 HK,2003,8,0.032001050737333
31,144 HK,2003,9,0.03324372408701704
32,144 HK,2003,10,0.03297699261116882
33,144 HK,2003,11,0.019553190979473774
34,144 HK,2003,12,0.01893466777525445
35,144 HK,2004,1,0.03303181436070389
36,144 HK,2004,2,0.011625491485919818
37,144 HK,2004,3,0.024042141029498584
38,144 HK,2004,4,0.05420710791116761
39,144 HK,2004,5,0.034832276994229625
40,144 HK,2004,6,0.0344223711027105
41,144 HK,2004,7,0.013814015637034388
42,144 HK,2004,8,0.01625426639218068
43,144 HK,2004,9,0.01763747905824531
44,144 HK,2004,10,0.032983472665721256
45,144 HK,2004,11,0.01200244975789317
46,144 HK,2004,12,0.018688822111155794
47,144 HK,2005,1,0.015995081860464652
48,144 HK,2005,2,0.03479229274903786
49,144 HK,2005,3,0.010232815863090126
50,144 HK,2005,4,0.013728481518780264
51,144 HK,2005,5,0.024731204547954497
52,144 HK,2005,6,0.016328408840852283
53,144 HK,2005,7,0.019688920894243254
54,144 HK,2005,8,0.019887719453944606
55,144 HK,2005,9,0.01721191677472094
56,144 HK,2005,10,0.020735344152752744
57,144 HK,2005,11,0.02098503817271204
58,144 HK,2005,12,0.0226868774099498
59,144 HK,2006,1,0.027379974164565238
60,144 HK,2006,2,0.031095067296712655
61,144 HK,2006,3,0.023813606163149925
62,144 HK,2006,4,0.027246915822809435
63,144 HK,2006,5,0.03125210311810812
64,144 HK,2006,6,0.036941845036745115
65,144 HK,2006,7,0.026933782860006295
66,144 HK,2006,8,0.014096161827210798
67,144 HK,2006,9,0.015019461809932189
68,144 HK,2006,10,0.01782607853164466
69,144 HK,2006,11,0.022476562690383943
70,144 HK,2006,12,0.025825969495967587
71,144 HK,2007,1,0.03102184477407788
72,144 HK,2007,2,0.030251214430375834
73,144 HK,2007,3,0.025492934709840293
74,144 HK,2007,4,0.04004629080452735
75,144 HK,2007,5,0.021402389461778276
76,144 HK,2007,6,0.016279827628294833
77,144 HK,2007,7,0.022819774213656434
78,144 HK,2007,8,0.04027958817017077
79,144 HK,2007,9,0.025271524888406675
80,144 HK,2007,10,0.047795921815435405
81,144 HK,2007,11,0.04536636101235272
82,144 HK,2007,12,0.02980063481956493
83,144 HK,2008,1,0.05291929933188863
84,144 HK,2008,2,0.04133977023891713
85,144 HK,2008,3,0.04953433032769997
86,144 HK,2008,4,0.042670293187443836
87,144 HK,2008,5,0.02783917785987323
88,144 HK,2008,6,0.02628601345273466
89,144 HK,2008,7,0.02630269275156537
90,144 HK,2008,8,0.02939142217929373
91,144 HK,2008,9,0.04587029272492434
92,144 HK,2008,10,0.0956505900670074
93,144 HK,2008,11,0.0618311127441435
94,144 HK,2008,12,0.05288285661666134
95,144 HK,2009,1,0.05096083831289842
96,144 HK,2009,2,0.03655855217502646
97,144 HK,2009,3,0.05465206083310124
98,144 HK,2009,4,0.040573619156926984
99,144 HK,2009,5,0.044710299858329416
100,144 HK,2009,6,0.04118174982421377
101,144 HK,2009,7,0.038490330230903015
102,144 HK,2009,8,0.039554529736951345
103,144 HK,2009,9,0.024555209743151268
104,144 HK,2009,10,0.022319450044477846
105,144 HK,2009,11,0.024194722402763432
106,144 HK,2009,12,0.01909098571313794
107,144 HK,2010,1,0.02978507276951303
108,144 HK,2010,2,0.029601558269954985
109,144 HK,2010,3,0.01709415156639668
110,144 HK,2010,4,0.013750805610048888
111,144 HK,2010,5,0.03337461075147523
112,144 HK,2010,6,0.021150602252165213
113,144 HK,2010,7,0.018219885919795176
114,144 HK,2010,8,0.01569658585790724
115,144 HK,2010,9,0.01564518471710376
116,144 HK,2010,10,0.01984762263717918
117,144 HK,2010,11,0.02533311840423857
118,144 HK,2010,12,0.029861938997243098
119,144 HK,2011,1,0.027559216424440907
120,144 HK,2011,2,0.031249339301391673
121,144 HK,2011,3,0.023370851743811795
122,144 HK,2011,4,0.027357561234369793
123,144 HK,2011,5,0.015772601474797705
124,144 HK,2011,6,0.022248269803536065
125,144 HK,2011,7,0.029304877333306487
126,144 HK,2011,8,0.03367661013369566
127,144 HK,2011,9,0.03455968851559386
128,144 HK,2011,10,0.048538355252026315
129,144 HK,2011,11,0.024096106296550707
130,144 HK,2011,12,0.022314296317022756
131,144 HK,2012,1,0.021380935045052143
132,144 HK,2012,2,0.021148209016859015
133,144 HK,2012,3,0.022665120471689
134,144 HK,2012,4,0.019515333843881245
135,144 HK,2012,5,0.02470203032552983
136,144 HK,2012,6,0.02673297788991651
137,144 HK,2012,7,0.02398269451722908
138,144 HK,2012,8,0.017166147513390604
139,144 HK,2012,9,0.021691117141069582
140,144 HK,2012,10,0.022736394590483676
141,144 HK,2012,11,0.01586388155050427
142,144 HK,2012,12,0.010593993227022348
143,144 HK,2013,1,0.02361700814866552
144,144 HK,2013,2,0.020332628203505024
145,144 HK,2013,3,0.01779553028638384
146,144 HK,2013,4,0.031026263101290717
147,144 HK,2013,5,0.020051677961167327
148,144 HK,2013,6,0.02475385012270356
149,144 HK,2013,7,0.01880717317786799
150,144 HK,2013,8,0.02595171540857606
151,144 HK,2013,9,0.023972955935849624
152,144 HK,2013,10,0.02077957568813404
153,144 HK,2013,11,0.019457381429081485
154,144 HK,2013,12,0.017341478684725804
155,144 HK,2014,1,0.01867399638257832
156,144 HK,2014,2,0.02370195117110162
157,144 HK,2014,3,0.02259336981523358
158,144 HK,2014,4,0.02198319234810135
159,144 HK,2014,5,0.014680238181931229
160,144 HK,2014,6,0.02228009360171156
161,144 HK,2014,7,0.013723966453229621
162,144 HK,2014,8,0.008462464005823173
163,144 HK,2014,9,0.011872477668485043
164,144 HK,2014,10,0.014573915408358645
165,144 HK,2014,11,0.009486685799512479
166,144 HK,2014,12,0.02101198778181886
167,144 HK,2015,1,0.02160307661978044
168,144 HK,2015,2,0.022327765769062275
169,144 HK,2015,3,0.021267192653808886
170,144 HK,2015,4,0.023236808581370047
171,144 HK,2015,5,0.029119054765623723
172,144 HK,2015,6,0.02164720584260883
173,144 HK,2015,7,0.028482611853971964
174,144 HK,2015,8,0.027299634555514245
175,144 HK,2015,9,0.0383170973219508
176,144 HK,2015,10,0.03972404607986704
177,144 HK,2015,11,0.019245920811344006
178,144 HK,2015,12,0.02122132704985482
179,144 HK,2016,1,0.025663911374283338
180,144 HK,2016,2,0.029654378091246908
181,144 HK,2016,3,0.02729327740809764
0,2038 HK,2001,2,
1,2038 HK,2001,3,
2,2038 HK,2001,4,
3,2038 HK,2001,5,
4,2038 HK,2001,6,
5,2038 HK,2001,7,
6,2038 HK,2001,8,
7,2038 HK,2001,9,
8,2038 HK,2001,10,
9,2038 HK,2001,11,
10,2038 HK,2001,12,
11,2038 HK,2002,1,
12,2038 HK,2002,2,
13,2038 HK,2002,3,
14,2038 HK,2002,4,
15,2038 HK,2002,5,
16,2038 HK,2002,6,
17,2038 HK,2002,7,
18,2038 HK,2002,8,
19,2038 HK,2002,9,
20,2038 HK,2002,10,
21,2038 HK,2002,11,
22,2038 HK,2002,12,
23,2038 HK,2003,1,
24,2038 HK,2003,2,
25,2038 HK,2003,3,
26,2038 HK,2003,4,
27,2038 HK,2003,5,
28,2038 HK,2003,6,
29,2038 HK,2003,7,
30,2038 HK,2003,8,
31,2038 HK,2003,9,
32,2038 HK,2003,10,
33,2038 HK,2003,11,
34,2038 HK,2003,12,
35,2038 HK,2004,1,
36,2038 HK,2004,2,
37,2038 HK,2004,3,
38,2038 HK,2004,4,
39,2038 HK,2004,5,
40,2038 HK,2004,6,
41,2038 HK,2004,7,
42,2038 HK,2004,8,
43,2038 HK,2004,9,
44,2038 HK,2004,10,
45,2038 HK,2004,11,
46,2038 HK,2004,12,
47,2038 HK,2005,1,
48,2038 HK,2005,2,0.030611720054121185
49,2038 HK,2005,3,0.00998617249783939
50,2038 HK,2005,4,0.026765479420617286
51,2038 HK,2005,5,0.04414596039619519
52,2038 HK,2005,6,0.01698606573346978
53,2038 HK,2005,7,0.027036579954916585
54,2038 HK,2005,8,0.027066322591252127
55,2038 HK,2005,9,0.028310056150203235
56,2038 HK,2005,10,0.030050604263646738
57,2038 HK,2005,11,0.020251319715379305
58,2038 HK,2005,12,0.04056906393097677
59,2038 HK,2006,1,0.04379184125653793
60,2038 HK,2006,2,0.03945794033220529
61,2038 HK,2006,3,0.020733268252713905
62,2038 HK,2006,4,0.03895806818671811
63,2038 HK,2006,5,0.05972457760982644
64,2038 HK,2006,6,0.05700948722188964
65,2038 HK,2006,7,0.028467329035435775
66,2038 HK,2006,8,0.023593914470452504
67,2038 HK,2006,9,0.029233093347923567
68,2038 HK,2006,10,0.029152994690505456
69,2038 HK,2006,11,0.020957274558471472
70,2038 HK,2006,12,0.02383320654857656
71,2038 HK,2007,1,0.02313821710409341
72,2038 HK,2007,2,0.036153433041100164
73,2038 HK,2007,3,0.029765816534608715
74,2038 HK,2007,4,0.020893413884226126
75,2038 HK,2007,5,0.029030773279944924
76,2038 HK,2007,6,0.0245749358126099
77,2038 HK,2007,7,0.017960208347669815
78,2038 HK,2007,8,0.02315703027392251
79,2038 HK,2007,9,0.026160016695895225
80,2038 HK,2007,10,0.02364673923763021
81,2038 HK,2007,11,0.0246321209364754
82,2038 HK,2007,12,0.03288365988345962
83,2038 HK,2008,1,0.06134336892199673
84,2038 HK,2008,2,0.05615106412462663
85,2038 HK,2008,3,0.05412789930363598
86,2038 HK,2008,4,0.03988410594911851
87,2038 HK,2008,5,0.10496243873180365
88,2038 HK,2008,6,0.07584709772199995
89,2038 HK,2008,7,0.044284723079715295
90,2038 HK,2008,8,0.08899568390282482
91,2038 HK,2008,9,0.04868893497007384
92,2038 HK,2008,10,0.15281464073819948
93,2038 HK,2008,11,0.04834000117580175
94,2038 HK,2008,12,0.11449734853655477
95,2038 HK,2009,1,0.09755697830213049
96,2038 HK,2009,2,0.030048783927665617
97,2038 HK,2009,3,0.06852325195718867
98,2038 HK,2009,4,0.06721228257417142
99,2038 HK,2009,5,0.17264970589451134
100,2038 HK,2009,6,0.05194827405665135
101,2038 HK,2009,7,0.04310822757884692
102,2038 HK,2009,8,0.025509799145709805
103,2038 HK,2009,9,0.02199137391374618
104,2038 HK,2009,10,0.08549987925211548
105,2038 HK,2009,11,0.027344154069613175
106,2038 HK,2009,12,0.05442106405874226
107,2038 HK,2010,1,0.07859128522176796
108,2038 HK,2010,2,0.03984152211106228
109,2038 HK,2010,3,0.017882509895522775
110,2038 HK,2010,4,0.039016971839888795
111,2038 HK,2010,5,0.07363152926610747
112,2038 HK,2010,6,0.06996371989921323
113,2038 HK,2010,7,0.09519067468299994
114,2038 HK,2010,8,0.03043279310053115
115,2038 HK,2010,9,0.029814590960375625
116,2038 HK,2010,10,0.023253507144956703
117,2038 HK,2010,11,0.016043810754391378
118,2038 HK,2010,12,0.022863367510709443
119,2038 HK,2011,1,0.01627933342379535
120,2038 HK,2011,2,0.0494601227155121
121,2038 HK,2011,3,0.020370157941859555
122,2038 HK,2011,4,0.020678761488004196
123,2038 HK,2011,5,0.03309309693431709
124,2038 HK,2011,6,0.03885600259635834
125,2038 HK,2011,7,0.072216676333819
126,2038 HK,2011,8,0.04687120320635116
127,2038 HK,2011,9,0.036339657788389663
128,2038 HK,2011,10,0.048029592514102375
129,2038 HK,2011,11,0.027835195646005048
130,2038 HK,2011,12,0.06246896093794185
131,2038 HK,2012,1,0.09888250986002049
132,2038 HK,2012,2,0.02969985043115714
133,2038 HK,2012,3,0.02426255106034843
134,2038 HK,2012,4,0.15665470639948867
135,2038 HK,2012,5,0.03529668683185735
136,2038 HK,2012,6,0.020456708579781716
137,2038 HK,2012,7,0.10826598943101157
138,2038 HK,2012,8,0.04366595268299554
139,2038 HK,2012,9,0.02478559459070992
140,2038 HK,2012,10,0.1568515975365618
141,2038 HK,2012,11,0.07455748260642342
142,2038 HK,2012,12,0.017716414593891144
143,2038 HK,2013,1,0.0226747421789795
144,2038 HK,2013,2,0.06451755602574633
145,2038 HK,2013,3,0.06345667666359237
146,2038 HK,2013,4,0.10080955530782428
147,2038 HK,2013,5,0.08075803801507472
148,2038 HK,2013,6,0.05262611127396077
149,2038 HK,2013,7,0.04800892841341703
150,2038 HK,2013,8,0.04924310678820962
151,2038 HK,2013,9,0.08161760321150906
152,2038 HK,2013,10,0.09336851525112841
153,2038 HK,2013,11,0.019110247002185807
154,2038 HK,2013,12,0.04687175740441416
155,2038 HK,2014,1,0.02886991048476529
156,2038 HK,2014,2,0.03854308907547623
157,2038 HK,2014,3,0.0367318672397128
158,2038 HK,2014,4,0.02838970002992464
159,2038 HK,2014,5,0.022860793288041192
160,2038 HK,2014,6,0.03452510404788742
161,2038 HK,2014,7,0.0470382951137863
162,2038 HK,2014,8,0.016733725439612348
163,2038 HK,2014,9,0.016146022561246254
164,2038 HK,2014,10,0.020816210259093408
165,2038 HK,2014,11,0.010525183474055188
166,2038 HK,2014,12,0.06230278775246275
167,2038 HK,2015,1,0.06446956343559347
168,2038 HK,2015,2,0.05809432708072873
169,2038 HK,2015,3,0.02941167788793519
170,2038 HK,2015,4,0.017425666785325967
171,2038 HK,2015,5,0.021124648647495928
172,2038 HK,2015,6,0.021926229450668713
173,2038 HK,2015,7,0.05408526375272509
174,2038 HK,2015,8,0.03062258325873731
175,2038 HK,2015,9,0.039442626864103554
176,2038 HK,2015,10,0.022983623670764834
177,2038 HK,2015,11,0.01780832025124751
178,2038 HK,2015,12,0.03526384628527086
179,2038 HK,2016,1,0.03282036122111148
180,2038 HK,2016,2,0.0312486436679574
181,2038 HK,2016,3,0.09503544521776941
0,388 HK,2001,2,0.011649049502384611
1,388 HK,2001,3,0.03957616724267703
2,388 HK,2001,4,0.03147147822962931
3,388 HK,2001,5,0.01706838378625709
4,388 HK,2001,6,0.01643147751812467
5,388 HK,2001,7,0.031447003518326695
6,388 HK,2001,8,0.024326687277965334
7,388 HK,2001,9,0.05554687658967665
8,388 HK,2001,10,0.03728102824588424
9,388 HK,2001,11,0.0244127279814156
10,388 HK,2001,12,0.02419162040583622
11,388 HK,2002,1,0.018722337831739752
12,388 HK,2002,2,0.016222039897395818
13,388 HK,2002,3,0.025407020873207183
14,388 HK,2002,4,0.01752030121308069
15,388 HK,2002,5,0.02051751271222475
16,388 HK,2002,6,0.018561142041492767
17,388 HK,2002,7,0.02168931965794003
18,388 HK,2002,8,0.03296481579272519
19,388 HK,2002,9,0.0257575531845244
20,388 HK,2002,10,0.028199282597972292
21,388 HK,2002,11,0.019669909402943594
22,388 HK,2002,12,0.01578602955593525
23,388 HK,2003,1,0.022976859230010662
24,388 HK,2003,2,0.018039816832917464
25,388 HK,2003,3,0.028026960047261067
26,388 HK,2003,4,0.03437435415329082
27,388 HK,2003,5,0.023949486357422386
28,388 HK,2003,6,0.024011318213227852
29,388 HK,2003,7,0.02476447555857456
30,388 HK,2003,8,0.02377370118833673
31,388 HK,2003,9,0.02155461417469487
32,388 HK,2003,10,0.01768831446040126
33,388 HK,2003,11,0.019678647321824304
34,388 HK,2003,12,0.01588215242179117
35,388 HK,2004,1,0.03406327513238461
36,388 HK,2004,2,0.02125238850154534
37,388 HK,2004,3,0.030874899594346458
38,388 HK,2004,4,0.022489778459795193
39,388 HK,2004,5,0.026718613747996937
40,388 HK,2004,6,0.028132538699835345
41,388 HK,2004,7,0.013986701645404921
42,388 HK,2004,8,0.02098327200089614
43,388 HK,2004,9,0.018010829884029057
44,388 HK,2004,10,0.018531094076022596
45,388 HK,2004,11,0.014631269538405765
46,388 HK,2004,12,0.01159827579993681
47,388 HK,2005,1,0.013634357471721365
48,388 HK,2005,2,0.0073596237410146785
49,388 HK,2005,3,0.008277658361601818
50,388 HK,2005,4,0.008417538216656325
51,388 HK,2005,5,0.008119679847303387
52,388 HK,2005,6,0.008244201074366476
53,388 HK,2005,7,0.016261326062024125
54,388 HK,2005,8,0.015498432086229348
55,388 HK,2005,9,0.015239671435209002
56,388 HK,2005,10,0.013953776258137438
57,388 HK,2005,11,0.0147648800198143
58,388 HK,2005,12,0.016865159919107024
59,388 HK,2006,1,0.022662117409913463
60,388 HK,2006,2,0.01725588719535546
61,388 HK,2006,3,0.02113065065690167
62,388 HK,2006,4,0.026655931927696126
63,388 HK,2006,5,0.03166943325777161
64,388 HK,2006,6,0.03352701666993951
65,388 HK,2006,7,0.01293327382245973
66,388 HK,2006,8,0.01053678232145151
67,388 HK,2006,9,0.01339474706211434
68,388 HK,2006,10,0.015151704688657246
69,388 HK,2006,11,0.017098772719075832
70,388 HK,2006,12,0.01562670750903595
71,388 HK,2007,1,0.023078708796778414
72,388 HK,2007,2,0.018528378840611134
73,388 HK,2007,3,0.02936937298600135
74,388 HK,2007,4,0.014736774345917155
75,388 HK,2007,5,0.02504926397853561
76,388 HK,2007,6,0.02046140578109357
77,388 HK,2007,7,0.026308317069229786
78,388 HK,2007,8,0.03985692314967858
79,388 HK,2007,9,0.05477784436050931
80,388 HK,2007,10,0.023903417906529827
81,388 HK,2007,11,0.03441563791212611
82,388 HK,2007,12,0.012407954103803095
83,388 HK,2008,1,0.04540309576222754
84,388 HK,2008,2,0.03471327166999821
85,388 HK,2008,3,0.03244477406283312
86,388 HK,2008,4,0.02775321003060534
87,388 HK,2008,5,0.016882543240237167
88,388 HK,2008,6,0.020472535707320372
89,388 HK,2008,7,0.03573243997388284
90,388 HK,2008,8,0.023626752825222336
91,388 HK,2008,9,0.04341124132123076
92,388 HK,2008,10,0.0610356982329673
93,388 HK,2008,11,0.04619199270927019
94,388 HK,2008,12,0.04554759342488464
95,388 HK,2009,1,0.03185573004826091
96,388 HK,2009,2,0.02060039680717466
97,388 HK,2009,3,0.046000943836502384
98,388 HK,2009,4,0.03624869049745575
99,388 HK,2009,5,0.04102675016966941
100,388 HK,2009,6,0.03168074966448636
101,388 HK,2009,7,0.021314568449150806
102,388 HK,2009,8,0.02419769489387278
103,388 HK,2009,9,0.018205877283824577
104,388 HK,2009,10,0.015385969554106852
105,388 HK,2009,11,0.01642509743706367
106,388 HK,2009,12,0.00865807012252713
107,388 HK,2010,1,0.019135622119256648
108,388 HK,2010,2,0.014333075183116575
109,388 HK,2010,3,0.013520383901234017
110,388 HK,2010,4,0.011590802818236406
111,388 HK,2010,5,0.015033064150590275
112,388 HK,2010,6,0.014152539850408739
113,388 HK,2010,7,0.010882826226217028
114,388 HK,2010,8,0.012701826122272143
115,388 HK,2010,9,0.015559571815134987
116,388 HK,2010,10,0.02249163777150452
117,388 HK,2010,11,0.02349673565891951
118,388 HK,2010,12,0.011941176391731194
119,388 HK,2011,1,0.01354427870553571
120,388 HK,2011,2,0.01580197624438208
121,388 HK,2011,3,0.013510762148628116
122,388 HK,2011,4,0.01411811700109663
123,388 HK,2011,5,0.01012241304109969
124,388 HK,2011,6,0.012949879143859967
125,388 HK,2011,7,0.00988866861868424
126,388 HK,2011,8,0.024686124995941975
127,388 HK,2011,9,0.02240584731836317
128,388 HK,2011,10,0.044218281433701614
129,388 HK,2011,11,0.02513644831293038
130,388 HK,2011,12,0.018858312919597827
131,388 HK,2012,1,0.013973073300290031
132,388 HK,2012,2,0.015508947694131981
133,388 HK,2012,3,0.012394318296007262
134,388 HK,2012,4,0.008912790799604914
135,388 HK,2012,5,0.015453120605419163
136,388 HK,2012,6,0.02404398774331937
137,388 HK,2012,7,0.014234107344875358
138,388 HK,2012,8,0.011706845597252174
139,388 HK,2012,9,0.026073119341143515
140,388 HK,2012,10,0.012556343444016481
141,388 HK,2012,11,0.01562570332514016
142,388 HK,2012,12,0.009575291301792513
143,388 HK,2013,1,0.015479175011841246
144,388 HK,2013,2,0.009693313926593004
145,388 HK,2013,3,0.009657317266698034
146,388 HK,2013,4,0.012280156977051357
147,388 HK,2013,5,0.013038879187783693
148,388 HK,2013,6,0.01311025162954245
149,388 HK,2013,7,0.011283668747749194
150,388 HK,2013,8,0.013026985383871766
151,388 HK,2013,9,0.009471608293716823
152,388 HK,2013,10,0.008100718725221263
153,388 HK,2013,11,0.014963346188906556
154,388 HK,2013,12,0.009173435549452142
155,388 HK,2014,1,0.008705008001888195
156,388 HK,2014,2,0.007151373525064924
157,388 HK,2014,3,0.009457017168394716
158,388 HK,2014,4,0.03185021338174678
159,388 HK,2014,5,0.01052128708880174
160,388 HK,2014,6,0.007620001555544625
161,388 HK,2014,7,0.013755653230607033
162,388 HK,2014,8,0.011433728897650127
163,388 HK,2014,9,0.014610514167602914
164,388 HK,2014,10,0.015230407654583611
165,388 HK,2014,11,0.02020305405955975
166,388 HK,2014,12,0.015293570529124115
167,388 HK,2015,1,0.009227470598852918
168,388 HK,2015,2,0.00402355073315627
169,388 HK,2015,3,0.01893446740694653
170,388 HK,2015,4,0.048794066194984644
171,388 HK,2015,5,0.02066586786610003
172,388 HK,2015,6,0.01462622144496397
173,388 HK,2015,7,0.045818699006477205
174,388 HK,2015,8,0.02451534034607146
175,388 HK,2015,9,0.017174559599044053
176,388 HK,2015,10,0.016194852571451743
177,388 HK,2015,11,0.01647550960283684
178,388 HK,2015,12,0.011081211262493593
179,388 HK,2016,1,0.023883992953168887
180,388 HK,2016,2,0.014727010899405797
181,388 HK,2016,3,0.016159954487597265
0,939 HK,2001,2,
1,939 HK,2001,3,
2,939 HK,2001,4,
3,939 HK,2001,5,
4,939 HK,2001,6,
5,939 HK,2001,7,
6,939 HK,2001,8,
7,939 HK,2001,9,
8,939 HK,2001,10,
9,939 HK,2001,11,
10,939 HK,2001,12,
11,939 HK,2002,1,
12,939 HK,2002,2,
13,939 HK,2002,3,
14,939 HK,2002,4,
15,939 HK,2002,5,
16,939 HK,2002,6,
17,939 HK,2002,7,
18,939 HK,2002,8,
19,939 HK,2002,9,
20,939 HK,2002,10,
21,939 HK,2002,11,
22,939 HK,2002,12,
23,939 HK,2003,1,
24,939 HK,2003,2,
25,939 HK,2003,3,
26,939 HK,2003,4,
27,939 HK,2003,5,
28,939 HK,2003,6,
29,939 HK,2003,7,
30,939 HK,2003,8,
31,939 HK,2003,9,
32,939 HK,2003,10,
33,939 HK,2003,11,
34,939 HK,2003,12,
35,939 HK,2004,1,
36,939 HK,2004,2,
37,939 HK,2004,3,
38,939 HK,2004,4,
39,939 HK,2004,5,
40,939 HK,2004,6,
41,939 HK,2004,7,
42,939 HK,2004,8,
43,939 HK,2004,9,
44,939 HK,2004,10,
45,939 HK,2004,11,
46,939 HK,2004,12,
47,939 HK,2005,1,
48,939 HK,2005,2,
49,939 HK,2005,3,
50,939 HK,2005,4,
51,939 HK,2005,5,
52,939 HK,2005,6,
53,939 HK,2005,7,
54,939 HK,2005,8,
55,939 HK,2005,9,
56,939 HK,2005,10,0.0
57,939 HK,2005,11,0.011820314567742626
58,939 HK,2005,12,0.04296415097620816
59,939 HK,2006,1,0.03642495789303149
60,939 HK,2006,2,0.025506672710681386
61,939 HK,2006,3,0.01438397890232784
62,939 HK,2006,4,0.021644689099912115
63,939 HK,2006,5,0.027454572846652526
64,939 HK,2006,6,0.025468949666867472
65,939 HK,2006,7,0.011457312644545048
66,939 HK,2006,8,0.006881461933790285
67,939 HK,2006,9,0.008235258450518996
68,939 HK,2006,10,0.08494009662138483
69,939 HK,2006,11,0.03002808504970221
70,939 HK,2006,12,0.036042522554483127
71,939 HK,2007,1,0.0432945376693587
72,939 HK,2007,2,0.025304420471403265
73,939 HK,2007,3,0.020705307673584507
74,939 HK,2007,4,0.018749694268165862
75,939 HK,2007,5,0.01502223457552203
76,939 HK,2007,6,0.027854183671178173
77,939 HK,2007,7,0.03279493121559996
78,939 HK,2007,8,0.03889553448895522
79,939 HK,2007,9,0.1070574876728578
80,939 HK,2007,10,0.1400489168143481
81,939 HK,2007,11,0.0340515995037303
82,939 HK,2007,12,0.07774799161429244
83,939 HK,2008,1,0.08302822381791113
84,939 HK,2008,2,0.03724721845493653
85,939 HK,2008,3,0.03674939800872863
86,939 HK,2008,4,0.05395103295288155
87,939 HK,2008,5,0.10117682751086997
88,939 HK,2008,6,0.05230819373962131
89,939 HK,2008,7,0.03411327844773278
90,939 HK,2008,8,0.05668271522935535
91,939 HK,2008,9,0.052263272406849554
92,939 HK,2008,10,0.14019559014833868
93,939 HK,2008,11,0.046384057298209505
94,939 HK,2008,12,0.11050154479984033
95,939 HK,2009,1,0.1920373915865885
96,939 HK,2009,2,0.028359339867356427
97,939 HK,2009,3,0.040568521755347184
98,939 HK,2009,4,0.08302745350937613
99,939 HK,2009,5,0.11566509375601042
100,939 HK,2009,6,0.02100658953393217
101,939 HK,2009,7,0.020553226588361867
102,939 HK,2009,8,0.0186240347450528
103,939 HK,2009,9,0.014977926016826333
104,939 HK,2009,10,0.036883238468838266
105,939 HK,2009,11,0.026430201776324973
106,939 HK,2009,12,0.02132267362001292
107,939 HK,2010,1,0.025949700745232993
108,939 HK,2010,2,0.023541004134452835
109,939 HK,2010,3,0.015439752631374376
110,939 HK,2010,4,0.023289190561343532
111,939 HK,2010,5,0.016583164718980813
112,939 HK,2010,6,0.016470774867802438
113,939 HK,2010,7,0.013348875785473405
114,939 HK,2010,8,0.012435035069811376
115,939 HK,2010,9,0.02195607917877036
116,939 HK,2010,10,0.024541965290901472
117,939 HK,2010,11,0.0200687071553574
118,939 HK,2010,12,0.028555728323145377
119,939 HK,2011,1,0.011824180795909854
120,939 HK,2011,2,0.03604291234480416
121,939 HK,2011,3,0.011762699204428687
122,939 HK,2011,4,0.08853693209841847
123,939 HK,2011,5,0.07205671003063317
124,939 HK,2011,6,0.04590794342199811
125,939 HK,2011,7,0.024212361247476402
126,939 HK,2011,8,0.029078851965988892
127,939 HK,2011,9,0.07847767476793115
128,939 HK,2011,10,0.1029410551155724
129,939 HK,2011,11,0.01936470511243009
130,939 HK,2011,12,0.03619164698188111
131,939 HK,2012,1,0.03687366386365136
132,939 HK,2012,2,0.012444443722988748
133,939 HK,2012,3,0.013740936047289409
134,939 HK,2012,4,0.014799116070112271
135,939 HK,2012,5,0.015013941274235842
136,939 HK,2012,6,0.019116383223668213
137,939 HK,2012,7,0.044591758097965714
138,939 HK,2012,8,0.009298368729551872
139,939 HK,2012,9,0.014959941246093553
140,939 HK,2012,10,0.03505075548538146
141,939 HK,2012,11,0.01629116989190299
142,939 HK,2012,12,0.017087650267524353
143,939 HK,2013,1,0.01966701291826234
144,939 HK,2013,2,0.03160352202365876
145,939 HK,2013,3,0.020724236753047295
146,939 HK,2013,4,0.022645485203312506
147,939 HK,2013,5,0.041023600947045956
148,939 HK,2013,6,0.026507315716051548
149,939 HK,2013,7,0.03190216735181422
150,939 HK,2013,8,0.01627406323899259
151,939 HK,2013,9,0.0202189844958639
152,939 HK,2013,10,0.016144160193036106
153,939 HK,2013,11,0.014588682287129178
154,939 HK,2013,12,0.00960990498304706
155,939 HK,2014,1,0.02283756654619353
156,939 HK,2014,2,0.027457916993549675
157,939 HK,2014,3,0.013554215391557229
158,939 HK,2014,4,0.02311768094291718
159,939 HK,2014,5,0.03883012943724765
160,939 HK,2014,6,0.01014315885251985
161,939 HK,2014,7,0.010185826291965355
162,939 HK,2014,8,0.008710804205621725
163,939 HK,2014,9,0.014263020486975255
164,939 HK,2014,10,0.020195196276936497
165,939 HK,2014,11,0.009866721105558337
166,939 HK,2014,12,0.03308298752889967
167,939 HK,2015,1,0.0366054525814891
168,939 HK,2015,2,0.03666209408158193
169,939 HK,2015,3,0.010568746701098197
170,939 HK,2015,4,0.05421655232116009
171,939 HK,2015,5,0.13237100798593945
172,939 HK,2015,6,0.015408900342855402
173,939 HK,2015,7,0.06277452724264075
174,939 HK,2015,8,0.01774675953190829
175,939 HK,2015,9,0.0534975027521827
176,939 HK,2015,10,0.037753208302016984
177,939 HK,2015,11,0.015234248385364793
178,939 HK,2015,12,0.02580529637783387
179,939 HK,2016,1,0.03974424771924664
180,939 HK,2016,2,0.08380781223514176
181,939 HK,2016,3,0.06056481419723828
0,386 HK,2001,2,0.033590120405732685
1,386 HK,2001,3,0.027544305990560933
2,386 HK,2001,4,0.4724292820798059
3,386 HK,2001,5,0.3408341419797476
4,386 HK,2001,6,0.32743351092269835
5,386 HK,2001,7,0.45701632781974083
6,386 HK,2001,8,0.022530264531622293
7,386 HK,2001,9,0.04157120637494169
8,386 HK,2001,10,0.08869027771519625
9,386 HK,2001,11,0.016766054677827488
10,386 HK,2001,12,0.018051910722700553
11,386 HK,2002,1,0.018267025498865972
12,386 HK,2002,2,0.014608112227785167
13,386 HK,2002,3,0.01941311631649397
14,386 HK,2002,4,0.021672064385016145
15,386 HK,2002,5,0.04161023953926868
16,386 HK,2002,6,0.019000111282748568
17,386 HK,2002,7,0.0366194712013585
18,386 HK,2002,8,0.025939647349801895
19,386 HK,2002,9,0.018067475180564316
20,386 HK,2002,10,0.15884940736162464
21,386 HK,2002,11,0.012585126416816153
22,386 HK,2002,12,0.1097532700532979
23,386 HK,2003,1,0.14571770450277471
24,386 HK,2003,2,0.06646292761263696
25,386 HK,2003,3,0.020507368364703623
26,386 HK,2003,4,0.11473903417583091
27,386 HK,2003,5,0.18198216630475533
28,386 HK,2003,6,0.09345866764404041
29,386 HK,2003,7,0.07830960303224396
30,386 HK,2003,8,0.03338917331542475
31,386 HK,2003,9,0.050035438202457996
32,386 HK,2003,10,0.06235763636706278
33,386 HK,2003,11,0.019826772543516523
34,386 HK,2003,12,0.041193580217432316
35,386 HK,2004,1,0.1077273508127493
36,386 HK,2004,2,0.03296758289094751
37,386 HK,2004,3,0.02558504083249411
38,386 HK,2004,4,0.024789833074013962
39,386 HK,2004,5,0.050743963206525515
40,386 HK,2004,6,0.07048035194214568
41,386 HK,2004,7,0.04260237400976614
42,386 HK,2004,8,0.015287585666339486
43,386 HK,2004,9,0.03346027952242552
44,386 HK,2004,10,0.05617622746177257
45,386 HK,2004,11,0.016773123516180138
46,386 HK,2004,12,0.047497404915254934
47,386 HK,2005,1,0.01529662049377293
48,386 HK,2005,2,0.05706420413144631
49,386 HK,2005,3,0.06669678021170367
50,386 HK,2005,4,0.06938358761136933
51,386 HK,2005,5,0.1231281346553697
52,386 HK,2005,6,0.015448751299254987
53,386 HK,2005,7,0.09804576955909446
54,386 HK,2005,8,0.019853022102704985
55,386 HK,2005,9,0.07827866524739133
56,386 HK,2005,10,0.08215178394761433
57,386 HK,2005,11,0.01291129641510044
58,386 HK,2005,12,0.05127264296539418
59,386 HK,2006,1,0.05482313235621143
60,386 HK,2006,2,0.02995168287454154
61,386 HK,2006,3,0.020664873067884244
62,386 HK,2006,4,0.023767841850917064
63,386 HK,2006,5,0.040778907408218164
64,386 HK,2006,6,0.0352353643185467
65,386 HK,2006,7,0.010464014270886616
66,386 HK,2006,8,0.010020784319225878
67,386 HK,2006,9,0.014880217245806604
68,386 HK,2006,10,0.0263755963195716
69,386 HK,2006,11,0.02480821007263423
70,386 HK,2006,12,0.08091704733195855
71,386 HK,2007,1,0.09474003055368035
72,386 HK,2007,2,0.06046979719772337
73,386 HK,2007,3,0.0236899215898394
74,386 HK,2007,4,0.07832912347675165
75,386 HK,2007,5,0.12525245920054054
76,386 HK,2007,6,0.14705679638322555
77,386 HK,2007,7,0.14275580735225313
78,386 HK,2007,8,0.026867861344937825
79,386 HK,2007,9,0.16077356402142706
80,386 HK,2007,10,0.2798940944135148
81,386 HK,2007,11,0.05948293236594458
82,386 HK,2007,12,0.24734148705316436
83,386 HK,2008,1,0.22622046418583797
84,386 HK,2008,2,0.10916343280115151
85,386 HK,2008,3,0.04407438552762411
86,386 HK,2008,4,0.06483318884551913
87,386 HK,2008,5,0.11350429679247377
88,386 HK,2008,6,0.07388605824268164
89,386 HK,2008,7,0.040590707169616824
90,386 HK,2008,8,0.0900497175335566
91,386 HK,2008,9,0.04459232988243939
92,386 HK,2008,10,0.11248387335237843
93,386 HK,2008,11,0.045492115518804686
94,386 HK,2008,12,0.12440205328523227
95,386 HK,2009,1,0.19911518181934185
96,386 HK,2009,2,0.02907368426555898
97,386 HK,2009,3,0.03767989872635043
98,386 HK,2009,4,0.07063593316548569
99,386 HK,2009,5,0.05500602110470848
100,386 HK,2009,6,0.023513755184147982
101,386 HK,2009,7,0.06019790278246095
102,386 HK,2009,8,0.028073973415005633
103,386 HK,2009,9,0.013922638085804245
104,386 HK,2009,10,0.041182817571617764
105,386 HK,2009,11,0.015066416155798065
106,386 HK,2009,12,0.02879279589735732
107,386 HK,2010,1,0.02748431121394034
108,386 HK,2010,2,0.07546076282339309
109,386 HK,2010,3,0.013065620307375037
110,386 HK,2010,4,0.0438898364795481
111,386 HK,2010,5,0.07943215709183668
112,386 HK,2010,6,0.06208419460051347
113,386 HK,2010,7,0.05945091983254663
114,386 HK,2010,8,0.013658131485885783
115,386 HK,2010,9,0.04627017327073612
116,386 HK,2010,10,0.03960876316099523
117,386 HK,2010,11,0.01873563304675289
118,386 HK,2010,12,0.025582842314316328
119,386 HK,2011,1,0.01667487028563978
120,386 HK,2011,2,0.037574792373162184
121,386 HK,2011,3,0.01784232130571092
122,386 HK,2011,4,0.009099923709142765
123,386 HK,2011,5,0.01652265843986589
124,386 HK,2011,6,0.016566667519081396
125,386 HK,2011,7,0.012628221089011689
126,386 HK,2011,8,0.03132679806864411
127,386 HK,2011,9,0.04114283058480862
128,386 HK,2011,10,0.025659953865019472
129,386 HK,2011,11,0.023861960762338544
130,386 HK,2011,12,0.0145165750159984
131,386 HK,2012,1,0.0410325966766055
132,386 HK,2012,2,0.019087590343239178
133,386 HK,2012,3,0.014803439796662588
134,386 HK,2012,4,0.015770320996051638
135,386 HK,2012,5,0.012711210943831618
136,386 HK,2012,6,0.014675414744473616
137,386 HK,2012,7,0.056051837245574145
138,386 HK,2012,8,0.015316460520064069
139,386 HK,2012,9,0.013286318880240339
140,386 HK,2012,10,0.04037400418958755
141,386 HK,2012,11,0.016043949561105098
142,386 HK,2012,12,0.021326516017627407
143,386 HK,2013,1,0.02773567483959593
144,386 HK,2013,2,0.02321589122940056
145,386 HK,2013,3,0.025750713869110632
146,386 HK,2013,4,0.03707516625024068
147,386 HK,2013,5,0.019326226320844637
148,386 HK,2013,6,0.04390984258169269
149,386 HK,2013,7,0.04948808881202391
150,386 HK,2013,8,0.02421078428475172
151,386 HK,2013,9,0.015251535365692905
152,386 HK,2013,10,0.013576295786600773
153,386 HK,2013,11,0.020247310512900067
154,386 HK,2013,12,0.012064877769233519
155,386 HK,2014,1,0.015871295153865712
156,386 HK,2014,2,0.030377989233378196
157,386 HK,2014,3,0.020881612232278808
158,386 HK,2014,4,0.04651462296619942
159,386 HK,2014,5,0.04058595087203247
160,386 HK,2014,6,0.04514587800914544
161,386 HK,2014,7,0.056244707922805774
162,386 HK,2014,8,0.014471310035669226
163,386 HK,2014,9,0.08772089341766036
164,386 HK,2014,10,0.031345996193738755
165,386 HK,2014,11,0.013653418910008954
166,386 HK,2014,12,0.027057295320362145
167,386 HK,2015,1,0.0159262492929703
168,386 HK,2015,2,0.029200440010839997
169,386 HK,2015,3,0.009065777212587892
170,386 HK,2015,4,0.02987525719531614
171,386 HK,2015,5,0.09221044418648502
172,386 HK,2015,6,0.016729331134881804
173,386 HK,2015,7,0.03974648612897403
174,386 HK,2015,8,0.014905110595560198
175,386 HK,2015,9,0.08572887150257771
176,386 HK,2015,10,0.061554525047006835
177,386 HK,2015,11,0.01947442910483172
178,386 HK,2015,12,0.04935583122060663
179,386 HK,2016,1,0.07278284632958709
180,386 HK,2016,2,0.08814032796398551
181,386 HK,2016,3,0.048571209982079006
0,3988 HK,2001,2,
1,3988 HK,2001,3,
2,3988 HK,2001,4,
3,3988 HK,2001,5,
4,3988 HK,2001,6,
5,3988 HK,2001,7,
6,3988 HK,2001,8,
7,3988 HK,2001,9,
8,3988 HK,2001,10,
9,3988 HK,2001,11,
10,3988 HK,2001,12,
11,3988 HK,2002,1,
12,3988 HK,2002,2,
13,3988 HK,2002,3,
14,3988 HK,2002,4,
15,3988 HK,2002,5,
16,3988 HK,2002,6,
17,3988 HK,2002,7,
18,3988 HK,2002,8,
19,3988 HK,2002,9,
20,3988 HK,2002,10,
21,3988 HK,2002,11,
22,3988 HK,2002,12,
23,3988 HK,2003,1,
24,3988 HK,2003,2,
25,3988 HK,2003,3,
26,3988 HK,2003,4,
27,3988 HK,2003,5,
28,3988 HK,2003,6,
29,3988 HK,2003,7,
30,3988 HK,2003,8,
31,3988 HK,2003,9,
32,3988 HK,2003,10,
33,3988 HK,2003,11,
34,3988 HK,2003,12,
35,3988 HK,2004,1,
36,3988 HK,2004,2,
37,3988 HK,2004,3,
38,3988 HK,2004,4,
39,3988 HK,2004,5,
40,3988 HK,2004,6,
41,3988 HK,2004,7,
42,3988 HK,2004,8,
43,3988 HK,2004,9,
44,3988 HK,2004,10,
45,3988 HK,2004,11,
46,3988 HK,2004,12,
47,3988 HK,2005,1,
48,3988 HK,2005,2,
49,3988 HK,2005,3,
50,3988 HK,2005,4,
51,3988 HK,2005,5,
52,3988 HK,2005,6,
53,3988 HK,2005,7,
54,3988 HK,2005,8,
55,3988 HK,2005,9,
56,3988 HK,2005,10,
57,3988 HK,2005,11,
58,3988 HK,2005,12,
59,3988 HK,2006,1,
60,3988 HK,2006,2,
61,3988 HK,2006,3,
62,3988 HK,2006,4,
63,3988 HK,2006,5,
64,3988 HK,2006,6,0.0213256026235837
65,3988 HK,2006,7,0.013088195863789724
66,3988 HK,2006,8,0.004941830221714317
67,3988 HK,2006,9,0.004329440606504418
68,3988 HK,2006,10,0.03829224610118391
69,3988 HK,2006,11,0.022880629338342305
70,3988 HK,2006,12,0.031190747640226748
71,3988 HK,2007,1,0.05934794949710754
72,3988 HK,2007,2,0.024154118514391965
73,3988 HK,2007,3,0.012409778838587583
74,3988 HK,2007,4,0.02546366001596077
75,3988 HK,2007,5,0.02809370310791771
76,3988 HK,2007,6,0.030124240922348736
77,3988 HK,2007,7,0.030067008993442838
78,3988 HK,2007,8,0.03697829884427424
79,3988 HK,2007,9,0.03586261024832104
80,3988 HK,2007,10,0.08724939915187825
81,3988 HK,2007,11,0.036648352851072256
82,3988 HK,2007,12,0.02489659070321658
83,3988 HK,2008,1,0.038395770618232516
84,3988 HK,2008,2,0.05600901698472827
85,3988 HK,2008,3,0.05571845008049981
86,3988 HK,2008,4,0.014775693324892668
87,3988 HK,2008,5,0.04355512316510114
88,3988 HK,2008,6,0.024964516712708107
89,3988 HK,2008,7,0.02484178073326324
90,3988 HK,2008,8,0.03808469117833268
91,3988 HK,2008,9,0.058347797134427774
92,3988 HK,2008,10,0.13495508953625845
93,3988 HK,2008,11,0.035949497059172414
94,3988 HK,2008,12,0.16310359043922043
95,3988 HK,2009,1,0.2777248331509251
96,3988 HK,2009,2,0.02448738747465921
97,3988 HK,2009,3,0.02987753047822978
98,3988 HK,2009,4,0.07628659886217115
99,3988 HK,2009,5,0.07508344987320877
100,3988 HK,2009,6,0.029015285000113994
101,3988 HK,2009,7,0.020501777706812163
102,3988 HK,2009,8,0.02167984859213259
103,3988 HK,2009,9,0.021772602904186426
104,3988 HK,2009,10,0.08596885390865937
105,3988 HK,2009,11,0.027496331198796537
106,3988 HK,2009,12,0.046736052751659325
107,3988 HK,2010,1,0.05431255668206858
108,3988 HK,2010,2,0.02929174486718048
109,3988 HK,2010,3,0.017082446128869833
110,3988 HK,2010,4,0.056836325297618374
111,3988 HK,2010,5,0.035055045647571066
112,3988 HK,2010,6,0.029746566523700255
113,3988 HK,2010,7,0.03293727716279484
114,3988 HK,2010,8,0.009871948281307134
115,3988 HK,2010,9,0.03979808198119646
116,3988 HK,2010,10,0.04407498849653904
117,3988 HK,2010,11,0.018733854165427995
118,3988 HK,2010,12,0.047559468387574196
119,3988 HK,2011,1,0.010280104845111238
120,3988 HK,2011,2,0.0548613246772977
121,3988 HK,2011,3,0.010470782596223964
122,3988 HK,2011,4,0.11252179995882221
123,3988 HK,2011,5,0.09412055089966863
124,3988 HK,2011,6,0.050945790840192726
125,3988 HK,2011,7,0.037045592836416716
126,3988 HK,2011,8,0.025006918450026512
127,3988 HK,2011,9,0.1167505704320984
128,3988 HK,2011,10,0.15041744212249233
129,3988 HK,2011,11,0.02345082329809498
130,3988 HK,2011,12,0.06302184680999565
131,3988 HK,2012,1,0.06191198702749347
132,3988 HK,2012,2,0.0130943574818573
133,3988 HK,2012,3,0.013882170435836436
134,3988 HK,2012,4,0.04564420884946943
135,3988 HK,2012,5,0.025149549809331203
136,3988 HK,2012,6,0.017046406540920756
137,3988 HK,2012,7,0.05454473354401441
138,3988 HK,2012,8,0.008388337235138049
139,3988 HK,2012,9,0.015053944343135724
140,3988 HK,2012,10,0.0637075652209802
141,3988 HK,2012,11,0.013044190708924902
142,3988 HK,2012,12,0.012601244348335776
143,3988 HK,2013,1,0.01011206552806896
144,3988 HK,2013,2,0.028512558830294063
145,3988 HK,2013,3,0.01588539533473501
146,3988 HK,2013,4,0.01235785633572606
147,3988 HK,2013,5,0.02359725236901103
148,3988 HK,2013,6,0.03931167115357524
149,3988 HK,2013,7,0.04017330092779257
150,3988 HK,2013,8,0.025095795821078133
151,3988 HK,2013,9,0.012711204718839091
152,3988 HK,2013,10,0.011506124726093926
153,3988 HK,2013,11,0.0152080909190373
154,3988 HK,2013,12,0.009896221497358823
155,3988 HK,2014,1,0.02484336248580233
156,3988 HK,2014,2,0.027273485141673427
157,3988 HK,2014,3,0.013006348811892426
158,3988 HK,2014,4,0.01845671264740077
159,3988 HK,2014,5,0.0316249746941009
160,3988 HK,2014,6,0.01819384311465381
161,3988 HK,2014,7,0.017047673485347407
162,3988 HK,2014,8,0.006970349606068047
163,3988 HK,2014,9,0.010721051913272793
164,3988 HK,2014,10,0.019932254435479083
165,3988 HK,2014,11,0.014255492652189138
166,3988 HK,2014,12,0.04777876518267263
167,3988 HK,2015,1,0.05482886055614396
168,3988 HK,2015,2,0.0537291724211168
169,3988 HK,2015,3,0.014124107924088478
170,3988 HK,2015,4,0.07788625164160388
171,3988 HK,2015,5,0.159458294182319
172,3988 HK,2015,6,0.022274183829845032
173,3988 HK,2015,7,0.08855236582820813
174,3988 HK,2015,8,0.017581471401497736
175,3988 HK,2015,9,0.06556021551118003
176,3988 HK,2015,10,0.04594020948227143
177,3988 HK,2015,11,0.0125718810144067
178,3988 HK,2015,12,0.03403885309884515
179,3988 HK,2016,1,0.04511174341074881
180,3988 HK,2016,2,0.08558770517720042
181,3988 HK,2016,3,0.07044345700449957
0,1398 HK,2001,2,
1,1398 HK,2001,3,
2,1398 HK,2001,4,
3,1398 HK,2001,5,
4,1398 HK,2001,6,
5,1398 HK,2001,7,
6,1398 HK,2001,8,
7,1398 HK,2001,9,
8,1398 HK,2001,10,
9,1398 HK,2001,11,
10,1398 HK,2001,12,
11,1398 HK,2002,1,
12,1398 HK,2002,2,
13,1398 HK,2002,3,
14,1398 HK,2002,4,
15,1398 HK,2002,5,
16,1398 HK,2002,6,
17,1398 HK,2002,7,
18,1398 HK,2002,8,
19,1398 HK,2002,9,
20,1398 HK,2002,10,
21,1398 HK,2002,11,
22,1398 HK,2002,12,
23,1398 HK,2003,1,
24,1398 HK,2003,2,
25,1398 HK,2003,3,
26,1398 HK,2003,4,
27,1398 HK,2003,5,
28,1398 HK,2003,6,
29,1398 HK,2003,7,
30,1398 HK,2003,8,
31,1398 HK,2003,9,
32,1398 HK,2003,10,
33,1398 HK,2003,11,
34,1398 HK,2003,12,
35,1398 HK,2004,1,
36,1398 HK,2004,2,
37,1398 HK,2004,3,
38,1398 HK,2004,4,
39,1398 HK,2004,5,
40,1398 HK,2004,6,
41,1398 HK,2004,7,
42,1398 HK,2004,8,
43,1398 HK,2004,9,
44,1398 HK,2004,10,
45,1398 HK,2004,11,
46,1398 HK,2004,12,
47,1398 HK,2005,1,
48,1398 HK,2005,2,
49,1398 HK,2005,3,
50,1398 HK,2005,4,
51,1398 HK,2005,5,
52,1398 HK,2005,6,
53,1398 HK,2005,7,
54,1398 HK,2005,8,
55,1398 HK,2005,9,
56,1398 HK,2005,10,
57,1398 HK,2005,11,
58,1398 HK,2005,12,
59,1398 HK,2006,1,
60,1398 HK,2006,2,
61,1398 HK,2006,3,
62,1398 HK,2006,4,
63,1398 HK,2006,5,
64,1398 HK,2006,6,
65,1398 HK,2006,7,
66,1398 HK,2006,8,
67,1398 HK,2006,9,
68,1398 HK,2006,10,0.23004742361476815
69,1398 HK,2006,11,0.021663172813738057
70,1398 HK,2006,12,0.027825554520785334
71,1398 HK,2007,1,0.038683242274898895
72,1398 HK,2007,2,0.014251246631284253
73,1398 HK,2007,3,0.020968294213528863
74,1398 HK,2007,4,0.022612175673846532
75,1398 HK,2007,5,0.044417260367943
76,1398 HK,2007,6,0.02416679784709737
77,1398 HK,2007,7,0.03138822491697897
78,1398 HK,2007,8,0.03442826942964134
79,1398 HK,2007,9,0.04102290239345326
80,1398 HK,2007,10,0.10600914528323375
81,1398 HK,2007,11,0.030773573511789554
82,1398 HK,2007,12,0.04866303036380266
83,1398 HK,2008,1,0.059889512810730176
84,1398 HK,2008,2,0.03628232399357949
85,1398 HK,2008,3,0.030345602299511002
86,1398 HK,2008,4,0.05118064840677406
87,1398 HK,2008,5,0.08406702586657953
88,1398 HK,2008,6,0.03435375232373039
89,1398 HK,2008,7,0.0261645487634063
90,1398 HK,2008,8,0.03984338076310392
91,1398 HK,2008,9,0.059504883272158186
92,1398 HK,2008,10,0.11715974618639205
93,1398 HK,2008,11,0.04197116427747416
94,1398 HK,2008,12,0.07999529734297421
95,1398 HK,2009,1,0.17915495300086093
96,1398 HK,2009,2,0.026282357228994094
97,1398 HK,2009,3,0.04385158460562597
98,1398 HK,2009,4,0.065071834103494
99,1398 HK,2009,5,0.06522974673471069
100,1398 HK,2009,6,0.026701819321871226
101,1398 HK,2009,7,0.017678809326384198
102,1398 HK,2009,8,0.014877725573528242
103,1398 HK,2009,9,0.022167758077987414
104,1398 HK,2009,10,0.05835691480826177
105,1398 HK,2009,11,0.024289150019667975
106,1398 HK,2009,12,0.050272109240504716
107,1398 HK,2010,1,0.05479823065530466
108,1398 HK,2010,2,0.019469278188922714
109,1398 HK,2010,3,0.01661933713814717
110,1398 HK,2010,4,0.04005222601250724
111,1398 HK,2010,5,0.019944996484634544
112,1398 HK,2010,6,0.019439051914380185
113,1398 HK,2010,7,0.014677212747991547
114,1398 HK,2010,8,0.01154381269989263
115,1398 HK,2010,9,0.02350904152737365
116,1398 HK,2010,10,0.020790538760550356
117,1398 HK,2010,11,0.021170877172291387
118,1398 HK,2010,12,0.016205611394868463
119,1398 HK,2011,1,0.009150814748102563
120,1398 HK,2011,2,0.02776506334312622
121,1398 HK,2011,3,0.014054329370480364
122,1398 HK,2011,4,0.09655064228704058
123,1398 HK,2011,5,0.08223934522341561
124,1398 HK,2011,6,0.04257623723227216
125,1398 HK,2011,7,0.0345876372951453
126,1398 HK,2011,8,0.02728867627955819
127,1398 HK,2011,9,0.11167777850355251
128,1398 HK,2011,10,0.1394165795020494
129,1398 HK,2011,11,0.03086946712692933
130,1398 HK,2011,12,0.04500047542746414
131,1398 HK,2012,1,0.04635000520795124
132,1398 HK,2012,2,0.014663513039835258
133,1398 HK,2012,3,0.014471456355262018
134,1398 HK,2012,4,0.029045378948666056
135,1398 HK,2012,5,0.013697309108646085
136,1398 HK,2012,6,0.019432887221464204
137,1398 HK,2012,7,0.06915383537743824
138,1398 HK,2012,8,0.011944190006923283
139,1398 HK,2012,9,0.01996973206958635
140,1398 HK,2012,10,0.0474836010165756
141,1398 HK,2012,11,0.013298551274557969
142,1398 HK,2012,12,0.017317891575027562
143,1398 HK,2013,1,0.021092401169076246
144,1398 HK,2013,2,0.029424089474467036
145,1398 HK,2013,3,0.015921177838179035
146,1398 HK,2013,4,0.013124207973106676
147,1398 HK,2013,5,0.025241592339171684
148,1398 HK,2013,6,0.024996065343653503
149,1398 HK,2013,7,0.03090502293402095
150,1398 HK,2013,8,0.014555223380740829
151,1398 HK,2013,9,0.02548941262293661
152,1398 HK,2013,10,0.02578148916172347
153,1398 HK,2013,11,0.015296758983688027
154,1398 HK,2013,12,0.010035469688309281
155,1398 HK,2014,1,0.023883337430416658
156,1398 HK,2014,2,0.025221265392859776
157,1398 HK,2014,3,0.012790218176485105
158,1398 HK,2014,4,0.023701105950373794
159,1398 HK,2014,5,0.04800221758426763
160,1398 HK,2014,6,0.018121586325662666
161,1398 HK,2014,7,0.013794513235202923
162,1398 HK,2014,8,0.008316659653482333
163,1398 HK,2014,9,0.01620086832297617
164,1398 HK,2014,10,0.017604719548455536
165,1398 HK,2014,11,0.010103690616684188
166,1398 HK,2014,12,0.033416401543997484
167,1398 HK,2015,1,0.03967269866054248
168,1398 HK,2015,2,0.03850227570252173
169,1398 HK,2015,3,0.01210931393097763
170,1398 HK,2015,4,0.055314151581732994
171,1398 HK,2015,5,0.13651924543620086
172,1398 HK,2015,6,0.02132928587427849
173,1398 HK,2015,7,0.06346707336368335
174,1398 HK,2015,8,0.016227843645532286
175,1398 HK,2015,9,0.05834497065905329
176,1398 HK,2015,10,0.03822920107231315
177,1398 HK,2015,11,0.01432108155370143
178,1398 HK,2015,12,0.018858436948924834
179,1398 HK,2016,1,0.03289394576311269
180,1398 HK,2016,2,0.08112536927923866
181,1398 HK,2016,3,0.053356739985301806
0,2628 HK,2001,2,
1,2628 HK,2001,3,
2,2628 HK,2001,4,
3,2628 HK,2001,5,
4,2628 HK,2001,6,
5,2628 HK,2001,7,
6,2628 HK,2001,8,
7,2628 HK,2001,9,
8,2628 HK,2001,10,
9,2628 HK,2001,11,
10,2628 HK,2001,12,
11,2628 HK,2002,1,
12,2628 HK,2002,2,
13,2628 HK,2002,3,
14,2628 HK,2002,4,
15,2628 HK,2002,5,
16,2628 HK,2002,6,
17,2628 HK,2002,7,
18,2628 HK,2002,8,
19,2628 HK,2002,9,
20,2628 HK,2002,10,
21,2628 HK,2002,11,
22,2628 HK,2002,12,
23,2628 HK,2003,1,
24,2628 HK,2003,2,
25,2628 HK,2003,3,
26,2628 HK,2003,4,
27,2628 HK,2003,5,
28,2628 HK,2003,6,
29,2628 HK,2003,7,
30,2628 HK,2003,8,
31,2628 HK,2003,9,
32,2628 HK,2003,10,
33,2628 HK,2003,11,
34,2628 HK,2003,12,0.07724671465136701
35,2628 HK,2004,1,0.04596441967784473
36,2628 HK,2004,2,0.02688431221507783
37,2628 HK,2004,3,0.020126186619600847
38,2628 HK,2004,4,0.03578049554371656
39,2628 HK,2004,5,0.029806253791786017
40,2628 HK,2004,6,0.026752885975566614
41,2628 HK,2004,7,0.012551819376337597
42,2628 HK,2004,8,0.020438081127718825
43,2628 HK,2004,9,0.020664612284378134
44,2628 HK,2004,10,0.026620670500018876
45,2628 HK,2004,11,0.013584216940942232
46,2628 HK,2004,12,0.025381892906485126
47,2628 HK,2005,1,0.018344695670220065
48,2628 HK,2005,2,0.013010729198694181
49,2628 HK,2005,3,0.018830972579145754
50,2628 HK,2005,4,0.020663488375155473
51,2628 HK,2005,5,0.03240104387933962
52,2628 HK,2005,6,0.015140851272708393
53,2628 HK,2005,7,0.019778043924832647
54,2628 HK,2005,8,0.015927829687311455
55,2628 HK,2005,9,0.0319312714238806
56,2628 HK,2005,10,0.013448851787284109
57,2628 HK,2005,11,0.012161382558510988
58,2628 HK,2005,12,0.010884336665161904
59,2628 HK,2006,1,0.020797572547851285
60,2628 HK,2006,2,0.03021649391802768
61,2628 HK,2006,3,0.02515367486141633
62,2628 HK,2006,4,0.019222362982660366
63,2628 HK,2006,5,0.03522308518403659
64,2628 HK,2006,6,0.035715331719410465
65,2628 HK,2006,7,0.012993692616472095
66,2628 HK,2006,8,0.013983115100340103
67,2628 HK,2006,9,0.02026469628392113
68,2628 HK,2006,10,0.016829056396006372
69,2628 HK,2006,11,0.01685036760106541
70,2628 HK,2006,12,0.04246774080752782
71,2628 HK,2007,1,0.04862723410939301
72,2628 HK,2007,2,0.01812639363865775
73,2628 HK,2007,3,0.025108994896610105
74,2628 HK,2007,4,0.018089020369711207
75,2628 HK,2007,5,0.020139731675514777
76,2628 HK,2007,6,0.022493499550185127
77,2628 HK,2007,7,0.020711950750492883
78,2628 HK,2007,8,0.0378058080506391
79,2628 HK,2007,9,0.017753183826314863
80,2628 HK,2007,10,0.02292287903762406
81,2628 HK,2007,11,0.034176996629979584
82,2628 HK,2007,12,0.02033477479027689
83,2628 HK,2008,1,0.06396218829525999
84,2628 HK,2008,2,0.03920738225219162
85,2628 HK,2008,3,0.04771488150456272
86,2628 HK,2008,4,0.03179013482865487
87,2628 HK,2008,5,0.029148919358359893
88,2628 HK,2008,6,0.02000527141460774
89,2628 HK,2008,7,0.0302173988901787
90,2628 HK,2008,8,0.026916625507122642
91,2628 HK,2008,9,0.03695923521704456
92,2628 HK,2008,10,0.07983999782523726
93,2628 HK,2008,11,0.04394769106637008
94,2628 HK,2008,12,0.0383094114202268
95,2628 HK,2009,1,0.04509629971889369
96,2628 HK,2009,2,0.030396253793331253
97,2628 HK,2009,3,0.034075694499541447
98,2628 HK,2009,4,0.029862622781623306
99,2628 HK,2009,5,0.01885669462347018
100,2628 HK,2009,6,0.023467177110380495
101,2628 HK,2009,7,0.02674776041726557
102,2628 HK,2009,8,0.020106865931607383
103,2628 HK,2009,9,0.018399087659604026
104,2628 HK,2009,10,0.023050745986275684
105,2628 HK,2009,11,0.02383886098587533
106,2628 HK,2009,12,0.015539081162259154
107,2628 HK,2010,1,0.016069444512733465
108,2628 HK,2010,2,0.015434931323611735
109,2628 HK,2010,3,0.014141725466965842
110,2628 HK,2010,4,0.01729134672426555
111,2628 HK,2010,5,0.020140795228801755
112,2628 HK,2010,6,0.015884779125740156
113,2628 HK,2010,7,0.01396242820250959
114,2628 HK,2010,8,0.016086923290905917
115,2628 HK,2010,9,0.012479894968095625
116,2628 HK,2010,10,0.031253030785804374
117,2628 HK,2010,11,0.01672140586007381
118,2628 HK,2010,12,0.012300966884209029
119,2628 HK,2011,1,0.010408872629107547
120,2628 HK,2011,2,0.014391801275260492
121,2628 HK,2011,3,0.01498876106973261
122,2628 HK,2011,4,0.024641681184881407
123,2628 HK,2011,5,0.01361012085354765
124,2628 HK,2011,6,0.01839782880999955
125,2628 HK,2011,7,0.018875732314933835
126,2628 HK,2011,8,0.041520295613309534
127,2628 HK,2011,9,0.0315246140590899
128,2628 HK,2011,10,0.03865976282631323
129,2628 HK,2011,11,0.034675978597185055
130,2628 HK,2011,12,0.03362607326761526
131,2628 HK,2012,1,0.03329640627180078
132,2628 HK,2012,2,0.019235911220573828
133,2628 HK,2012,3,0.021348405218906966
134,2628 HK,2012,4,0.02039416911398586
135,2628 HK,2012,5,0.02522779144028344
136,2628 HK,2012,6,0.024768883387247417
137,2628 HK,2012,7,0.02513855327206431
138,2628 HK,2012,8,0.01475169302363123
139,2628 HK,2012,9,0.014960650534842669
140,2628 HK,2012,10,0.01283325120951409
141,2628 HK,2012,11,0.013081951953173451
142,2628 HK,2012,12,0.014742969182263727
143,2628 HK,2013,1,0.020483967791124928
144,2628 HK,2013,2,0.01623049374123787
145,2628 HK,2013,3,0.01967279937736734
146,2628 HK,2013,4,0.027099588502316512
147,2628 HK,2013,5,0.021436729448402737
148,2628 HK,2013,6,0.015459289736006214
149,2628 HK,2013,7,0.02141215997788512
150,2628 HK,2013,8,0.02319982141709381
151,2628 HK,2013,9,0.01761748402564101
152,2628 HK,2013,10,0.01997291612338831
153,2628 HK,2013,11,0.02421254593976133
154,2628 HK,2013,12,0.019102419837556006
155,2628 HK,2014,1,0.025153931046782586
156,2628 HK,2014,2,0.031194444327799685
157,2628 HK,2014,3,0.017242278773605554
158,2628 HK,2014,4,0.017375889818283603
159,2628 HK,2014,5,0.014876530160849137
160,2628 HK,2014,6,0.015510668258912863
161,2628 HK,2014,7,0.01629648190350244
162,2628 HK,2014,8,0.011547903954825025
163,2628 HK,2014,9,0.019293475563968893
164,2628 HK,2014,10,0.017473329870826063
165,2628 HK,2014,11,0.025169608874389383
166,2628 HK,2014,12,0.02703278289323265
167,2628 HK,2015,1,0.02902333489356486
168,2628 HK,2015,2,0.015625348389052697
169,2628 HK,2015,3,0.01985554884708311
170,2628 HK,2015,4,0.02437915259018723
171,2628 HK,2015,5,0.025242503551178533
172,2628 HK,2015,6,0.022623897706132365
173,2628 HK,2015,7,0.033055606249853174
174,2628 HK,2015,8,0.0326321489227234
175,2628 HK,2015,9,0.031566792845362825
176,2628 HK,2015,10,0.025332936557914063
177,2628 HK,2015,11,0.020667715988965496
178,2628 HK,2015,12,0.023396466865466856
179,2628 HK,2016,1,0.03233568432898241
180,2628 HK,2016,2,0.030764315686455067
181,2628 HK,2016,3,0.026192579510500504
0,2318 HK,2001,2,
1,2318 HK,2001,3,
2,2318 HK,2001,4,
3,2318 HK,2001,5,
4,2318 HK,2001,6,
5,2318 HK,2001,7,
6,2318 HK,2001,8,
7,2318 HK,2001,9,
8,2318 HK,2001,10,
9,2318 HK,2001,11,
10,2318 HK,2001,12,
11,2318 HK,2002,1,
12,2318 HK,2002,2,
13,2318 HK,2002,3,
14,2318 HK,2002,4,
15,2318 HK,2002,5,
16,2318 HK,2002,6,
17,2318 HK,2002,7,
18,2318 HK,2002,8,
19,2318 HK,2002,9,
20,2318 HK,2002,10,
21,2318 HK,2002,11,
22,2318 HK,2002,12,
23,2318 HK,2003,1,
24,2318 HK,2003,2,
25,2318 HK,2003,3,
26,2318 HK,2003,4,
27,2318 HK,2003,5,
28,2318 HK,2003,6,
29,2318 HK,2003,7,
30,2318 HK,2003,8,
31,2318 HK,2003,9,
32,2318 HK,2003,10,
33,2318 HK,2003,11,
34,2318 HK,2003,12,
35,2318 HK,2004,1,
36,2318 HK,2004,2,
37,2318 HK,2004,3,
38,2318 HK,2004,4,
39,2318 HK,2004,5,
40,2318 HK,2004,6,0.014564578544194177
41,2318 HK,2004,7,0.05209315781226983
42,2318 HK,2004,8,0.0134233383623727
43,2318 HK,2004,9,0.025179828295174365
44,2318 HK,2004,10,0.03233702788072575
45,2318 HK,2004,11,0.013750937818685575
46,2318 HK,2004,12,0.018749539048361567
47,2318 HK,2005,1,0.012072271256083848
48,2318 HK,2005,2,0.01587091714425169
49,2318 HK,2005,3,0.00868954473191703
50,2318 HK,2005,4,0.013309669273498267
51,2318 HK,2005,5,0.02392601845555809
52,2318 HK,2005,6,0.008430662760630368
53,2318 HK,2005,7,0.012997256793050176
54,2318 HK,2005,8,0.012715372064572907
55,2318 HK,2005,9,0.019398561349711015
56,2318 HK,2005,10,0.010308906831514452
57,2318 HK,2005,11,0.009036386497173152
58,2318 HK,2005,12,0.02791812396279365
59,2318 HK,2006,1,0.030928717045200678
60,2318 HK,2006,2,0.02452634207168463
61,2318 HK,2006,3,0.025786296283796428
62,2318 HK,2006,4,0.050204741428602595
63,2318 HK,2006,5,0.038071346365675156
64,2318 HK,2006,6,0.03459074111097478
65,2318 HK,2006,7,0.0176534072677635
66,2318 HK,2006,8,0.014573658121125314
67,2318 HK,2006,9,0.016167660757827662
68,2318 HK,2006,10,0.01206327229800985
69,2318 HK,2006,11,0.012591929994315696
70,2318 HK,2006,12,0.03504166514595767
71,2318 HK,2007,1,0.04051050012656332
72,2318 HK,2007,2,0.03137622118096112
73,2318 HK,2007,3,0.01897503309063855
74,2318 HK,2007,4,0.019506239092241313
75,2318 HK,2007,5,0.02403808068041977
76,2318 HK,2007,6,0.02889723043595012
77,2318 HK,2007,7,0.024224838054345235
78,2318 HK,2007,8,0.039073404175280366
79,2318 HK,2007,9,0.026331669715230578
80,2318 HK,2007,10,0.031535220536226156
81,2318 HK,2007,11,0.03537484240621458
82,2318 HK,2007,12,0.02531919391601492
83,2318 HK,2008,1,0.05066448057678531
84,2318 HK,2008,2,0.044080949878933684
85,2318 HK,2008,3,0.045358358775045675
86,2318 HK,2008,4,0.04956586931561932
87,2318 HK,2008,5,0.02832608872891128
88,2318 HK,2008,6,0.022669825177957337
89,2318 HK,2008,7,0.040863493622065226
90,2318 HK,2008,8,0.028436906300270334
91,2318 HK,2008,9,0.06238069315322902
92,2318 HK,2008,10,0.08757012585611472
93,2318 HK,2008,11,0.05108704510096726
94,2318 HK,2008,12,0.04941005667464267
95,2318 HK,2009,1,0.05655684058820949
96,2318 HK,2009,2,0.033578220214887974
97,2318 HK,2009,3,0.04587355661164383
98,2318 HK,2009,4,0.04136897783853743
99,2318 HK,2009,5,0.028208398207141307
100,2318 HK,2009,6,0.02640934416490093
101,2318 HK,2009,7,0.031002304332886182
102,2318 HK,2009,8,0.020109064855956024
103,2318 HK,2009,9,0.018716170573308308
104,2318 HK,2009,10,0.026658430806634433
105,2318 HK,2009,11,0.022657126588549893
106,2318 HK,2009,12,0.017067028370662003
107,2318 HK,2010,1,0.021245081335716204
108,2318 HK,2010,2,0.021019972376646087
109,2318 HK,2010,3,0.015862408404030765
110,2318 HK,2010,4,0.01846749296557945
111,2318 HK,2010,5,0.028928862051920835
112,2318 HK,2010,6,0.018609376050810447
113,2318 HK,2010,7,0.004588873861907772
114,2318 HK,2010,8,0.0
115,2318 HK,2010,9,0.016666158544951685
116,2318 HK,2010,10,0.02772836771590663
117,2318 HK,2010,11,0.02467557010646342
118,2318 HK,2010,12,0.019711604867264677
119,2318 HK,2011,1,0.013032382356410964
120,2318 HK,2011,2,0.02028278117021778
121,2318 HK,2011,3,0.02137783823718826
122,2318 HK,2011,4,0.02095194843675204
123,2318 HK,2011,5,0.01236605939083756
124,2318 HK,2011,6,0.01901732428691401
125,2318 HK,2011,7,0.013243719105392078
126,2318 HK,2011,8,0.031704399575720736
127,2318 HK,2011,9,0.052416690850205845
128,2318 HK,2011,10,0.05702756352059276
129,2318 HK,2011,11,0.038794198592207785
130,2318 HK,2011,12,0.034892342614748544
131,2318 HK,2012,1,0.03151044616909538
132,2318 HK,2012,2,0.019117410565356187
133,2318 HK,2012,3,0.021099416129175347
134,2318 HK,2012,4,0.023562735870074663
135,2318 HK,2012,5,0.027901008271273505
136,2318 HK,2012,6,0.0235095546597901
137,2318 HK,2012,7,0.019515896502405115
138,2318 HK,2012,8,0.010910887890336616
139,2318 HK,2012,9,0.014189348239599029
140,2318 HK,2012,10,0.024797938274648105
141,2318 HK,2012,11,0.011491771174769029
142,2318 HK,2012,12,0.016740113135768706
143,2318 HK,2013,1,0.017078562845345698
144,2318 HK,2013,2,0.012763805004140857
145,2318 HK,2013,3,0.012365407315052646
146,2318 HK,2013,4,0.015371975293059361
147,2318 HK,2013,5,0.01681593165484115
148,2318 HK,2013,6,0.013510648370012856
149,2318 HK,2013,7,0.019069106562360678
150,2318 HK,2013,8,0.02131195286325262
151,2318 HK,2013,9,0.018763635452094883
152,2318 HK,2013,10,0.013137524665464778
153,2318 HK,2013,11,0.02417883795183788
154,2318 HK,2013,12,0.023349435198680896
155,2318 HK,2014,1,0.016833567439666974
156,2318 HK,2014,2,0.019461608539127522
157,2318 HK,2014,3,0.01352537830879072
158,2318 HK,2014,4,0.015267135555678494
159,2318 HK,2014,5,0.017683798327835103
160,2318 HK,2014,6,0.01445420751233932
161,2318 HK,2014,7,0.014242000578127348
162,2318 HK,2014,8,0.011335171483716815
163,2318 HK,2014,9,0.014703810766101517
164,2318 HK,2014,10,0.01703252402135854
165,2318 HK,2014,11,0.019223649037044325
166,2318 HK,2014,12,0.027626882144662752
167,2318 HK,2015,1,0.0271154779190447
168,2318 HK,2015,2,0.01325977089875539
169,2318 HK,2015,3,0.01699386406290416
170,2318 HK,2015,4,0.025570643585878895
171,2318 HK,2015,5,0.030762499584156503
172,2318 HK,2015,6,0.02164163894795039
173,2318 HK,2015,7,0.030371198806933713
174,2318 HK,2015,8,0.026496387340434323
175,2318 HK,2015,9,0.024507981842117544
176,2318 HK,2015,10,0.017716326919966958
177,2318 HK,2015,11,0.014242767265363656
178,2318 HK,2015,12,0.01892761002930596
179,2318 HK,2016,1,0.030854478437078527
180,2318 HK,2016,2,0.028194362185819742
181,2318 HK,2016,3,0.01652102409910931
0,3328 HK,2001,2,
1,3328 HK,2001,3,
2,3328 HK,2001,4,
3,3328 HK,2001,5,
4,3328 HK,2001,6,
5,3328 HK,2001,7,
6,3328 HK,2001,8,
7,3328 HK,2001,9,
8,3328 HK,2001,10,
9,3328 HK,2001,11,
10,3328 HK,2001,12,
11,3328 HK,2002,1,
12,3328 HK,2002,2,
13,3328 HK,2002,3,
14,3328 HK,2002,4,
15,3328 HK,2002,5,
16,3328 HK,2002,6,
17,3328 HK,2002,7,
18,3328 HK,2002,8,
19,3328 HK,2002,9,
20,3328 HK,2002,10,
21,3328 HK,2002,11,
22,3328 HK,2002,12,
23,3328 HK,2003,1,
24,3328 HK,2003,2,
25,3328 HK,2003,3,
26,3328 HK,2003,4,
27,3328 HK,2003,5,
28,3328 HK,2003,6,
29,3328 HK,2003,7,
30,3328 HK,2003,8,
31,3328 HK,2003,9,
32,3328 HK,2003,10,
33,3328 HK,2003,11,
34,3328 HK,2003,12,
35,3328 HK,2004,1,
36,3328 HK,2004,2,
37,3328 HK,2004,3,
38,3328 HK,2004,4,
39,3328 HK,2004,5,
40,3328 HK,2004,6,
41,3328 HK,2004,7,
42,3328 HK,2004,8,
43,3328 HK,2004,9,
44,3328 HK,2004,10,
45,3328 HK,2004,11,
46,3328 HK,2004,12,
47,3328 HK,2005,1,
48,3328 HK,2005,2,
49,3328 HK,2005,3,
50,3328 HK,2005,4,
51,3328 HK,2005,5,
52,3328 HK,2005,6,0.054151422555580406
53,3328 HK,2005,7,0.07120992404284941
54,3328 HK,2005,8,0.021042645249154536
55,3328 HK,2005,9,0.04383241009833335
56,3328 HK,2005,10,0.021493948137576557
57,3328 HK,2005,11,0.008849475256649678
58,3328 HK,2005,12,0.033526262714971757
59,3328 HK,2006,1,0.04179599513578187
60,3328 HK,2006,2,0.03064385720618018
61,3328 HK,2006,3,0.017762182703419588
62,3328 HK,2006,4,0.019800164119220295
63,3328 HK,2006,5,0.04972086826622163
64,3328 HK,2006,6,0.03612365064487859
65,3328 HK,2006,7,0.010642588404067769
66,3328 HK,2006,8,0.009472911925056145
67,3328 HK,2006,9,0.020216736288963148
68,3328 HK,2006,10,0.08858399662648225
69,3328 HK,2006,11,0.023934846768419615
70,3328 HK,2006,12,0.06475558798803899
71,3328 HK,2007,1,0.07666107202110745
72,3328 HK,2007,2,0.034053518355997056
73,3328 HK,2007,3,0.024889105434194873
74,3328 HK,2007,4,0.010358863979681308
75,3328 HK,2007,5,0.009462232143290207
76,3328 HK,2007,6,0.009247875206129554
77,3328 HK,2007,7,0.015883420165072066
78,3328 HK,2007,8,0.019845189138096703
79,3328 HK,2007,9,0.015574277483445486
80,3328 HK,2007,10,0.09837690629032188
81,3328 HK,2007,11,0.041655893400373345
82,3328 HK,2007,12,0.07123245775459842
83,3328 HK,2008,1,0.08142707487374913
84,3328 HK,2008,2,0.04236873023748039
85,3328 HK,2008,3,0.037461240022892126
86,3328 HK,2008,4,0.04988372586507148
87,3328 HK,2008,5,0.10417364480610387
88,3328 HK,2008,6,0.04400850323810886
89,3328 HK,2008,7,0.027613605178842815
90,3328 HK,2008,8,0.046847171794342155
91,3328 HK,2008,9,0.056823466572296394
92,3328 HK,2008,10,0.1412430271053559
93,3328 HK,2008,11,0.04105510257392578
94,3328 HK,2008,12,0.13104286228663053
95,3328 HK,2009,1,0.2155283065621957
96,3328 HK,2009,2,0.028345344541414352
97,3328 HK,2009,3,0.04154253643210212
98,3328 HK,2009,4,0.08817894147761232
99,3328 HK,2009,5,0.08270288758268853
100,3328 HK,2009,6,0.027681425873837998
101,3328 HK,2009,7,0.03486285989217634
102,3328 HK,2009,8,0.020385341411028646
103,3328 HK,2009,9,0.020512586587731276
104,3328 HK,2009,10,0.0935373238206993
105,3328 HK,2009,11,0.020916696585980547
106,3328 HK,2009,12,0.02771081727025415
107,3328 HK,2010,1,0.03667209214759454
108,3328 HK,2010,2,0.025245918547760662
109,3328 HK,2010,3,0.016713190936523705
110,3328 HK,2010,4,0.049616362698162046
111,3328 HK,2010,5,0.027484566227975616
112,3328 HK,2010,6,0.02539248063871396
113,3328 HK,2010,7,0.017665657810326554
114,3328 HK,2010,8,0.011922604620842152
115,3328 HK,2010,9,0.0204570664575818
116,3328 HK,2010,10,0.029795938177876923
117,3328 HK,2010,11,0.012781764936915694
118,3328 HK,2010,12,0.011519877365475628
119,3328 HK,2011,1,0.007771590921130549
120,3328 HK,2011,2,0.017650244898794097
121,3328 HK,2011,3,0.01136780032874838
122,3328 HK,2011,4,0.04824748138850888
123,3328 HK,2011,5,0.03317371543063243
124,3328 HK,2011,6,0.016748188880373233
125,3328 HK,2011,7,0.01640471966442793
126,3328 HK,2011,8,0.026408450721146316
127,3328 HK,2011,9,0.11990807378396999
128,3328 HK,2011,10,0.14545556178352773
129,3328 HK,2011,11,0.035385765932856486
130,3328 HK,2011,12,0.04623623548930947
131,3328 HK,2012,1,0.04065633081142719
132,3328 HK,2012,2,0.021318821144446276
133,3328 HK,2012,3,0.016806990330433504
134,3328 HK,2012,4,0.016913348648067768
135,3328 HK,2012,5,0.018120606320434142
136,3328 HK,2012,6,0.01879976935454688
137,3328 HK,2012,7,0.030156830353946625
138,3328 HK,2012,8,0.01470717819839152
139,3328 HK,2012,9,0.021003859995695675
140,3328 HK,2012,10,0.033078474656562905
141,3328 HK,2012,11,0.016793086005070283
142,3328 HK,2012,12,0.030912264664221707
143,3328 HK,2013,1,0.04162545974816855
144,3328 HK,2013,2,0.06328532265373932
145,3328 HK,2013,3,0.03025428879837681
146,3328 HK,2013,4,0.04351659286078576
147,3328 HK,2013,5,0.07831204715232076
148,3328 HK,2013,6,0.030242493124211057
149,3328 HK,2013,7,0.02157245820724844
150,3328 HK,2013,8,0.018523772863121128
151,3328 HK,2013,9,0.04186254022283775
152,3328 HK,2013,10,0.03714115759488473
153,3328 HK,2013,11,0.018923854816950154
154,3328 HK,2013,12,0.011035942779768253
155,3328 HK,2014,1,0.025275388299078064
156,3328 HK,2014,2,0.029373495307698384
157,3328 HK,2014,3,0.015654811442728674
158,3328 HK,2014,4,0.04829108826276114
159,3328 HK,2014,5,0.08569123761308282
160,3328 HK,2014,6,0.04103244202660664
161,3328 HK,2014,7,0.036004259257507755
162,3328 HK,2014,8,0.01054446513911392
163,3328 HK,2014,9,0.025648175676955796
164,3328 HK,2014,10,0.04353004406183739
165,3328 HK,2014,11,0.01849617926118001
166,3328 HK,2014,12,0.04208827632095658
167,3328 HK,2015,1,0.04742537947189281
168,3328 HK,2015,2,0.013745788766015175
169,3328 HK,2015,3,0.01628282931104752
170,3328 HK,2015,4,0.02971907950642916
171,3328 HK,2015,5,0.09364290226174046
172,3328 HK,2015,6,0.030881925315689767
173,3328 HK,2015,7,0.07616151406190398
174,3328 HK,2015,8,0.01907140755688148
175,3328 HK,2015,9,0.06560134742924607
176,3328 HK,2015,10,0.03723111664483568
177,3328 HK,2015,11,0.011218219766117298
178,3328 HK,2015,12,0.012857974995317203
179,3328 HK,2016,1,0.02126198239824184
180,3328 HK,2016,2,0.05630910857955257
181,3328 HK,2016,3,0.01824025043171711
0,1088 HK,2001,2,
1,1088 HK,2001,3,
2,1088 HK,2001,4,
3,1088 HK,2001,5,
4,1088 HK,2001,6,
5,1088 HK,2001,7,
6,1088 HK,2001,8,
7,1088 HK,2001,9,
8,1088 HK,2001,10,
9,1088 HK,2001,11,
10,1088 HK,2001,12,
11,1088 HK,2002,1,
12,1088 HK,2002,2,
13,1088 HK,2002,3,
14,1088 HK,2002,4,
15,1088 HK,2002,5,
16,1088 HK,2002,6,
17,1088 HK,2002,7,
18,1088 HK,2002,8,
19,1088 HK,2002,9,
20,1088 HK,2002,10,
21,1088 HK,2002,11,
22,1088 HK,2002,12,
23,1088 HK,2003,1,
24,1088 HK,2003,2,
25,1088 HK,2003,3,
26,1088 HK,2003,4,
27,1088 HK,2003,5,
28,1088 HK,2003,6,
29,1088 HK,2003,7,
30,1088 HK,2003,8,
31,1088 HK,2003,9,
32,1088 HK,2003,10,
33,1088 HK,2003,11,
34,1088 HK,2003,12,
35,1088 HK,2004,1,
36,1088 HK,2004,2,
37,1088 HK,2004,3,
38,1088 HK,2004,4,
39,1088 HK,2004,5,
40,1088 HK,2004,6,
41,1088 HK,2004,7,
42,1088 HK,2004,8,
43,1088 HK,2004,9,
44,1088 HK,2004,10,
45,1088 HK,2004,11,
46,1088 HK,2004,12,
47,1088 HK,2005,1,
48,1088 HK,2005,2,
49,1088 HK,2005,3,
50,1088 HK,2005,4,
51,1088 HK,2005,5,
52,1088 HK,2005,6,0.013153567794450458
53,1088 HK,2005,7,0.017612795925196715
54,1088 HK,2005,8,0.0196700806314968
55,1088 HK,2005,9,0.01792491845011951
56,1088 HK,2005,10,0.018791412439626367
57,1088 HK,2005,11,0.014462311708726427
58,1088 HK,2005,12,0.02572222011130011
59,1088 HK,2006,1,0.029996295476538645
60,1088 HK,2006,2,0.030100999667871643
61,1088 HK,2006,3,0.026212141763087525
62,1088 HK,2006,4,0.029753336407997665
63,1088 HK,2006,5,0.04300840261208125
64,1088 HK,2006,6,0.03556516599888405
65,1088 HK,2006,7,0.018799153357362628
66,1088 HK,2006,8,0.016715530918159895
67,1088 HK,2006,9,0.014634794990849881
68,1088 HK,2006,10,0.026351705944338694
69,1088 HK,2006,11,0.017286578730033177
70,1088 HK,2006,12,0.02214102928865947
71,1088 HK,2007,1,0.04119187975491757
72,1088 HK,2007,2,0.02701450443170983
73,1088 HK,2007,3,0.021794008240307187
74,1088 HK,2007,4,0.015806679734155085
75,1088 HK,2007,5,0.029676647574689827
76,1088 HK,2007,6,0.03326520121570172
77,1088 HK,2007,7,0.0279027312037368
78,1088 HK,2007,8,0.04052650350810102
79,1088 HK,2007,9,0.02626240946841442
80,1088 HK,2007,10,0.06248307729606441
81,1088 HK,2007,11,0.029500582765439275
82,1088 HK,2007,12,0.018223008387321993
83,1088 HK,2008,1,0.03249937211786039
84,1088 HK,2008,2,0.018824857275964505
85,1088 HK,2008,3,0.04174192629040766
86,1088 HK,2008,4,0.027940723722143252
87,1088 HK,2008,5,0.034308828512880966
88,1088 HK,2008,6,0.0253916456137403
89,1088 HK,2008,7,0.03296910215955626
90,1088 HK,2008,8,0.038527856772460366
91,1088 HK,2008,9,0.08111833465408262
92,1088 HK,2008,10,0.11002961490196254
93,1088 HK,2008,11,0.05963132339277903
94,1088 HK,2008,12,0.05614697512865799
95,1088 HK,2009,1,0.045103034358742106
96,1088 HK,2009,2,0.030334378387154918
97,1088 HK,2009,3,0.03942450266015079
98,1088 HK,2009,4,0.03580919179922696
99,1088 HK,2009,5,0.030032878967464663
100,1088 HK,2009,6,0.030838004984023802
101,1088 HK,2009,7,0.03237012691344493
102,1088 HK,2009,8,0.026545829376407523
103,1088 HK,2009,9,0.02163233579094625
104,1088 HK,2009,10,0.019142588972167265
105,1088 HK,2009,11,0.02181829367935585
106,1088 HK,2009,12,0.014080064614306812
107,1088 HK,2010,1,0.0251059110343338
108,1088 HK,2010,2,0.02245529913105037
109,1088 HK,2010,3,0.02001950287041029
110,1088 HK,2010,4,0.019811455960099335
111,1088 HK,2010,5,0.029706249889772586
112,1088 HK,2010,6,0.0219847313508448
113,1088 HK,2010,7,0.028124528825494894
114,1088 HK,2010,8,0.018743169249899733
115,1088 HK,2010,9,0.019426201387273793
116,1088 HK,2010,10,0.018480376427287313
117,1088 HK,2010,11,0.02092199918630459
118,1088 HK,2010,12,0.02097834060288891
119,1088 HK,2011,1,0.016462198283265145
120,1088 HK,2011,2,0.016967666371965708
121,1088 HK,2011,3,0.015497688781704048
122,1088 HK,2011,4,0.018300747995043855
123,1088 HK,2011,5,0.021724071153742697
124,1088 HK,2011,6,0.02083339728661791
125,1088 HK,2011,7,0.019177231130088384
126,1088 HK,2011,8,0.032420709648087714
127,1088 HK,2011,9,0.02799375238516546
128,1088 HK,2011,10,0.05250419273699172
129,1088 HK,2011,11,0.026500109637699738
130,1088 HK,2011,12,0.02090970494502869
131,1088 HK,2012,1,0.020569553143366264
132,1088 HK,2012,2,0.011107396437456044
133,1088 HK,2012,3,0.01304843392872839
134,1088 HK,2012,4,0.012056030849185988
135,1088 HK,2012,5,0.025497928404837587
136,1088 HK,2012,6,0.022521140046820882
137,1088 HK,2012,7,0.01996157214946059
138,1088 HK,2012,8,0.014656927386563203
139,1088 HK,2012,9,0.022396747735285178
140,1088 HK,2012,10,0.02314211084201036
141,1088 HK,2012,11,0.014750316151880582
142,1088 HK,2012,12,0.01312295409063334
143,1088 HK,2013,1,0.016845605167574097
144,1088 HK,2013,2,0.016569529472530986
145,1088 HK,2013,3,0.014278487129923486
146,1088 HK,2013,4,0.0181491634313205
147,1088 HK,2013,5,0.015478188993208073
148,1088 HK,2013,6,0.024739068212249433
149,1088 HK,2013,7,0.04511911379291416
150,1088 HK,2013,8,0.03337675094095841
151,1088 HK,2013,9,0.020024444748273692
152,1088 HK,2013,10,0.019165333888601983
153,1088 HK,2013,11,0.014610038843442238
154,1088 HK,2013,12,0.01628932439438882
155,1088 HK,2014,1,0.021218142966238487
156,1088 HK,2014,2,0.026083054122982605
157,1088 HK,2014,3,0.021027285470388252
158,1088 HK,2014,4,0.014708430874077957
159,1088 HK,2014,5,0.015624237103743775
160,1088 HK,2014,6,0.012618535421627297
161,1088 HK,2014,7,0.017531801248405667
162,1088 HK,2014,8,0.01393527174108484
163,1088 HK,2014,9,0.021348802026885976
164,1088 HK,2014,10,0.012153473931839352
165,1088 HK,2014,11,0.01637978104323764
166,1088 HK,2014,12,0.028385377484637226
167,1088 HK,2015,1,0.01673215089919366
168,1088 HK,2015,2,0.017980619792797484
169,1088 HK,2015,3,0.021182836975321306
170,1088 HK,2015,4,0.022531323884571162
171,1088 HK,2015,5,0.015165879075746418
172,1088 HK,2015,6,0.02288491305405879
173,1088 HK,2015,7,0.02775509683333189
174,1088 HK,2015,8,0.024759254534723083
175,1088 HK,2015,9,0.04387251650907051
176,1088 HK,2015,10,0.04086199716665953
177,1088 HK,2015,11,0.023502229393845647
178,1088 HK,2015,12,0.020743399234686363
179,1088 HK,2016,1,0.039383838001943776
180,1088 HK,2016,2,0.023125118316652288
181,1088 HK,2016,3,0.030866769315722728
0,688 HK,2001,2,0.03320693043905587
1,688 HK,2001,3,0.030802834639436564
2,688 HK,2001,4,0.08486012180197285
3,688 HK,2001,5,0.028541929724759676
4,688 HK,2001,6,0.09538251428385779
5,688 HK,2001,7,0.14082723587690207
6,688 HK,2001,8,0.02899254231211738
7,688 HK,2001,9,0.07619041543810362
8,688 HK,2001,10,0.11450223204428543
9,688 HK,2001,11,0.030505967848040456
10,688 HK,2001,12,0.02559040835111256
11,688 HK,2002,1,0.02089680360160794
12,688 HK,2002,2,0.018551216772070864
13,688 HK,2002,3,0.016343090103789173
14,688 HK,2002,4,0.016548316431284165
15,688 HK,2002,5,0.020816624749754466
16,688 HK,2002,6,0.0167489598925117
17,688 HK,2002,7,0.024538998429154538
18,688 HK,2002,8,0.016489352065507425
19,688 HK,2002,9,0.017893847245228186
20,688 HK,2002,10,0.06094694265503031
21,688 HK,2002,11,0.010112820454294359
22,688 HK,2002,12,0.05263490493032881
23,688 HK,2003,1,0.06949919226747099
24,688 HK,2003,2,0.0383998201700342
25,688 HK,2003,3,0.03553767942687623
26,688 HK,2003,4,0.11627981687386524
27,688 HK,2003,5,0.15406168136093087
28,688 HK,2003,6,0.05058280855954154
29,688 HK,2003,7,0.03512872881452245
30,688 HK,2003,8,0.02433917450409706
31,688 HK,2003,9,0.06529270707223198
32,688 HK,2003,10,0.04647405309388581
33,688 HK,2003,11,0.02537725857973744
34,688 HK,2003,12,0.09153035964375145
35,688 HK,2004,1,0.22340542489113244
36,688 HK,2004,2,0.027704569005790016
37,688 HK,2004,3,0.022003745904815183
38,688 HK,2004,4,0.18644601069634298
39,688 HK,2004,5,0.038864787663905935
40,688 HK,2004,6,0.05262505728317269
41,688 HK,2004,7,0.021985401264356153
42,688 HK,2004,8,0.026701664666936294
43,688 HK,2004,9,0.0334562192908864
44,688 HK,2004,10,0.046158735443535236
45,688 HK,2004,11,0.022360876969579974
46,688 HK,2004,12,0.018895975714173504
47,688 HK,2005,1,0.02265800487807858
48,688 HK,2005,2,0.03420291360295592
49,688 HK,2005,3,0.0580606349779298
50,688 HK,2005,4,0.04636750668902665
51,688 HK,2005,5,0.14174527712912052
52,688 HK,2005,6,0.023801642483328795
53,688 HK,2005,7,0.1566233912678214
54,688 HK,2005,8,0.011005261601218914
55,688 HK,2005,9,0.08690786819831132
56,688 HK,2005,10,0.06298689385542088
57,688 HK,2005,11,0.02765656950413754
58,688 HK,2005,12,0.023696857236059923
59,688 HK,2006,1,0.03795865824743579
60,688 HK,2006,2,0.06672218265811462
61,688 HK,2006,3,0.024298304625969613
62,688 HK,2006,4,0.12458467490502632
63,688 HK,2006,5,0.10590468191950766
64,688 HK,2006,6,0.04236901866323538
65,688 HK,2006,7,0.030844142601058028
66,688 HK,2006,8,0.027636267559464217
67,688 HK,2006,9,0.025521755523128256
68,688 HK,2006,10,0.03330978872106511
69,688 HK,2006,11,0.023540359898884887
70,688 HK,2006,12,0.08235835861653515
71,688 HK,2007,1,0.10654665306607032
72,688 HK,2007,2,0.03027160778935211
73,688 HK,2007,3,0.036621879514143904
74,688 HK,2007,4,0.02807367236254945
75,688 HK,2007,5,0.07448365298339699
76,688 HK,2007,6,0.03906933444734466
77,688 HK,2007,7,0.052673584863474954
78,688 HK,2007,8,0.05060646080258845
79,688 HK,2007,9,0.03983684444199628
80,688 HK,2007,10,0.03651915355844665
81,688 HK,2007,11,0.037572393201678475
82,688 HK,2007,12,0.03262410371102679
83,688 HK,2008,1,0.05023466778316672
84,688 HK,2008,2,0.042298675645520055
85,688 HK,2008,3,0.08801462073348644
86,688 HK,2008,4,0.0321761500024657
87,688 HK,2008,5,0.05194732648234218
88,688 HK,2008,6,0.023883581983394866
89,688 HK,2008,7,0.046808449822129526
90,688 HK,2008,8,0.04410571833576277
91,688 HK,2008,9,0.07738525379458379
92,688 HK,2008,10,0.10032672994215358
93,688 HK,2008,11,0.05218411605730564
94,688 HK,2008,12,0.059733908649368304
95,688 HK,2009,1,0.05064265906693849
96,688 HK,2009,2,0.030653884740917247
97,688 HK,2009,3,0.03645552437754234
98,688 HK,2009,4,0.03594810267808576
99,688 HK,2009,5,0.03377448023883542
100,688 HK,2009,6,0.03653175159331218
101,688 HK,2009,7,0.0333929964263559
102,688 HK,2009,8,0.02408654562339436
103,688 HK,2009,9,0.023938532748215873
104,688 HK,2009,10,0.029259128089072384
105,688 HK,2009,11,0.018161150268589075
106,688 HK,2009,12,0.02164565582119406
107,688 HK,2010,1,0.021039720036205047
108,688 HK,2010,2,0.019336627293425456
109,688 HK,2010,3,0.019133679188359398
110,688 HK,2010,4,0.05026225375937619
111,688 HK,2010,5,0.030652610452314055
112,688 HK,2010,6,0.029256471238937543
113,688 HK,2010,7,0.03609198740071838
114,688 HK,2010,8,0.016112195393924472
115,688 HK,2010,9,0.028138632060733176
116,688 HK,2010,10,0.017925966995121778
117,688 HK,2010,11,0.014807220367619353
118,688 HK,2010,12,0.01789241694233199
119,688 HK,2011,1,0.018091783195738363
120,688 HK,2011,2,0.017518385802744313
121,688 HK,2011,3,0.022419667796421322
122,688 HK,2011,4,0.031366982460783975
123,688 HK,2011,5,0.025035679491494635
124,688 HK,2011,6,0.020814044657639332
125,688 HK,2011,7,0.037988809363434295
126,688 HK,2011,8,0.028172701583330517
127,688 HK,2011,9,0.08097730850368917
128,688 HK,2011,10,0.11187204264310456
129,688 HK,2011,11,0.04262130604828327
130,688 HK,2011,12,0.04016812047879686
131,688 HK,2012,1,0.041038537006164805
132,688 HK,2012,2,0.024140453797705616
133,688 HK,2012,3,0.020980200860328983
134,688 HK,2012,4,0.030713636165328576
135,688 HK,2012,5,0.033850613910585824
136,688 HK,2012,6,0.02483258140601095
137,688 HK,2012,7,0.023531423651089248
138,688 HK,2012,8,0.015590989463937149
139,688 HK,2012,9,0.014763820023369107
140,688 HK,2012,10,0.02260244451277849
141,688 HK,2012,11,0.017896572371414295
142,688 HK,2012,12,0.02021871807247529
143,688 HK,2013,1,0.022531508436252286
144,688 HK,2013,2,0.017604218567426454
145,688 HK,2013,3,0.026012317173676084
146,688 HK,2013,4,0.02706327718336403
147,688 HK,2013,5,0.02558679364623386
148,688 HK,2013,6,0.032370270659756735
149,688 HK,2013,7,0.039126606557197116
150,688 HK,2013,8,0.032798665070720726
151,688 HK,2013,9,0.017819993949958996
152,688 HK,2013,10,0.02154657632834002
153,688 HK,2013,11,0.015532664192265696
154,688 HK,2013,12,0.012252799230773001
155,688 HK,2014,1,0.0217503386559307
156,688 HK,2014,2,0.029124268442979093
157,688 HK,2014,3,0.027337651965667207
158,688 HK,2014,4,0.019017602881363865
159,688 HK,2014,5,0.03191955961631362
160,688 HK,2014,6,0.013219821267894524
161,688 HK,2014,7,0.02336635397488159
162,688 HK,2014,8,0.016149175367022862
163,688 HK,2014,9,0.016150636658865153
164,688 HK,2014,10,0.027425185763063846
165,688 HK,2014,11,0.02764575536661636
166,688 HK,2014,12,0.018685879101800716
167,688 HK,2015,1,0.031625695388590724
168,688 HK,2015,2,0.019185344501894488
169,688 HK,2015,3,0.02036145848986414
170,688 HK,2015,4,0.02490844200359571
171,688 HK,2015,5,0.056254223149080795
172,688 HK,2015,6,0.01715606000331394
173,688 HK,2015,7,0.039470803225041616
174,688 HK,2015,8,0.032098186922156435
175,688 HK,2015,9,0.04615193902020007
176,688 HK,2015,10,0.026205376752842745
177,688 HK,2015,11,0.020403169620364026
178,688 HK,2015,12,0.028920820585215855
179,688 HK,2016,1,0.03674180837990696
180,688 HK,2016,2,0.038419503154355855
181,688 HK,2016,3,0.019663232606188373
0,857 HK,2001,2,0.025862476581906775
1,857 HK,2001,3,0.020715325814798232
2,857 HK,2001,4,0.07176251602587641
3,857 HK,2001,5,0.027422408303116562
4,857 HK,2001,6,0.042048521389069116
5,857 HK,2001,7,0.062957630239478
6,857 HK,2001,8,0.024412384304977525
7,857 HK,2001,9,0.025393482239074287
8,857 HK,2001,10,0.02863240175386875
9,857 HK,2001,11,0.019336870344315138
10,857 HK,2001,12,0.013486385831852727
11,857 HK,2002,1,0.014286099604777025
12,857 HK,2002,2,0.01968530109446045
13,857 HK,2002,3,0.031943483284983566
14,857 HK,2002,4,0.05310124067419782
15,857 HK,2002,5,0.04288028358716719
16,857 HK,2002,6,0.018506678773503996
17,857 HK,2002,7,0.03315346270198096
18,857 HK,2002,8,0.014522374094704114
19,857 HK,2002,9,0.015977147413943214
20,857 HK,2002,10,0.03319879434068846
21,857 HK,2002,11,0.009193961914027294
22,857 HK,2002,12,0.050319128835658894
23,857 HK,2003,1,0.0633697410001967
24,857 HK,2003,2,0.03454233450237411
25,857 HK,2003,3,0.010583152526786063
26,857 HK,2003,4,0.07729491329800303
27,857 HK,2003,5,0.08590728908839412
28,857 HK,2003,6,0.04263676981749614
29,857 HK,2003,7,0.02763803928913904
30,857 HK,2003,8,0.026648694083620146
31,857 HK,2003,9,0.024835626098401925
32,857 HK,2003,10,0.020335816488316994
33,857 HK,2003,11,0.012299060492288356
34,857 HK,2003,12,0.09568483150406722
35,857 HK,2004,1,0.17105254863524777
36,857 HK,2004,2,0.020229828627043655
37,857 HK,2004,3,0.021119407807832485
38,857 HK,2004,4,0.06781933558970067
39,857 HK,2004,5,0.029544858825400196
40,857 HK,2004,6,0.03897842381333486
41,857 HK,2004,7,0.019951282048210596
42,857 HK,2004,8,0.011464693136997831
43,857 HK,2004,9,0.015107011978163954
44,857 HK,2004,10,0.01883629456006792
45,857 HK,2004,11,0.009044070723491678
46,857 HK,2004,12,0.035291758212938694
47,857 HK,2005,1,0.009389311798839542
48,857 HK,2005,2,0.0265651050948159
49,857 HK,2005,3,0.026764627062418004
50,857 HK,2005,4,0.016557621381385595
51,857 HK,2005,5,0.05339113999334359
52,857 HK,2005,6,0.020132445857717958
53,857 HK,2005,7,0.024918075676396
54,857 HK,2005,8,0.022564510156224293
55,857 HK,2005,9,0.016819711473879177
56,857 HK,2005,10,0.016753561892384174
57,857 HK,2005,11,0.014617313191409041
58,857 HK,2005,12,0.019566634899157474
59,857 HK,2006,1,0.030255721625280566
60,857 HK,2006,2,0.034709897622226225
61,857 HK,2006,3,0.011589940459314146
62,857 HK,2006,4,0.06651507693913263
63,857 HK,2006,5,0.08039108113778005
64,857 HK,2006,6,0.025292279028473096
65,857 HK,2006,7,0.010851545579639221
66,857 HK,2006,8,0.011800771139880662
67,857 HK,2006,9,0.010743538366539544
68,857 HK,2006,10,0.03936717596255589
69,857 HK,2006,11,0.01856116844541277
70,857 HK,2006,12,0.022399898494518268
71,857 HK,2007,1,0.03105860310605805
72,857 HK,2007,2,0.038108759211547695
73,857 HK,2007,3,0.016047924587559485
74,857 HK,2007,4,0.0635326449966764
75,857 HK,2007,5,0.09288852110746937
76,857 HK,2007,6,0.02093905876455815
77,857 HK,2007,7,0.01771356584722061
78,857 HK,2007,8,0.026736417444652442
79,857 HK,2007,9,0.05372155890094175
80,857 HK,2007,10,0.1575679170159253
81,857 HK,2007,11,0.0394039802388328
82,857 HK,2007,12,0.060811921416702205
83,857 HK,2008,1,0.07858349779297812
84,857 HK,2008,2,0.03807384524435564
85,857 HK,2008,3,0.06191425138716059
86,857 HK,2008,4,0.030551352037896298
87,857 HK,2008,5,0.04866495913401763
88,857 HK,2008,6,0.029420266053206037
89,857 HK,2008,7,0.024298078998791363
90,857 HK,2008,8,0.04245086524799389
91,857 HK,2008,9,0.044437851190507346
92,857 HK,2008,10,0.11126150990935153
93,857 HK,2008,11,0.04270100194698277
94,857 HK,2008,12,0.08052789556015787
95,857 HK,2009,1,0.1257322894087873
96,857 HK,2009,2,0.030516071058539186
97,857 HK,2009,3,0.03440201722117651
98,857 HK,2009,4,0.05722422142368271
99,857 HK,2009,5,0.054532494433210614
100,857 HK,2009,6,0.026339193948058736
101,857 HK,2009,7,0.03373461579610851
102,857 HK,2009,8,0.023635705731122097
103,857 HK,2009,9,0.017499122304952854
104,857 HK,2009,10,0.07712376723977171
105,857 HK,2009,11,0.019105346392323683
106,857 HK,2009,12,0.03076761278822183
107,857 HK,2010,1,0.034255342787572696
108,857 HK,2010,2,0.02206537981319282
109,857 HK,2010,3,0.014774557088438625
110,857 HK,2010,4,0.018018739307705842
111,857 HK,2010,5,0.0400667093581957
112,857 HK,2010,6,0.02502634201512377
113,857 HK,2010,7,0.02858678946532746
114,857 HK,2010,8,0.011520377758600103
115,857 HK,2010,9,0.035934772604424806
116,857 HK,2010,10,0.02628796728857729
117,857 HK,2010,11,0.020137593857119877
118,857 HK,2010,12,0.01645624088837398
119,857 HK,2011,1,0.014337857554183833
120,857 HK,2011,2,0.02903798505137692
121,857 HK,2011,3,0.01570214614977892
122,857 HK,2011,4,0.06686767088348926
123,857 HK,2011,5,0.026665465271760024
124,857 HK,2011,6,0.01630772618105394
125,857 HK,2011,7,0.032536565618290846
126,857 HK,2011,8,0.03032019738288019
127,857 HK,2011,9,0.051529409476439136
128,857 HK,2011,10,0.051396266114118384
129,857 HK,2011,11,0.021223141978012564
130,857 HK,2011,12,0.036881849824890595
131,857 HK,2012,1,0.035361662556243706
132,857 HK,2012,2,0.011671245107019362
133,857 HK,2012,3,0.014604931073781044
134,857 HK,2012,4,0.024623017541828232
135,857 HK,2012,5,0.038168051314858224
136,857 HK,2012,6,0.015224106801102068
137,857 HK,2012,7,0.01981934839490604
138,857 HK,2012,8,0.01163876406633936
139,857 HK,2012,9,0.015098755723897656
140,857 HK,2012,10,0.023338478851249317
141,857 HK,2012,11,0.012328248995473898
142,857 HK,2012,12,0.03234090683367092
143,857 HK,2013,1,0.03376581574035222
144,857 HK,2013,2,0.026583329495845572
145,857 HK,2013,3,0.013698708683013226
146,857 HK,2013,4,0.02080161441775832
147,857 HK,2013,5,0.01808963109304125
148,857 HK,2013,6,0.04100098013273544
149,857 HK,2013,7,0.03720339864391681
150,857 HK,2013,8,0.019394303795253084
151,857 HK,2013,9,0.019477119629861792
152,857 HK,2013,10,0.029560274850372558
153,857 HK,2013,11,0.016691202511063156
154,857 HK,2013,12,0.023432385121955574
155,857 HK,2014,1,0.05086149610891049
156,857 HK,2014,2,0.046290991275601164
157,857 HK,2014,3,0.01752686078166012
158,857 HK,2014,4,0.011818091301073835
159,857 HK,2014,5,0.013609720618283598
160,857 HK,2014,6,0.011929683634026531
161,857 HK,2014,7,0.03024934434740903
162,857 HK,2014,8,0.013284795597075637
163,857 HK,2014,9,0.06897036279323986
164,857 HK,2014,10,0.03247260725460527
165,857 HK,2014,11,0.016212000077864185
166,857 HK,2014,12,0.027747948777498144
167,857 HK,2015,1,0.018676106503885098
168,857 HK,2015,2,0.012209462188769456
169,857 HK,2015,3,0.012404874359770052
170,857 HK,2015,4,0.03246820542186259
171,857 HK,2015,5,0.06592056913916537
172,857 HK,2015,6,0.013671472568824432
173,857 HK,2015,7,0.025165824279548027
174,857 HK,2015,8,0.018793630527867724
175,857 HK,2015,9,0.11531496059866733
176,857 HK,2015,10,0.09156087645014896
177,857 HK,2015,11,0.022958998051430403
178,857 HK,2015,12,0.026389274866730268
179,857 HK,2016,1,0.046575457280734735
180,857 HK,2016,2,0.032899167139480455
181,857 HK,2016,3,0.1251567149097466
0,2600 HK,2001,2,
1,2600 HK,2001,3,
2,2600 HK,2001,4,
3,2600 HK,2001,5,
4,2600 HK,2001,6,
5,2600 HK,2001,7,
6,2600 HK,2001,8,
7,2600 HK,2001,9,
8,2600 HK,2001,10,
9,2600 HK,2001,11,
10,2600 HK,2001,12,0.3121069796531507
11,2600 HK,2002,1,0.20175528026275616
12,2600 HK,2002,2,0.03719123523696171
13,2600 HK,2002,3,0.07478626912930451
14,2600 HK,2002,4,0.1791276386603268
15,2600 HK,2002,5,0.2515120018969237
16,2600 HK,2002,6,0.02039673812212739
17,2600 HK,2002,7,0.2966040068563742
18,2600 HK,2002,8,0.031093768161547942
19,2600 HK,2002,9,0.027854569322286644
20,2600 HK,2002,10,0.04155901713716357
21,2600 HK,2002,11,0.029872105585653334
22,2600 HK,2002,12,0.041502890701470944
23,2600 HK,2003,1,0.06538263283801768
24,2600 HK,2003,2,0.05124621185736947
25,2600 HK,2003,3,0.028220726380113567
26,2600 HK,2003,4,0.16115881623857845
27,2600 HK,2003,5,0.27313579899168294
28,2600 HK,2003,6,0.15116829740144605
29,2600 HK,2003,7,0.17219691164023235
30,2600 HK,2003,8,0.04023812964025856
31,2600 HK,2003,9,0.14000680555766737
32,2600 HK,2003,10,0.10737834173651614
33,2600 HK,2003,11,0.028732215820173882
34,2600 HK,2003,12,0.13149362476099002
35,2600 HK,2004,1,0.155311799556311
36,2600 HK,2004,2,0.03440278611356587
37,2600 HK,2004,3,0.03337420866559313
38,2600 HK,2004,4,0.21337750197812436
39,2600 HK,2004,5,0.05999810077830352
40,2600 HK,2004,6,0.07272434549070277
41,2600 HK,2004,7,0.02976300565343213
42,2600 HK,2004,8,0.03194705471078008
43,2600 HK,2004,9,0.04529939277298612
44,2600 HK,2004,10,0.060236611128404186
45,2600 HK,2004,11,0.018992957649693012
46,2600 HK,2004,12,0.015448376811741915
47,2600 HK,2005,1,0.02465165408792915
48,2600 HK,2005,2,0.019358975534026233
49,2600 HK,2005,3,0.022860358110703694
50,2600 HK,2005,4,0.018637008283521165
51,2600 HK,2005,5,0.056030548195145614
52,2600 HK,2005,6,0.011431362862161834
53,2600 HK,2005,7,0.042290725924420854
54,2600 HK,2005,8,0.020648678740919486
55,2600 HK,2005,9,0.05355284682469467
56,2600 HK,2005,10,0.03916697147413167
57,2600 HK,2005,11,0.01644966706981286
58,2600 HK,2005,12,0.019017212989240122
59,2600 HK,2006,1,0.0378476687791558
60,2600 HK,2006,2,0.05976714961338317
61,2600 HK,2006,3,0.0314765984568997
62,2600 HK,2006,4,0.11805711760187661
63,2600 HK,2006,5,0.06585011330112256
64,2600 HK,2006,6,0.03876577582599227
65,2600 HK,2006,7,0.02180709020401157
66,2600 HK,2006,8,0.01862025757640941
67,2600 HK,2006,9,0.016956371633021765
68,2600 HK,2006,10,0.058989171494379614
69,2600 HK,2006,11,0.018239474229787132
70,2600 HK,2006,12,0.06601487320361278
71,2600 HK,2007,1,0.060847186156380455
72,2600 HK,2007,2,0.06937838177984071
73,2600 HK,2007,3,0.027401871097541105
74,2600 HK,2007,4,0.026092483758207965
75,2600 HK,2007,5,0.044154237609059344
76,2600 HK,2007,6,0.034338889871438225
77,2600 HK,2007,7,0.02808637398120236
78,2600 HK,2007,8,0.09923895928803121
79,2600 HK,2007,9,0.05414799190293368
80,2600 HK,2007,10,0.09174078990307195
81,2600 HK,2007,11,0.0396519306712639
82,2600 HK,2007,12,0.027152401430026587
83,2600 HK,2008,1,0.057937061859409805
84,2600 HK,2008,2,0.09190027159621748
85,2600 HK,2008,3,0.07971152417079579
86,2600 HK,2008,4,0.03656708525140242
87,2600 HK,2008,5,0.05432075309878613
88,2600 HK,2008,6,0.08314153777661737
89,2600 HK,2008,7,0.04570736078653659
90,2600 HK,2008,8,0.06613134078908846
91,2600 HK,2008,9,0.05388066602866694
92,2600 HK,2008,10,0.1014467463801098
93,2600 HK,2008,11,0.06967715262739957
94,2600 HK,2008,12,0.07687690106432728
95,2600 HK,2009,1,0.17615525138482452
96,2600 HK,2009,2,0.042305273328068646
97,2600 HK,2009,3,0.056767837763764706
98,2600 HK,2009,4,0.05544330485726039
99,2600 HK,2009,5,0.047457365608616076
100,2600 HK,2009,6,0.040298504249666425
101,2600 HK,2009,7,0.032632238593206
102,2600 HK,2009,8,0.03699652043440595
103,2600 HK,2009,9,0.02405172475838529
104,2600 HK,2009,10,0.052446541191533295
105,2600 HK,2009,11,0.0215332028221688
106,2600 HK,2009,12,0.02268379487892362
107,2600 HK,2010,1,0.0439083458225835
108,2600 HK,2010,2,0.034694022776836655
109,2600 HK,2010,3,0.02200433553798334
110,2600 HK,2010,4,0.025808021850716893
111,2600 HK,2010,5,0.09164863208885875
112,2600 HK,2010,6,0.0768011614629458
113,2600 HK,2010,7,0.08967120160259658
114,2600 HK,2010,8,0.01919854193829415
115,2600 HK,2010,9,0.03667486553613196
116,2600 HK,2010,10,0.0206789921031502
117,2600 HK,2010,11,0.019222487715685688
118,2600 HK,2010,12,0.012122321307362433
119,2600 HK,2011,1,0.02177200167031484
120,2600 HK,2011,2,0.04945951826029489
121,2600 HK,2011,3,0.016893277935583276
122,2600 HK,2011,4,0.08448766600139455
123,2600 HK,2011,5,0.07085845990098769
124,2600 HK,2011,6,0.03521017554956624
125,2600 HK,2011,7,0.05195888798071469
126,2600 HK,2011,8,0.034548605964138494
127,2600 HK,2011,9,0.12309199994172128
128,2600 HK,2011,10,0.13753807382324787
129,2600 HK,2011,11,0.038299410058114255
130,2600 HK,2011,12,0.08666677150792744
131,2600 HK,2012,1,0.08924602388605427
132,2600 HK,2012,2,0.025696142757340563
133,2600 HK,2012,3,0.021663883479618964
134,2600 HK,2012,4,0.022443653258385352
135,2600 HK,2012,5,0.022303713832288997
136,2600 HK,2012,6,0.022951150222034544
137,2600 HK,2012,7,0.02030774345913312
138,2600 HK,2012,8,0.021375914125629593
139,2600 HK,2012,9,0.027104837061051438
140,2600 HK,2012,10,0.05942706070832735
141,2600 HK,2012,11,0.01755719829588104
142,2600 HK,2012,12,0.06903758406898766
143,2600 HK,2013,1,0.08268636977462417
144,2600 HK,2013,2,0.07802460658412826
145,2600 HK,2013,3,0.021136315952152766
146,2600 HK,2013,4,0.027021897846490728
147,2600 HK,2013,5,0.045787426578242876
148,2600 HK,2013,6,0.025953359502591453
149,2600 HK,2013,7,0.04810966156196987
150,2600 HK,2013,8,0.02433860753704682
151,2600 HK,2013,9,0.021205878913062755
152,2600 HK,2013,10,0.019531582333581952
153,2600 HK,2013,11,0.013697686323577315
154,2600 HK,2013,12,0.0380664506633091
155,2600 HK,2014,1,0.04605086412498051
156,2600 HK,2014,2,0.03261388569050184
157,2600 HK,2014,3,0.014731729777014198
158,2600 HK,2014,4,0.03846406823343586
159,2600 HK,2014,5,0.06299439720211736
160,2600 HK,2014,6,0.05255134020552298
161,2600 HK,2014,7,0.0557949163632323
162,2600 HK,2014,8,0.029693242806883416
163,2600 HK,2014,9,0.028401530250464282
164,2600 HK,2014,10,0.028856451795144594
165,2600 HK,2014,11,0.02088280104557337
166,2600 HK,2014,12,0.023436652141963697
167,2600 HK,2015,1,0.03312400791448053
168,2600 HK,2015,2,0.018522159425769288
169,2600 HK,2015,3,0.024600407789910326
170,2600 HK,2015,4,0.08891145307219706
171,2600 HK,2015,5,0.186012395132125
172,2600 HK,2015,6,0.022835090994173454
173,2600 HK,2015,7,0.06550063710626909
174,2600 HK,2015,8,0.045010754340937036
175,2600 HK,2015,9,0.11703284642675518
176,2600 HK,2015,10,0.08618737960562226
177,2600 HK,2015,11,0.024315602659304887
178,2600 HK,2015,12,0.03521021184611931
179,2600 HK,2016,1,0.03811500122560205
180,2600 HK,2016,2,0.03475698423401258
181,2600 HK,2016,3,0.04919576999570526
0,700 HK,2001,2,
1,700 HK,2001,3,
2,700 HK,2001,4,
3,700 HK,2001,5,
4,700 HK,2001,6,
5,700 HK,2001,7,
6,700 HK,2001,8,
7,700 HK,2001,9,
8,700 HK,2001,10,
9,700 HK,2001,11,
10,700 HK,2001,12,
11,700 HK,2002,1,
12,700 HK,2002,2,
13,700 HK,2002,3,
14,700 HK,2002,4,
15,700 HK,2002,5,
16,700 HK,2002,6,
17,700 HK,2002,7,
18,700 HK,2002,8,
19,700 HK,2002,9,
20,700 HK,2002,10,
21,700 HK,2002,11,
22,700 HK,2002,12,
23,700 HK,2003,1,
24,700 HK,2003,2,
25,700 HK,2003,3,
26,700 HK,2003,4,
27,700 HK,2003,5,
28,700 HK,2003,6,
29,700 HK,2003,7,
30,700 HK,2003,8,
31,700 HK,2003,9,
32,700 HK,2003,10,
33,700 HK,2003,11,
34,700 HK,2003,12,
35,700 HK,2004,1,
36,700 HK,2004,2,
37,700 HK,2004,3,
38,700 HK,2004,4,
39,700 HK,2004,5,
40,700 HK,2004,6,0.055754552718267195
41,700 HK,2004,7,0.04509350748320897
42,700 HK,2004,8,0.022186416676372427
43,700 HK,2004,9,0.03872371296947192
44,700 HK,2004,10,0.04034644174064153
45,700 HK,2004,11,0.0387857196972528
46,700 HK,2004,12,0.038117584570586165
47,700 HK,2005,1,0.017644572513982264
48,700 HK,2005,2,0.027955051044832608
49,700 HK,2005,3,0.03234128912814813
50,700 HK,2005,4,0.023266645792864523
51,700 HK,2005,5,0.0405034734522508
52,700 HK,2005,6,0.025413546416525056
53,700 HK,2005,7,0.03635422961434019
54,700 HK,2005,8,0.036582095619601664
55,700 HK,2005,9,0.03803076916672698
56,700 HK,2005,10,0.030945295124578682
57,700 HK,2005,11,0.04923859496382368
58,700 HK,2005,12,0.04408248089846621
59,700 HK,2006,1,0.049248130244137406
60,700 HK,2006,2,0.025201544412553494
61,700 HK,2006,3,0.03810538646189352
62,700 HK,2006,4,0.07465510766945237
63,700 HK,2006,5,0.10013396847817123
64,700 HK,2006,6,0.07130654685832097
65,700 HK,2006,7,0.02044262221484663
66,700 HK,2006,8,0.01922371973304623
67,700 HK,2006,9,0.013595372401605414
68,700 HK,2006,10,0.06111337083751309
69,700 HK,2006,11,0.03490552829464867
70,700 HK,2006,12,0.029603591264761867
71,700 HK,2007,1,0.03897100579890536
72,700 HK,2007,2,0.030852293026268424
73,700 HK,2007,3,0.03410058895037195
74,700 HK,2007,4,0.04391136004161656
75,700 HK,2007,5,0.04302316712707418
76,700 HK,2007,6,0.0223205382028395
77,700 HK,2007,7,0.023369182395908624
78,700 HK,2007,8,0.04242598708968725
79,700 HK,2007,9,0.03254560834082362
80,700 HK,2007,10,0.052502556994634915
81,700 HK,2007,11,0.04034858604601924
82,700 HK,2007,12,0.028383655362683585
83,700 HK,2008,1,0.048804596151237355
84,700 HK,2008,2,0.02942000874657472
85,700 HK,2008,3,0.053846611452359396
86,700 HK,2008,4,0.02467937043572502
87,700 HK,2008,5,0.03787184987307533
88,700 HK,2008,6,0.028252705517976602
89,700 HK,2008,7,0.03722563138693827
90,700 HK,2008,8,0.030973657804967355
91,700 HK,2008,9,0.046651503150714424
92,700 HK,2008,10,0.08173389868616977
93,700 HK,2008,11,0.05361047249662419
94,700 HK,2008,12,0.03861136302400034
95,700 HK,2009,1,0.04467614120756016
96,700 HK,2009,2,0.02743780510672071
97,700 HK,2009,3,0.02986310337679382
98,700 HK,2009,4,0.021356999911963957
99,700 HK,2009,5,0.030761293319140817
100,700 HK,2009,6,0.03088623799545203
101,700 HK,2009,7,0.030215129201691567
102,700 HK,2009,8,0.028545872501909243
103,700 HK,2009,9,0.022646024803143344
104,700 HK,2009,10,0.035350169070908315
105,700 HK,2009,11,0.0239239393197453
106,700 HK,2009,12,0.02259258702034285
107,700 HK,2010,1,0.02332161328397873
108,700 HK,2010,2,0.03184814158472461
109,700 HK,2010,3,0.020706237966095473
110,700 HK,2010,4,0.01400630579883134
111,700 HK,2010,5,0.02608008086618791
112,700 HK,2010,6,0.03170991116233719
113,700 HK,2010,7,0.014320573423178799
114,700 HK,2010,8,0.01795665309562711
115,700 HK,2010,9,0.015544063040372232
116,700 HK,2010,10,0.019069644781209975
117,700 HK,2010,11,0.024168761419477776
118,700 HK,2010,12,0.017054977549051536
119,700 HK,2011,1,0.021284681496434223
120,700 HK,2011,2,0.026215074170713008
121,700 HK,2011,3,0.03228729207260974
122,700 HK,2011,4,0.0277406560771087
123,700 HK,2011,5,0.021597220193093226
124,700 HK,2011,6,0.024905691430583122
125,700 HK,2011,7,0.02028559419156949
126,700 HK,2011,8,0.02582054869790269
127,700 HK,2011,9,0.025403006471080312
128,700 HK,2011,10,0.041482762651604575
129,700 HK,2011,11,0.025707923011393966
130,700 HK,2011,12,0.02238336989783388
131,700 HK,2012,1,0.01790009054239606
132,700 HK,2012,2,0.017880775886416976
133,700 HK,2012,3,0.01659532782498339
134,700 HK,2012,4,0.01928901698789966
135,700 HK,2012,5,0.02073504277646586
136,700 HK,2012,6,0.02453648390309895
137,700 HK,2012,7,0.017018350870378528
138,700 HK,2012,8,0.017839741049067843
139,700 HK,2012,9,0.012343507073949381
140,700 HK,2012,10,0.010727377277327874
141,700 HK,2012,11,0.018953168237542457
142,700 HK,2012,12,0.011329867815171557
143,700 HK,2013,1,0.011045242413008156
144,700 HK,2013,2,0.011043332569638246
145,700 HK,2013,3,0.01879873185947557
146,700 HK,2013,4,0.01296878343082
147,700 HK,2013,5,0.025438982503525956
148,700 HK,2013,6,0.016173021718198472
149,700 HK,2013,7,0.020411278195900474
150,700 HK,2013,8,0.016527728905885913
151,700 HK,2013,9,0.019070621939941645
152,700 HK,2013,10,0.01859169382122089
153,700 HK,2013,11,0.01902854609181962
154,700 HK,2013,12,0.011881570329158238
155,700 HK,2014,1,0.021709556550041087
156,700 HK,2014,2,0.0238411450470763
157,700 HK,2014,3,0.02949944652320152
158,700 HK,2014,4,0.03215820052691115
159,700 HK,2014,5,0.022670168896109226
160,700 HK,2014,6,0.014366238689132197
161,700 HK,2014,7,0.014080543468600716
162,700 HK,2014,8,0.014611691684851207
163,700 HK,2014,9,0.01482563767259983
164,700 HK,2014,10,0.013409202723343741
165,700 HK,2014,11,0.01296588945206412
166,700 HK,2014,12,0.020864988764367404
167,700 HK,2015,1,0.021522323804584045
168,700 HK,2015,2,0.010835528097759287
169,700 HK,2015,3,0.01866914692774499
170,700 HK,2015,4,0.024429760506211713
171,700 HK,2015,5,0.013886924386888499
172,700 HK,2015,6,0.015531645505191182
173,700 HK,2015,7,0.029341214563666517
174,700 HK,2015,8,0.027179148972266896
175,700 HK,2015,9,0.01874911142690812
176,700 HK,2015,10,0.012161564691409596
177,700 HK,2015,11,0.012992178051361465
178,700 HK,2015,12,0.010192743671235465
179,700 HK,2016,1,0.022545095033504232
180,700 HK,2016,2,0.018467784696031598
181,700 HK,2016,3,0.014261629653759444
0,836 HK,2001,2,
1,836 HK,2001,3,
2,836 HK,2001,4,
3,836 HK,2001,5,
4,836 HK,2001,6,
5,836 HK,2001,7,
6,836 HK,2001,8,
7,836 HK,2001,9,
8,836 HK,2001,10,
9,836 HK,2001,11,
10,836 HK,2001,12,
11,836 HK,2002,1,
12,836 HK,2002,2,
13,836 HK,2002,3,
14,836 HK,2002,4,
15,836 HK,2002,5,
16,836 HK,2002,6,
17,836 HK,2002,7,
18,836 HK,2002,8,
19,836 HK,2002,9,
20,836 HK,2002,10,
21,836 HK,2002,11,
22,836 HK,2002,12,
23,836 HK,2003,1,
24,836 HK,2003,2,
25,836 HK,2003,3,
26,836 HK,2003,4,
27,836 HK,2003,5,
28,836 HK,2003,6,
29,836 HK,2003,7,
30,836 HK,2003,8,
31,836 HK,2003,9,
32,836 HK,2003,10,
33,836 HK,2003,11,0.015518779653711264
34,836 HK,2003,12,0.03234026703336747
35,836 HK,2004,1,0.0508384196356666
36,836 HK,2004,2,0.03088253750093183
37,836 HK,2004,3,0.030016600444352472
38,836 HK,2004,4,0.1002525195587867
39,836 HK,2004,5,0.05420337966653643
40,836 HK,2004,6,0.028963474689420957
41,836 HK,2004,7,0.020943982084300622
42,836 HK,2004,8,0.025845077088215193
43,836 HK,2004,9,0.017674689917384828
44,836 HK,2004,10,0.023475251829486198
45,836 HK,2004,11,0.019916780395661877
46,836 HK,2004,12,0.019973107827928552
47,836 HK,2005,1,0.016711152504104324
48,836 HK,2005,2,0.029907761310741913
49,836 HK,2005,3,0.040322950902815916
50,836 HK,2005,4,0.04545975807842749
51,836 HK,2005,5,0.02135877640740889
52,836 HK,2005,6,0.017209626213200293
53,836 HK,2005,7,0.015907906646783085
54,836 HK,2005,8,0.016546977785834405
55,836 HK,2005,9,0.06462471672633321
56,836 HK,2005,10,0.03922505767235398
57,836 HK,2005,11,0.016147473447768207
58,836 HK,2005,12,0.03199451516589599
59,836 HK,2006,1,0.034340952419622164
60,836 HK,2006,2,0.05105831445952372
61,836 HK,2006,3,0.03278302132236568
62,836 HK,2006,4,0.026470866450659932
63,836 HK,2006,5,0.03856295407840647
64,836 HK,2006,6,0.03756221017644934
65,836 HK,2006,7,0.03209448737455429
66,836 HK,2006,8,0.024105493624163008
67,836 HK,2006,9,0.025342313312730454
68,836 HK,2006,10,0.034478453532801094
69,836 HK,2006,11,0.035177923696178934
70,836 HK,2006,12,0.030582824146441923
71,836 HK,2007,1,0.04418571246441941
72,836 HK,2007,2,0.02782113072638832
73,836 HK,2007,3,0.0238194784158289
74,836 HK,2007,4,0.03076671840951644
75,836 HK,2007,5,0.031677692174219556
76,836 HK,2007,6,0.026859609511513872
77,836 HK,2007,7,0.04282530185070579
78,836 HK,2007,8,0.052936562943484713
79,836 HK,2007,9,0.06247417714546114
80,836 HK,2007,10,0.03306194985032773
81,836 HK,2007,11,0.03889793583906
82,836 HK,2007,12,0.030019176170697884
83,836 HK,2008,1,0.05103952739460126
84,836 HK,2008,2,0.03160531931302957
85,836 HK,2008,3,0.09802763031007092
86,836 HK,2008,4,0.04466451442544044
87,836 HK,2008,5,0.043331833226171415
88,836 HK,2008,6,0.03717396102546505
89,836 HK,2008,7,0.03123935640826426
90,836 HK,2008,8,0.052240797770757894
91,836 HK,2008,9,0.04738307784917643
92,836 HK,2008,10,0.08781901561272891
93,836 HK,2008,11,0.062371380347566466
94,836 HK,2008,12,0.04409275262801945
95,836 HK,2009,1,0.0411079054663905
96,836 HK,2009,2,0.034876651272194734
97,836 HK,2009,3,0.028471989522729984
98,836 HK,2009,4,0.029061212102156883
99,836 HK,2009,5,0.031196226119951855
100,836 HK,2009,6,0.030273945695299797
101,836 HK,2009,7,0.024063910330264518
102,836 HK,2009,8,0.03055836964832839
103,836 HK,2009,9,0.015324150263729124
104,836 HK,2009,10,0.021527869262799863
105,836 HK,2009,11,0.016798825738527288
106,836 HK,2009,12,0.031500318255944654
107,836 HK,2010,1,0.020418552043547623
108,836 HK,2010,2,0.014653320492384492
109,836 HK,2010,3,0.014960631176769244
110,836 HK,2010,4,0.02617352781576146
111,836 HK,2010,5,0.02731000693939811
112,836 HK,2010,6,0.018720966076164275
113,836 HK,2010,7,0.029010933123919978
114,836 HK,2010,8,0.012858922015953185
115,836 HK,2010,9,0.018073907061848984
116,836 HK,2010,10,0.01684306808085583
117,836 HK,2010,11,0.016381937842098283
118,836 HK,2010,12,0.029172863557023462
119,836 HK,2011,1,0.01358928108618551
120,836 HK,2011,2,0.014862809807253508
121,836 HK,2011,3,0.018161321254578977
122,836 HK,2011,4,0.03700973076096061
123,836 HK,2011,5,0.05937465663954186
124,836 HK,2011,6,0.029415648347135254
125,836 HK,2011,7,0.03197930090909169
126,836 HK,2011,8,0.02168649217626105
127,836 HK,2011,9,0.07883050583273399
128,836 HK,2011,10,0.07137969172898577
129,836 HK,2011,11,0.03271762118167286
130,836 HK,2011,12,0.02865692793206373
131,836 HK,2012,1,0.03038283815924328
132,836 HK,2012,2,0.01926645110451633
133,836 HK,2012,3,0.018477104435356002
134,836 HK,2012,4,0.0262796572463669
135,836 HK,2012,5,0.01970408845872178
136,836 HK,2012,6,0.017598614089139066
137,836 HK,2012,7,0.016666199189470723
138,836 HK,2012,8,0.02475860033954784
139,836 HK,2012,9,0.013396155567462643
140,836 HK,2012,10,0.0262968614349756
141,836 HK,2012,11,0.011837863460366724
142,836 HK,2012,12,0.02171770931432827
143,836 HK,2013,1,0.02257168661470902
144,836 HK,2013,2,0.029684118380826775
145,836 HK,2013,3,0.03516873669472782
146,836 HK,2013,4,0.02693169502356463
147,836 HK,2013,5,0.04339120610591384
148,836 HK,2013,6,0.049594399987696665
149,836 HK,2013,7,0.04086572144025982
150,836 HK,2013,8,0.02589557055084575
151,836 HK,2013,9,0.01950886115479664
152,836 HK,2013,10,0.03737335486639605
153,836 HK,2013,11,0.016528955202908088
154,836 HK,2013,12,0.010929656171584196
155,836 HK,2014,1,0.020696011572414685
156,836 HK,2014,2,0.015129129362436176
157,836 HK,2014,3,0.017650969105773306
158,836 HK,2014,4,0.028579748694415673
159,836 HK,2014,5,0.038762110139051106
160,836 HK,2014,6,0.017879725816489146
161,836 HK,2014,7,0.018642966494947327
162,836 HK,2014,8,0.01280346972840774
163,836 HK,2014,9,0.03530135319243366
164,836 HK,2014,10,0.024096527423244765
165,836 HK,2014,11,0.02072874680743086
166,836 HK,2014,12,0.02050692743962836
167,836 HK,2015,1,0.021606662965732108
168,836 HK,2015,2,0.017632072711547524
169,836 HK,2015,3,0.01714933079285784
170,836 HK,2015,4,0.032386169737739466
171,836 HK,2015,5,0.040263358301752136
172,836 HK,2015,6,0.022412753413264562
173,836 HK,2015,7,0.028582608371520286
174,836 HK,2015,8,0.026444179781526335
175,836 HK,2015,9,0.04006648658591267
176,836 HK,2015,10,0.043170501994106256
177,836 HK,2015,11,0.021138567790461995
178,836 HK,2015,12,0.025439943795709716
179,836 HK,2016,1,0.03144505400319201
180,836 HK,2016,2,0.04694254446209312
181,836 HK,2016,3,0.025990276125115605
0,1109 HK,2001,2,0.06051981388934934
1,1109 HK,2001,3,0.044020816208897404
2,1109 HK,2001,4,0.1250167551843808
3,1109 HK,2001,5,0.04673673700035445
4,1109 HK,2001,6,0.07594410343356277
5,1109 HK,2001,7,0.08658983857233393
6,1109 HK,2001,8,0.02801199720790275
7,1109 HK,2001,9,0.06278812290130265
8,1109 HK,2001,10,0.05524393992586048
9,1109 HK,2001,11,0.02931211791900191
10,1109 HK,2001,12,0.030251244598807528
11,1109 HK,2002,1,0.029822651885989315
12,1109 HK,2002,2,0.031717407968068524
13,1109 HK,2002,3,0.02205838338966094
14,1109 HK,2002,4,0.0396189769584844
15,1109 HK,2002,5,0.0284218680733299
16,1109 HK,2002,6,0.02973881352686301
17,1109 HK,2002,7,0.047658213094081546
18,1109 HK,2002,8,0.0316843282408747
19,1109 HK,2002,9,0.03222083199087217
20,1109 HK,2002,10,0.13930633356499356
21,1109 HK,2002,11,0.01547573454134758
22,1109 HK,2002,12,0.08957747251739462
23,1109 HK,2003,1,0.10339996500181076
24,1109 HK,2003,2,0.03862643402839286
25,1109 HK,2003,3,0.028993937934524847
26,1109 HK,2003,4,0.12987283598591207
27,1109 HK,2003,5,0.15921655033649032
28,1109 HK,2003,6,0.033234438618437126
29,1109 HK,2003,7,0.04276299174893504
30,1109 HK,2003,8,0.026138464065943282
31,1109 HK,2003,9,0.04308655729485248
32,1109 HK,2003,10,0.03328439336019754
33,1109 HK,2003,11,0.025426452305691887
34,1109 HK,2003,12,0.051559948557942624
35,1109 HK,2004,1,0.19761056225589904
36,1109 HK,2004,2,0.0243113138928348
37,1109 HK,2004,3,0.02165073113269842
38,1109 HK,2004,4,0.11504168526370413
39,1109 HK,2004,5,0.03462651593342849
40,1109 HK,2004,6,0.039850734222836096
41,1109 HK,2004,7,0.02510240346060129
42,1109 HK,2004,8,0.024100687209180547
43,1109 HK,2004,9,0.020740658140705904
44,1109 HK,2004,10,0.0338735470949563
45,1109 HK,2004,11,0.016731772402991982
46,1109 HK,2004,12,0.022640560695747505
47,1109 HK,2005,1,0.0222170974565466
48,1109 HK,2005,2,0.03948195278996846
49,1109 HK,2005,3,0.029231271773409763
50,1109 HK,2005,4,0.02090968711006321
51,1109 HK,2005,5,0.10994640059998653
52,1109 HK,2005,6,0.019462690853990723
53,1109 HK,2005,7,0.1413318757740462
54,1109 HK,2005,8,0.025838156508430795
55,1109 HK,2005,9,0.041414529338526275
56,1109 HK,2005,10,0.03479707212514003
57,1109 HK,2005,11,0.029087267935461847
58,1109 HK,2005,12,0.035684312586767165
59,1109 HK,2006,1,0.07098639269238918
60,1109 HK,2006,2,0.09639209759632734
61,1109 HK,2006,3,0.042555015332144015
62,1109 HK,2006,4,0.1921208870469102
63,1109 HK,2006,5,0.13260464301136668
64,1109 HK,2006,6,0.05396959302602518
65,1109 HK,2006,7,0.020989719115610504
66,1109 HK,2006,8,0.031608308229472686
67,1109 HK,2006,9,0.027300020038568424
68,1109 HK,2006,10,0.054246938751866494
69,1109 HK,2006,11,0.032966097809530956
70,1109 HK,2006,12,0.052186977562301784
71,1109 HK,2007,1,0.07905575875380182
72,1109 HK,2007,2,0.030145863316933644
73,1109 HK,2007,3,0.028469369836549758
74,1109 HK,2007,4,0.020032091154476957
75,1109 HK,2007,5,0.040552407276254386
76,1109 HK,2007,6,0.028163743683041365
77,1109 HK,2007,7,0.0336396808505458
78,1109 HK,2007,8,0.03922862943091112
79,1109 HK,2007,9,0.037846481249995775
80,1109 HK,2007,10,0.042494589786898976
81,1109 HK,2007,11,0.058617658674775745
82,1109 HK,2007,12,0.043607709105877725
83,1109 HK,2008,1,0.04484424715245522
84,1109 HK,2008,2,0.04171647503142977
85,1109 HK,2008,3,0.07680486022237794
86,1109 HK,2008,4,0.05142475819541352
87,1109 HK,2008,5,0.07950193813152327
88,1109 HK,2008,6,0.032006776162786264
89,1109 HK,2008,7,0.054732385245451494
90,1109 HK,2008,8,0.0790344922534317
91,1109 HK,2008,9,0.06587675261222523
92,1109 HK,2008,10,0.07367324516396631
93,1109 HK,2008,11,0.055918647738463036
94,1109 HK,2008,12,0.05888471735286566
95,1109 HK,2009,1,0.06174037801527529
96,1109 HK,2009,2,0.03505158733458211
97,1109 HK,2009,3,0.03799871986003308
98,1109 HK,2009,4,0.05229647529983093
99,1109 HK,2009,5,0.05557415903616236
100,1109 HK,2009,6,0.031383779226314835
101,1109 HK,2009,7,0.038373648907631695
102,1109 HK,2009,8,0.02831399158635836
103,1109 HK,2009,9,0.03176200806759828
104,1109 HK,2009,10,0.039782012038099814
105,1109 HK,2009,11,0.023206393386012367
106,1109 HK,2009,12,0.02822998812116188
107,1109 HK,2010,1,0.024703802490993375
108,1109 HK,2010,2,0.02759490587841436
109,1109 HK,2010,3,0.023310326905021363
110,1109 HK,2010,4,0.04456172143324611
111,1109 HK,2010,5,0.036340324646356933
112,1109 HK,2010,6,0.022967629269455486
113,1109 HK,2010,7,0.019690643186617708
114,1109 HK,2010,8,0.019082952881934713
115,1109 HK,2010,9,0.039422675085350294
116,1109 HK,2010,10,0.023654836103110564
117,1109 HK,2010,11,0.015115692733683744
118,1109 HK,2010,12,0.020716773419506635
119,1109 HK,2011,1,0.021671153762058977
120,1109 HK,2011,2,0.02355664616270596
121,1109 HK,2011,3,0.024273898785286747
122,1109 HK,2011,4,0.03776223108105575
123,1109 HK,2011,5,0.025639827296580837
124,1109 HK,2011,6,0.020387581436721734
125,1109 HK,2011,7,0.04466984664510921
126,1109 HK,2011,8,0.02933483025916537
127,1109 HK,2011,9,0.08618327661005114
128,1109 HK,2011,10,0.1492611837158292
129,1109 HK,2011,11,0.03782887573653436
130,1109 HK,2011,12,0.03892109328152542
131,1109 HK,2012,1,0.03329697073815652
132,1109 HK,2012,2,0.026911227523966633
133,1109 HK,2012,3,0.027451421004454267
134,1109 HK,2012,4,0.02428578882068052
135,1109 HK,2012,5,0.030468520341467298
136,1109 HK,2012,6,0.022103340693849127
137,1109 HK,2012,7,0.02729375707430553
138,1109 HK,2012,8,0.016277395744328713
139,1109 HK,2012,9,0.020725871746714454
140,1109 HK,2012,10,0.02611618016598538
141,1109 HK,2012,11,0.02033613154358971
142,1109 HK,2012,12,0.021588229117895024
143,1109 HK,2013,1,0.03144583496750656
144,1109 HK,2013,2,0.021469567017774478
145,1109 HK,2013,3,0.029212156394323088
146,1109 HK,2013,4,0.021313907146312868
147,1109 HK,2013,5,0.0214470303560253
148,1109 HK,2013,6,0.03426233639689187
149,1109 HK,2013,7,0.039928010917698195
150,1109 HK,2013,8,0.029794818617127062
151,1109 HK,2013,9,0.02607598600435358
152,1109 HK,2013,10,0.03024983221441185
153,1109 HK,2013,11,0.02198720166439304
154,1109 HK,2013,12,0.01247500276536628
155,1109 HK,2014,1,0.016543686879267352
156,1109 HK,2014,2,0.02178422384842388
157,1109 HK,2014,3,0.022964396355784
158,1109 HK,2014,4,0.022701503442028696
159,1109 HK,2014,5,0.029290497447928745
160,1109 HK,2014,6,0.014478130293135456
161,1109 HK,2014,7,0.03729400747870138
162,1109 HK,2014,8,0.025667655372183986
163,1109 HK,2014,9,0.0327155374000275
164,1109 HK,2014,10,0.020708564291260653
165,1109 HK,2014,11,0.029475472920844615
166,1109 HK,2014,12,0.018688008893543665
167,1109 HK,2015,1,0.03141488510772075
168,1109 HK,2015,2,0.028897036110589032
169,1109 HK,2015,3,0.01894898177125715
170,1109 HK,2015,4,0.029654651778738043
171,1109 HK,2015,5,0.06295595651261411
172,1109 HK,2015,6,0.02336509374779284
173,1109 HK,2015,7,0.04648800107113527
174,1109 HK,2015,8,0.0361424474446922
175,1109 HK,2015,9,0.055750899194321094
176,1109 HK,2015,10,0.034883990982528194
177,1109 HK,2015,11,0.025272178702329007
178,1109 HK,2015,12,0.028532954225295202
179,1109 HK,2016,1,0.03868961168515645
180,1109 HK,2016,2,0.03323202456155697
181,1109 HK,2016,3,0.025959106728932858
0,1880 HK,2001,2,
1,1880 HK,2001,3,
2,1880 HK,2001,4,
3,1880 HK,2001,5,
4,1880 HK,2001,6,
5,1880 HK,2001,7,
6,1880 HK,2001,8,
7,1880 HK,2001,9,
8,1880 HK,2001,10,
9,1880 HK,2001,11,
10,1880 HK,2001,12,
11,1880 HK,2002,1,
12,1880 HK,2002,2,
13,1880 HK,2002,3,
14,1880 HK,2002,4,
15,1880 HK,2002,5,
16,1880 HK,2002,6,
17,1880 HK,2002,7,
18,1880 HK,2002,8,
19,1880 HK,2002,9,
20,1880 HK,2002,10,
21,1880 HK,2002,11,
22,1880 HK,2002,12,
23,1880 HK,2003,1,
24,1880 HK,2003,2,
25,1880 HK,2003,3,
26,1880 HK,2003,4,
27,1880 HK,2003,5,
28,1880 HK,2003,6,
29,1880 HK,2003,7,
30,1880 HK,2003,8,
31,1880 HK,2003,9,
32,1880 HK,2003,10,
33,1880 HK,2003,11,
34,1880 HK,2003,12,
35,1880 HK,2004,1,
36,1880 HK,2004,2,
37,1880 HK,2004,3,
38,1880 HK,2004,4,
39,1880 HK,2004,5,
40,1880 HK,2004,6,
41,1880 HK,2004,7,
42,1880 HK,2004,8,
43,1880 HK,2004,9,
44,1880 HK,2004,10,
45,1880 HK,2004,11,
46,1880 HK,2004,12,
47,1880 HK,2005,1,
48,1880 HK,2005,2,
49,1880 HK,2005,3,
50,1880 HK,2005,4,
51,1880 HK,2005,5,
52,1880 HK,2005,6,
53,1880 HK,2005,7,
54,1880 HK,2005,8,
55,1880 HK,2005,9,
56,1880 HK,2005,10,
57,1880 HK,2005,11,
58,1880 HK,2005,12,
59,1880 HK,2006,1,
60,1880 HK,2006,2,
61,1880 HK,2006,3,
62,1880 HK,2006,4,
63,1880 HK,2006,5,
64,1880 HK,2006,6,
65,1880 HK,2006,7,
66,1880 HK,2006,8,
67,1880 HK,2006,9,
68,1880 HK,2006,10,
69,1880 HK,2006,11,
70,1880 HK,2006,12,
71,1880 HK,2007,1,
72,1880 HK,2007,2,
73,1880 HK,2007,3,
74,1880 HK,2007,4,
75,1880 HK,2007,5,0.13492203239469397
76,1880 HK,2007,6,0.030176464619957027
77,1880 HK,2007,7,0.030502819304828732
78,1880 HK,2007,8,0.03890558652865286
79,1880 HK,2007,9,0.035151102085183426
80,1880 HK,2007,10,0.032675759533411994
81,1880 HK,2007,11,0.04660049464210954
82,1880 HK,2007,12,0.049181865498388704
83,1880 HK,2008,1,0.055948633438834425
84,1880 HK,2008,2,0.025835211861172474
85,1880 HK,2008,3,0.12389718187891913
86,1880 HK,2008,4,0.04407838609161893
87,1880 HK,2008,5,0.038044094421578065
88,1880 HK,2008,6,0.04180048648207655
89,1880 HK,2008,7,0.02791787937998998
90,1880 HK,2008,8,0.07895058227893123
91,1880 HK,2008,9,0.04569370038307357
92,1880 HK,2008,10,0.08875663748178485
93,1880 HK,2008,11,0.05383123178895759
94,1880 HK,2008,12,0.06924716021573575
95,1880 HK,2009,1,0.10708136254598594
96,1880 HK,2009,2,0.023670338394033576
97,1880 HK,2009,3,0.03662633842510677
98,1880 HK,2009,4,0.05464914511140777
99,1880 HK,2009,5,0.08911901547926128
100,1880 HK,2009,6,0.03365751777301441
101,1880 HK,2009,7,0.06487256816321293
102,1880 HK,2009,8,0.02756800998013864
103,1880 HK,2009,9,0.024824311529183327
104,1880 HK,2009,10,0.028166498573769485
105,1880 HK,2009,11,0.029758251701715
106,1880 HK,2009,12,0.02446893873956016
107,1880 HK,2010,1,0.03011727712125832
108,1880 HK,2010,2,0.03948512534259982
109,1880 HK,2010,3,0.01884278103882988
110,1880 HK,2010,4,0.023318580486327376
111,1880 HK,2010,5,0.08966354284764702
112,1880 HK,2010,6,0.037787386970920565
113,1880 HK,2010,7,0.03865943648078499
114,1880 HK,2010,8,0.020471292927486895
115,1880 HK,2010,9,0.046481242154255316
116,1880 HK,2010,10,0.060170097461944454
117,1880 HK,2010,11,0.02098795033679886
118,1880 HK,2010,12,0.027314834847744572
119,1880 HK,2011,1,0.016317887497400235
120,1880 HK,2011,2,0.029902360066020626
121,1880 HK,2011,3,0.01568168448682882
122,1880 HK,2011,4,0.02804484707957206
123,1880 HK,2011,5,0.02560933100862553
124,1880 HK,2011,6,0.03483914989205513
125,1880 HK,2011,7,0.04443836736034997
126,1880 HK,2011,8,0.02581117378229285
127,1880 HK,2011,9,0.04495673775493213
128,1880 HK,2011,10,0.07213639458079713
129,1880 HK,2011,11,0.028728486594250976
130,1880 HK,2011,12,0.030325943378371904
131,1880 HK,2012,1,0.05725900116721163
132,1880 HK,2012,2,0.021276786289754667
133,1880 HK,2012,3,0.028367452768865604
134,1880 HK,2012,4,0.016638815833931852
135,1880 HK,2012,5,0.0256420105567071
136,1880 HK,2012,6,0.02597263012210506
137,1880 HK,2012,7,0.028740381032627337
138,1880 HK,2012,8,0.023003049977357373
139,1880 HK,2012,9,0.022347944916404683
140,1880 HK,2012,10,0.018644546225388598
141,1880 HK,2012,11,0.018884386601111126
142,1880 HK,2012,12,0.03943517804078958
143,1880 HK,2013,1,0.053140931054306347
144,1880 HK,2013,2,0.07415536719449477
145,1880 HK,2013,3,0.03438844291444358
146,1880 HK,2013,4,0.054273757968659415
147,1880 HK,2013,5,0.03351657118707268
148,1880 HK,2013,6,0.046935431010675585
149,1880 HK,2013,7,0.05019997636298752
150,1880 HK,2013,8,0.034750344820607834
151,1880 HK,2013,9,0.03369643471543677
152,1880 HK,2013,10,0.048726362677842514
153,1880 HK,2013,11,0.018555778173256456
154,1880 HK,2013,12,0.0196593515284628
155,1880 HK,2014,1,0.041866592529259936
156,1880 HK,2014,2,0.030021670329659928
157,1880 HK,2014,3,0.02916160616503117
158,1880 HK,2014,4,0.017038089748213792
159,1880 HK,2014,5,0.03700557066642946
160,1880 HK,2014,6,0.037993638575767395
161,1880 HK,2014,7,0.011809953856415601
162,1880 HK,2014,8,0.009962141487764269
163,1880 HK,2014,9,0.041880780308439426
164,1880 HK,2014,10,0.026009819344869796
165,1880 HK,2014,11,0.011751370582464083
166,1880 HK,2014,12,0.018381550715899357
167,1880 HK,2015,1,0.01441997151521864
168,1880 HK,2015,2,0.022260800979210113
169,1880 HK,2015,3,0.016142822774829046
170,1880 HK,2015,4,0.03337229595126652
171,1880 HK,2015,5,0.07441451580131085
172,1880 HK,2015,6,0.023201581163190203
173,1880 HK,2015,7,0.02821034817727428
174,1880 HK,2015,8,0.02249131302249514
175,1880 HK,2015,9,0.07483951212618213
176,1880 HK,2015,10,0.05558193303548247
177,1880 HK,2015,11,0.024340867910186633
178,1880 HK,2015,12,0.03925539653310465
179,1880 HK,2016,1,0.033280768526847415
180,1880 HK,2016,2,0.02281233121686593
181,1880 HK,2016,3,0.08513180143445809
0,1898 HK,2001,2,
1,1898 HK,2001,3,
2,1898 HK,2001,4,
3,1898 HK,2001,5,
4,1898 HK,2001,6,
5,1898 HK,2001,7,
6,1898 HK,2001,8,
7,1898 HK,2001,9,
8,1898 HK,2001,10,
9,1898 HK,2001,11,
10,1898 HK,2001,12,
11,1898 HK,2002,1,
12,1898 HK,2002,2,
13,1898 HK,2002,3,
14,1898 HK,2002,4,
15,1898 HK,2002,5,
16,1898 HK,2002,6,
17,1898 HK,2002,7,
18,1898 HK,2002,8,
19,1898 HK,2002,9,
20,1898 HK,2002,10,
21,1898 HK,2002,11,
22,1898 HK,2002,12,
23,1898 HK,2003,1,
24,1898 HK,2003,2,
25,1898 HK,2003,3,
26,1898 HK,2003,4,
27,1898 HK,2003,5,
28,1898 HK,2003,6,
29,1898 HK,2003,7,
30,1898 HK,2003,8,
31,1898 HK,2003,9,
32,1898 HK,2003,10,
33,1898 HK,2003,11,
34,1898 HK,2003,12,
35,1898 HK,2004,1,
36,1898 HK,2004,2,
37,1898 HK,2004,3,
38,1898 HK,2004,4,
39,1898 HK,2004,5,
40,1898 HK,2004,6,
41,1898 HK,2004,7,
42,1898 HK,2004,8,
43,1898 HK,2004,9,
44,1898 HK,2004,10,
45,1898 HK,2004,11,
46,1898 HK,2004,12,
47,1898 HK,2005,1,
48,1898 HK,2005,2,
49,1898 HK,2005,3,
50,1898 HK,2005,4,
51,1898 HK,2005,5,
52,1898 HK,2005,6,
53,1898 HK,2005,7,
54,1898 HK,2005,8,
55,1898 HK,2005,9,
56,1898 HK,2005,10,
57,1898 HK,2005,11,
58,1898 HK,2005,12,
59,1898 HK,2006,1,
60,1898 HK,2006,2,
61,1898 HK,2006,3,
62,1898 HK,2006,4,
63,1898 HK,2006,5,
64,1898 HK,2006,6,
65,1898 HK,2006,7,
66,1898 HK,2006,8,
67,1898 HK,2006,9,
68,1898 HK,2006,10,
69,1898 HK,2006,11,
70,1898 HK,2006,12,0.052096805136109356
71,1898 HK,2007,1,0.037450719411406416
72,1898 HK,2007,2,0.0263278759934215
73,1898 HK,2007,3,0.030512862260074856
74,1898 HK,2007,4,0.03280384191915462
75,1898 HK,2007,5,0.05868288227494983
76,1898 HK,2007,6,0.037347678707588414
77,1898 HK,2007,7,0.030334035816672524
78,1898 HK,2007,8,0.04660250589620087
79,1898 HK,2007,9,0.0360410109723961
80,1898 HK,2007,10,0.06708111311029247
81,1898 HK,2007,11,0.0485744395271645
82,1898 HK,2007,12,0.03142117970666974
83,1898 HK,2008,1,0.0654369244448462
84,1898 HK,2008,2,0.03287298518400501
85,1898 HK,2008,3,0.09486543072582912
86,1898 HK,2008,4,0.031108660229240352
87,1898 HK,2008,5,0.03172984488965861
88,1898 HK,2008,6,0.028286551674989495
89,1898 HK,2008,7,0.05025114963199206
90,1898 HK,2008,8,0.05001395950218299
91,1898 HK,2008,9,0.06775616558285441
92,1898 HK,2008,10,0.11118642184774308
93,1898 HK,2008,11,0.07271736777175221
94,1898 HK,2008,12,0.07944443841521023
95,1898 HK,2009,1,0.10206567845862394
96,1898 HK,2009,2,0.03458707323663209
97,1898 HK,2009,3,0.0456648195883198
98,1898 HK,2009,4,0.040787281977219175
99,1898 HK,2009,5,0.045246400183668566
100,1898 HK,2009,6,0.03314167134078088
101,1898 HK,2009,7,0.028617364333407124
102,1898 HK,2009,8,0.031108574667363224
103,1898 HK,2009,9,0.025012824633865886
104,1898 HK,2009,10,0.06252520144265945
105,1898 HK,2009,11,0.028149846134529838
106,1898 HK,2009,12,0.03858704986134106
107,1898 HK,2010,1,0.04906256137612552
108,1898 HK,2010,2,0.03126393433982579
109,1898 HK,2010,3,0.021551631778215497
110,1898 HK,2010,4,0.03331854921112801
111,1898 HK,2010,5,0.052397933844825516
112,1898 HK,2010,6,0.032438182096020604
113,1898 HK,2010,7,0.054721758269704227
114,1898 HK,2010,8,0.019634084911621677
115,1898 HK,2010,9,0.018896012528224194
116,1898 HK,2010,10,0.04214474612211516
117,1898 HK,2010,11,0.02075379593734668
118,1898 HK,2010,12,0.01876201026219844
119,1898 HK,2011,1,0.016376102697133715
120,1898 HK,2011,2,0.022409939560829352
121,1898 HK,2011,3,0.025074926536994894
122,1898 HK,2011,4,0.035830370269871285
123,1898 HK,2011,5,0.026032538805990695
124,1898 HK,2011,6,0.017773739459235795
125,1898 HK,2011,7,0.021400969089064352
126,1898 HK,2011,8,0.03157263273219881
127,1898 HK,2011,9,0.0842890646516433
128,1898 HK,2011,10,0.10849828800602954
129,1898 HK,2011,11,0.029583034994315735
130,1898 HK,2011,12,0.027704486594329298
131,1898 HK,2012,1,0.053006920607475985
132,1898 HK,2012,2,0.018624633529591674
133,1898 HK,2012,3,0.014985017584613165
134,1898 HK,2012,4,0.019979925570675506
135,1898 HK,2012,5,0.026494541166794422
136,1898 HK,2012,6,0.022240498143246117
137,1898 HK,2012,7,0.07869219452790198
138,1898 HK,2012,8,0.021365149427676502
139,1898 HK,2012,9,0.029785632902061245
140,1898 HK,2012,10,0.030157161875864612
141,1898 HK,2012,11,0.016546844528320396
142,1898 HK,2012,12,0.0549577285053839
143,1898 HK,2013,1,0.06802497542643585
144,1898 HK,2013,2,0.0735011316115046
145,1898 HK,2013,3,0.025568124315155
146,1898 HK,2013,4,0.032984715011167474
147,1898 HK,2013,5,0.039958373304970596
148,1898 HK,2013,6,0.061884349589936424
149,1898 HK,2013,7,0.10210507222607927
150,1898 HK,2013,8,0.03593600826731331
151,1898 HK,2013,9,0.027592559714754335
152,1898 HK,2013,10,0.02144990830971603
153,1898 HK,2013,11,0.014323578999286653
154,1898 HK,2013,12,0.012731391968555042
155,1898 HK,2014,1,0.034115305096492944
156,1898 HK,2014,2,0.028579330407009596
157,1898 HK,2014,3,0.017909724799040558
158,1898 HK,2014,4,0.01501984075083753
159,1898 HK,2014,5,0.013521869834541095
160,1898 HK,2014,6,0.010817328912972192
161,1898 HK,2014,7,0.025051706186994475
162,1898 HK,2014,8,0.01806051124943492
163,1898 HK,2014,9,0.03510007819916373
164,1898 HK,2014,10,0.021436906310650334
165,1898 HK,2014,11,0.01650250755780094
166,1898 HK,2014,12,0.034966817327392125
167,1898 HK,2015,1,0.03121968294702402
168,1898 HK,2015,2,0.03300942108897014
169,1898 HK,2015,3,0.019883925046367462
170,1898 HK,2015,4,0.03334421106229352
171,1898 HK,2015,5,0.061825186981084086
172,1898 HK,2015,6,0.03240656204570529
173,1898 HK,2015,7,0.03602089669730848
174,1898 HK,2015,8,0.021934437129938592
175,1898 HK,2015,9,0.08613232317284789
176,1898 HK,2015,10,0.07487490628713127
177,1898 HK,2015,11,0.027333115934591753
178,1898 HK,2015,12,0.022267177335693396
179,1898 HK,2016,1,0.053133385684272484
180,1898 HK,2016,2,0.034167210442754344
181,1898 HK,2016,3,0.15061810322145217
0,1044 HK,2001,2,0.014471335881409217
1,1044 HK,2001,3,0.026842339014787914
2,1044 HK,2001,4,0.04522945955299817
3,1044 HK,2001,5,0.03334588246058338
4,1044 HK,2001,6,0.06213492697489218
5,1044 HK,2001,7,0.06959777027588576
6,1044 HK,2001,8,0.008042977184980775
7,1044 HK,2001,9,0.020990227604181528
8,1044 HK,2001,10,0.09446369626230669
9,1044 HK,2001,11,0.022716704062348173
10,1044 HK,2001,12,0.046080810529039576
11,1044 HK,2002,1,0.04809773036851207
12,1044 HK,2002,2,0.017423197980718008
13,1044 HK,2002,3,0.01261392526076894
14,1044 HK,2002,4,0.0162645944804494
15,1044 HK,2002,5,0.08947379658595275
16,1044 HK,2002,6,0.02312853284446922
17,1044 HK,2002,7,0.05489516080006801
18,1044 HK,2002,8,0.024393506340808006
19,1044 HK,2002,9,0.019249315799060057
20,1044 HK,2002,10,0.04209635953421261
21,1044 HK,2002,11,0.02041009887254825
22,1044 HK,2002,12,0.014739053628753721
23,1044 HK,2003,1,0.04161984319763152
24,1044 HK,2003,2,0.04333906581788329
25,1044 HK,2003,3,0.020855585875252755
26,1044 HK,2003,4,0.017902613111012995
27,1044 HK,2003,5,0.041219429121400766
28,1044 HK,2003,6,0.016148136068244473
29,1044 HK,2003,7,0.015777182733112943
30,1044 HK,2003,8,0.015065850661730124
31,1044 HK,2003,9,0.027137219063556702
32,1044 HK,2003,10,0.022790666198619833
33,1044 HK,2003,11,0.017627154125006674
34,1044 HK,2003,12,0.01496670343083883
35,1044 HK,2004,1,0.026932534542975124
36,1044 HK,2004,2,0.02544770887990856
37,1044 HK,2004,3,0.02447943734694284
38,1044 HK,2004,4,0.0720145288648128
39,1044 HK,2004,5,0.041663114249482845
40,1044 HK,2004,6,0.038427456954110435
41,1044 HK,2004,7,0.04443051133652021
42,1044 HK,2004,8,0.02154759130465466
43,1044 HK,2004,9,0.05292276126500299
44,1044 HK,2004,10,0.061497215744761004
45,1044 HK,2004,11,0.014633000084090969
46,1044 HK,2004,12,0.017106309446453475
47,1044 HK,2005,1,0.017130874996433183
48,1044 HK,2005,2,0.008378837350701477
49,1044 HK,2005,3,0.020607453762808675
50,1044 HK,2005,4,0.02451763362762835
51,1044 HK,2005,5,0.021607035218840713
52,1044 HK,2005,6,0.013195017889858256
53,1044 HK,2005,7,0.013022824615295083
54,1044 HK,2005,8,0.015457475822835198
55,1044 HK,2005,9,0.024890775902061558
56,1044 HK,2005,10,0.0191910815806304
57,1044 HK,2005,11,0.020486558127072778
58,1044 HK,2005,12,0.02124034525720972
59,1044 HK,2006,1,0.02894840301727236
60,1044 HK,2006,2,0.03083795749776093
61,1044 HK,2006,3,0.02577907123804011
62,1044 HK,2006,4,0.031072834067084533
63,1044 HK,2006,5,0.03568417148025488
64,1044 HK,2006,6,0.024967047141046902
65,1044 HK,2006,7,0.024039711827134814
66,1044 HK,2006,8,0.01790701030293597
67,1044 HK,2006,9,0.020740619631274142
68,1044 HK,2006,10,0.012215551483287967
69,1044 HK,2006,11,0.020965806575967295
70,1044 HK,2006,12,0.020396399345693088
71,1044 HK,2007,1,0.020803742344468548
72,1044 HK,2007,2,0.027536390938277363
73,1044 HK,2007,3,0.04486022180937816
74,1044 HK,2007,4,0.02736102134849045
75,1044 HK,2007,5,0.019810327234089074
76,1044 HK,2007,6,0.020332715274529595
77,1044 HK,2007,7,0.022508341356949322
78,1044 HK,2007,8,0.019953938239109705
79,1044 HK,2007,9,0.020337291893966977
80,1044 HK,2007,10,0.0254824941900523
81,1044 HK,2007,11,0.02769756636214862
82,1044 HK,2007,12,0.024554476468514757
83,1044 HK,2008,1,0.02540947779828879
84,1044 HK,2008,2,0.03031133889135789
85,1044 HK,2008,3,0.04907267571620513
86,1044 HK,2008,4,0.033049455353294746
87,1044 HK,2008,5,0.017745899467788713
88,1044 HK,2008,6,0.02440675020604811
89,1044 HK,2008,7,0.029188924143646624
90,1044 HK,2008,8,0.023328617973540734
91,1044 HK,2008,9,0.03781018682806178
92,1044 HK,2008,10,0.04929758311349008
93,1044 HK,2008,11,0.042994785538875036
94,1044 HK,2008,12,0.020605403822108414
95,1044 HK,2009,1,0.02627020858207036
96,1044 HK,2009,2,0.02318905393939971
97,1044 HK,2009,3,0.02304543503514425
98,1044 HK,2009,4,0.017543114900664902
99,1044 HK,2009,5,0.04000112252748759
100,1044 HK,2009,6,0.027863619398940057
101,1044 HK,2009,7,0.02809967913269423
102,1044 HK,2009,8,0.02836760630446991
103,1044 HK,2009,9,0.023119256238169426
104,1044 HK,2009,10,0.02121994326665128
105,1044 HK,2009,11,0.022902110791054024
106,1044 HK,2009,12,0.02596702833404894
107,1044 HK,2010,1,0.017325357485341326
108,1044 HK,2010,2,0.01654957101584756
109,1044 HK,2010,3,0.02367680929991255
110,1044 HK,2010,4,0.019547080097347628
111,1044 HK,2010,5,0.032204802376065975
112,1044 HK,2010,6,0.018125069189733986
113,1044 HK,2010,7,0.02089626548412774
114,1044 HK,2010,8,0.014148768192810192
115,1044 HK,2010,9,0.014400945259880513
116,1044 HK,2010,10,0.02034925664612397
117,1044 HK,2010,11,0.015234610454717497
118,1044 HK,2010,12,0.009660995976001346
119,1044 HK,2011,1,0.023934223223807262
120,1044 HK,2011,2,0.0223997686718966
121,1044 HK,2011,3,0.021410466877979057
122,1044 HK,2011,4,0.01978689601932806
123,1044 HK,2011,5,0.016863441477378407
124,1044 HK,2011,6,0.016950413977006043
125,1044 HK,2011,7,0.01205055404646711
126,1044 HK,2011,8,0.02422051376117749
127,1044 HK,2011,9,0.02271735259126935
128,1044 HK,2011,10,0.03030987210221291
129,1044 HK,2011,11,0.020078288681139755
130,1044 HK,2011,12,0.020592496491154466
131,1044 HK,2012,1,0.014081279060971268
132,1044 HK,2012,2,0.01187672281717655
133,1044 HK,2012,3,0.022069203275934816
134,1044 HK,2012,4,0.02190020211045444
135,1044 HK,2012,5,0.022107422836815754
136,1044 HK,2012,6,0.016985406292817168
137,1044 HK,2012,7,0.015915138162383703
138,1044 HK,2012,8,0.01438805775053397
139,1044 HK,2012,9,0.0179788321871433
140,1044 HK,2012,10,0.013342788336175169
141,1044 HK,2012,11,0.010295940092689675
142,1044 HK,2012,12,0.011737458573558911
143,1044 HK,2013,1,0.0127852922521574
144,1044 HK,2013,2,0.011331174593447634
145,1044 HK,2013,3,0.01636674415664188
146,1044 HK,2013,4,0.011355025295596897
147,1044 HK,2013,5,0.019771445056170442
148,1044 HK,2013,6,0.027040420155373543
149,1044 HK,2013,7,0.01773274171176069
150,1044 HK,2013,8,0.010548313517657691
151,1044 HK,2013,9,0.01644164501642905
152,1044 HK,2013,10,0.014003388389564962
153,1044 HK,2013,11,0.020982831719445157
154,1044 HK,2013,12,0.013802246467706357
155,1044 HK,2014,1,0.024432519177353222
156,1044 HK,2014,2,0.013941334582744321
157,1044 HK,2014,3,0.017505273092044714
158,1044 HK,2014,4,0.00935642101718538
159,1044 HK,2014,5,0.012892590202955976
160,1044 HK,2014,6,0.012455588729132936
161,1044 HK,2014,7,0.008794313644481959
162,1044 HK,2014,8,0.0072021766273504375
163,1044 HK,2014,9,0.00938257184128517
164,1044 HK,2014,10,0.014460071719183142
165,1044 HK,2014,11,0.008606269680720573
166,1044 HK,2014,12,0.010251965842517067
167,1044 HK,2015,1,0.017533109730631487
168,1044 HK,2015,2,0.014100765640388651
169,1044 HK,2015,3,0.016659600746565188
170,1044 HK,2015,4,0.011234695129000376
171,1044 HK,2015,5,0.016427017524624957
172,1044 HK,2015,6,0.011368133039229076
173,1044 HK,2015,7,0.020509244380290042
174,1044 HK,2015,8,0.02206027094421748
175,1044 HK,2015,9,0.01623602598565364
176,1044 HK,2015,10,0.011276184450323773
177,1044 HK,2015,11,0.018695896192625367
178,1044 HK,2015,12,0.012826760012334446
179,1044 HK,2016,1,0.023951993395422488
180,1044 HK,2016,2,0.017769931433153058
181,1044 HK,2016,3,0.023308571143065587
0,1299 HK,2001,2,
1,1299 HK,2001,3,
2,1299 HK,2001,4,
3,1299 HK,2001,5,
4,1299 HK,2001,6,
5,1299 HK,2001,7,
6,1299 HK,2001,8,
7,1299 HK,2001,9,
8,1299 HK,2001,10,
9,1299 HK,2001,11,
10,1299 HK,2001,12,
11,1299 HK,2002,1,
12,1299 HK,2002,2,
13,1299 HK,2002,3,
14,1299 HK,2002,4,
15,1299 HK,2002,5,
16,1299 HK,2002,6,
17,1299 HK,2002,7,
18,1299 HK,2002,8,
19,1299 HK,2002,9,
20,1299 HK,2002,10,
21,1299 HK,2002,11,
22,1299 HK,2002,12,
23,1299 HK,2003,1,
24,1299 HK,2003,2,
25,1299 HK,2003,3,
26,1299 HK,2003,4,
27,1299 HK,2003,5,
28,1299 HK,2003,6,
29,1299 HK,2003,7,
30,1299 HK,2003,8,
31,1299 HK,2003,9,
32,1299 HK,2003,10,
33,1299 HK,2003,11,
34,1299 HK,2003,12,
35,1299 HK,2004,1,
36,1299 HK,2004,2,
37,1299 HK,2004,3,
38,1299 HK,2004,4,
39,1299 HK,2004,5,
40,1299 HK,2004,6,
41,1299 HK,2004,7,
42,1299 HK,2004,8,
43,1299 HK,2004,9,
44,1299 HK,2004,10,
45,1299 HK,2004,11,
46,1299 HK,2004,12,
47,1299 HK,2005,1,
48,1299 HK,2005,2,
49,1299 HK,2005,3,
50,1299 HK,2005,4,
51,1299 HK,2005,5,
52,1299 HK,2005,6,
53,1299 HK,2005,7,
54,1299 HK,2005,8,
55,1299 HK,2005,9,
56,1299 HK,2005,10,
57,1299 HK,2005,11,
58,1299 HK,2005,12,
59,1299 HK,2006,1,
60,1299 HK,2006,2,
61,1299 HK,2006,3,
62,1299 HK,2006,4,
63,1299 HK,2006,5,
64,1299 HK,2006,6,
65,1299 HK,2006,7,
66,1299 HK,2006,8,
67,1299 HK,2006,9,
68,1299 HK,2006,10,
69,1299 HK,2006,11,
70,1299 HK,2006,12,
71,1299 HK,2007,1,
72,1299 HK,2007,2,
73,1299 HK,2007,3,
74,1299 HK,2007,4,
75,1299 HK,2007,5,
76,1299 HK,2007,6,
77,1299 HK,2007,7,
78,1299 HK,2007,8,
79,1299 HK,2007,9,
80,1299 HK,2007,10,
81,1299 HK,2007,11,
82,1299 HK,2007,12,
83,1299 HK,2008,1,
84,1299 HK,2008,2,
85,1299 HK,2008,3,
86,1299 HK,2008,4,
87,1299 HK,2008,5,
88,1299 HK,2008,6,
89,1299 HK,2008,7,
90,1299 HK,2008,8,
91,1299 HK,2008,9,
92,1299 HK,2008,10,
93,1299 HK,2008,11,
94,1299 HK,2008,12,
95,1299 HK,2009,1,
96,1299 HK,2009,2,
97,1299 HK,2009,3,
98,1299 HK,2009,4,
99,1299 HK,2009,5,
100,1299 HK,2009,6,
101,1299 HK,2009,7,
102,1299 HK,2009,8,
103,1299 HK,2009,9,
104,1299 HK,2009,10,
105,1299 HK,2009,11,
106,1299 HK,2009,12,
107,1299 HK,2010,1,
108,1299 HK,2010,2,
109,1299 HK,2010,3,
110,1299 HK,2010,4,
111,1299 HK,2010,5,
112,1299 HK,2010,6,
113,1299 HK,2010,7,
114,1299 HK,2010,8,
115,1299 HK,2010,9,
116,1299 HK,2010,10,
117,1299 HK,2010,11,0.016769597165373865
118,1299 HK,2010,12,0.009019487799239178
119,1299 HK,2011,1,0.012568505317488751
120,1299 HK,2011,2,0.016705118552595998
121,1299 HK,2011,3,0.013823072799708815
122,1299 HK,2011,4,0.02035315789586223
123,1299 HK,2011,5,0.021370285626464987
124,1299 HK,2011,6,0.016570893821251462
125,1299 HK,2011,7,0.01686752479214117
126,1299 HK,2011,8,0.027070689595365197
127,1299 HK,2011,9,0.038758889179827054
128,1299 HK,2011,10,0.05407179691553817
129,1299 HK,2011,11,0.01763288866052381
130,1299 HK,2011,12,0.015096843530451985
131,1299 HK,2012,1,0.012867742027919732
132,1299 HK,2012,2,0.013758129965436003
133,1299 HK,2012,3,0.02108067466122711
134,1299 HK,2012,4,0.01329359170260038
135,1299 HK,2012,5,0.014822819687878932
136,1299 HK,2012,6,0.013590479860434108
137,1299 HK,2012,7,0.018383938996383218
138,1299 HK,2012,8,0.006119378124373136
139,1299 HK,2012,9,0.02033911263368134
140,1299 HK,2012,10,0.015232387671666538
141,1299 HK,2012,11,0.011125158420787332
142,1299 HK,2012,12,0.01551608026295814
143,1299 HK,2013,1,0.009779454436675009
144,1299 HK,2013,2,0.015720503623845083
145,1299 HK,2013,3,0.012425190279882436
146,1299 HK,2013,4,0.014372683137638939
147,1299 HK,2013,5,0.017381959038393915
148,1299 HK,2013,6,0.018292912357387205
149,1299 HK,2013,7,0.018813876508973763
150,1299 HK,2013,8,0.016478441182031022
151,1299 HK,2013,9,0.011929751872990144
152,1299 HK,2013,10,0.014745168592904374
153,1299 HK,2013,11,0.011504093873079331
154,1299 HK,2013,12,0.009972031075278723
155,1299 HK,2014,1,0.01783168111712939
156,1299 HK,2014,2,0.019389451668923224
157,1299 HK,2014,3,0.012027717057136981
158,1299 HK,2014,4,0.023754157562921627
159,1299 HK,2014,5,0.009674201573388806
160,1299 HK,2014,6,0.00948923202361756
161,1299 HK,2014,7,0.010903144244930493
162,1299 HK,2014,8,0.011826540672103019
163,1299 HK,2014,9,0.01432144209397759
164,1299 HK,2014,10,0.018008535657941985
165,1299 HK,2014,11,0.008750111202977206
166,1299 HK,2014,12,0.016762243096899
167,1299 HK,2015,1,0.013140070666862378
168,1299 HK,2015,2,0.012722872360064408
169,1299 HK,2015,3,0.01599251953341026
170,1299 HK,2015,4,0.015365089967146315
171,1299 HK,2015,5,0.015497472571959868
172,1299 HK,2015,6,0.013203640937930389
173,1299 HK,2015,7,0.022367671846558298
174,1299 HK,2015,8,0.022292522601048595
175,1299 HK,2015,9,0.031740958044632346
176,1299 HK,2015,10,0.021674347665193626
177,1299 HK,2015,11,0.01710060046752742
178,1299 HK,2015,12,0.01390043711469516
179,1299 HK,2016,1,0.02361196276087961
180,1299 HK,2016,2,0.02431339871645672
181,1299 HK,2016,3,0.017484611983087955
0,151 HK,2001,2,
1,151 HK,2001,3,
2,151 HK,2001,4,
3,151 HK,2001,5,
4,151 HK,2001,6,
5,151 HK,2001,7,
6,151 HK,2001,8,
7,151 HK,2001,9,
8,151 HK,2001,10,
9,151 HK,2001,11,
10,151 HK,2001,12,
11,151 HK,2002,1,
12,151 HK,2002,2,
13,151 HK,2002,3,
14,151 HK,2002,4,
15,151 HK,2002,5,
16,151 HK,2002,6,
17,151 HK,2002,7,
18,151 HK,2002,8,
19,151 HK,2002,9,
20,151 HK,2002,10,
21,151 HK,2002,11,
22,151 HK,2002,12,
23,151 HK,2003,1,
24,151 HK,2003,2,
25,151 HK,2003,3,
26,151 HK,2003,4,
27,151 HK,2003,5,
28,151 HK,2003,6,
29,151 HK,2003,7,
30,151 HK,2003,8,
31,151 HK,2003,9,
32,151 HK,2003,10,
33,151 HK,2003,11,
34,151 HK,2003,12,
35,151 HK,2004,1,
36,151 HK,2004,2,
37,151 HK,2004,3,
38,151 HK,2004,4,
39,151 HK,2004,5,
40,151 HK,2004,6,
41,151 HK,2004,7,
42,151 HK,2004,8,
43,151 HK,2004,9,
44,151 HK,2004,10,
45,151 HK,2004,11,
46,151 HK,2004,12,
47,151 HK,2005,1,
48,151 HK,2005,2,
49,151 HK,2005,3,
50,151 HK,2005,4,
51,151 HK,2005,5,
52,151 HK,2005,6,
53,151 HK,2005,7,
54,151 HK,2005,8,
55,151 HK,2005,9,
56,151 HK,2005,10,
57,151 HK,2005,11,
58,151 HK,2005,12,
59,151 HK,2006,1,
60,151 HK,2006,2,
61,151 HK,2006,3,
62,151 HK,2006,4,
63,151 HK,2006,5,
64,151 HK,2006,6,
65,151 HK,2006,7,
66,151 HK,2006,8,
67,151 HK,2006,9,
68,151 HK,2006,10,
69,151 HK,2006,11,
70,151 HK,2006,12,
71,151 HK,2007,1,
72,151 HK,2007,2,
73,151 HK,2007,3,
74,151 HK,2007,4,
75,151 HK,2007,5,
76,151 HK,2007,6,
77,151 HK,2007,7,
78,151 HK,2007,8,
79,151 HK,2007,9,
80,151 HK,2007,10,
81,151 HK,2007,11,
82,151 HK,2007,12,
83,151 HK,2008,1,
84,151 HK,2008,2,
85,151 HK,2008,3,0.09825122180533503
86,151 HK,2008,4,0.051624003083589214
87,151 HK,2008,5,0.0304994156176475
88,151 HK,2008,6,0.021846223223092834
89,151 HK,2008,7,0.033239410254447196
90,151 HK,2008,8,0.03651397319310752
91,151 HK,2008,9,0.03517817444065435
92,151 HK,2008,10,0.08637858495642028
93,151 HK,2008,11,0.03266459602950844
94,151 HK,2008,12,0.028686852678274
95,151 HK,2009,1,0.04633986638887774
96,151 HK,2009,2,0.019683154652699295
97,151 HK,2009,3,0.024028691928708216
98,151 HK,2009,4,0.02086197898019734
99,151 HK,2009,5,0.029067659876754425
100,151 HK,2009,6,0.015237389062203708
101,151 HK,2009,7,0.04443092223461574
102,151 HK,2009,8,0.023400006039363642
103,151 HK,2009,9,0.0232664095541367
104,151 HK,2009,10,0.029875303101446444
105,151 HK,2009,11,0.024846407720928457
106,151 HK,2009,12,0.05492390999503765
107,151 HK,2010,1,0.05816409123333399
108,151 HK,2010,2,0.028468473258988533
109,151 HK,2010,3,0.02830209893314454
110,151 HK,2010,4,0.035609278455170965
111,151 HK,2010,5,0.04604967802440713
112,151 HK,2010,6,0.05252561987746255
113,151 HK,2010,7,0.05257129362150557
114,151 HK,2010,8,0.016996341827214916
115,151 HK,2010,9,0.03806984016123072
116,151 HK,2010,10,0.06172164300661519
117,151 HK,2010,11,0.02445897702750523
118,151 HK,2010,12,0.013366334222030754
119,151 HK,2011,1,0.017827630765790983
120,151 HK,2011,2,0.028106436650575366
121,151 HK,2011,3,0.026474175491701
122,151 HK,2011,4,0.047117651385803275
123,151 HK,2011,5,0.024025736031994056
124,151 HK,2011,6,0.023107904668999774
125,151 HK,2011,7,0.0229406424108354
126,151 HK,2011,8,0.02707506374207228
127,151 HK,2011,9,0.07331022629433026
128,151 HK,2011,10,0.09931602742661837
129,151 HK,2011,11,0.023128286316549004
130,151 HK,2011,12,0.03170730418161967
131,151 HK,2012,1,0.07027744244389719
132,151 HK,2012,2,0.016693289765539642
133,151 HK,2012,3,0.02516123841265011
134,151 HK,2012,4,0.031987960106610785
135,151 HK,2012,5,0.022621158795980794
136,151 HK,2012,6,0.021755326387549873
137,151 HK,2012,7,0.02759838921103369
138,151 HK,2012,8,0.020952433367757126
139,151 HK,2012,9,0.013608275471459205
140,151 HK,2012,10,0.018946623715771858
141,151 HK,2012,11,0.022650890041667412
142,151 HK,2012,12,0.016608297264869867
143,151 HK,2013,1,0.019851985205431303
144,151 HK,2013,2,0.02161090963058882
145,151 HK,2013,3,0.03373996919054278
146,151 HK,2013,4,0.04117436531052077
147,151 HK,2013,5,0.053998041911279236
148,151 HK,2013,6,0.020597570381685193
149,151 HK,2013,7,0.015977652183205054
150,151 HK,2013,8,0.027093496807358255
151,151 HK,2013,9,0.03879225360198878
152,151 HK,2013,10,0.03741893925707351
153,151 HK,2013,11,0.016179924028218242
154,151 HK,2013,12,0.014562615391696135
155,151 HK,2014,1,0.01746020408219296
156,151 HK,2014,2,0.022772563071077136
157,151 HK,2014,3,0.020626103070261477
158,151 HK,2014,4,0.05236745111375671
159,151 HK,2014,5,0.055979849561383174
160,151 HK,2014,6,0.019597129631411355
161,151 HK,2014,7,0.023234510707482045
162,151 HK,2014,8,0.014397746281615668
163,151 HK,2014,9,0.019670320821257546
164,151 HK,2014,10,0.02074873030751736
165,151 HK,2014,11,0.010559118355993172
166,151 HK,2014,12,0.018832789304779666
167,151 HK,2015,1,0.023944413228842453
168,151 HK,2015,2,0.01720977071449648
169,151 HK,2015,3,0.013195230169977472
170,151 HK,2015,4,0.026183019987085044
171,151 HK,2015,5,0.01778317627625117
172,151 HK,2015,6,0.015747636377703586
173,151 HK,2015,7,0.02500202288313071
174,151 HK,2015,8,0.019110535987299972
175,151 HK,2015,9,0.0582747423157986
176,151 HK,2015,10,0.041464378766483616
177,151 HK,2015,11,0.014581709311569551
178,151 HK,2015,12,0.01745070776079074
179,151 HK,2016,1,0.022822481257106703
180,151 HK,2016,2,0.023899936356691794
181,151 HK,2016,3,0.05836984176165721
0,322 HK,2001,2,0.03836022880880203
1,322 HK,2001,3,0.04556049063272114
2,322 HK,2001,4,0.26333864525336553
3,322 HK,2001,5,0.08866756625252747
4,322 HK,2001,6,0.015357688254345057
5,322 HK,2001,7,0.05233746183183528
6,322 HK,2001,8,0.024044191929206087
7,322 HK,2001,9,0.04425903778453327
8,322 HK,2001,10,0.15599345086382785
9,322 HK,2001,11,0.03322340965384218
10,322 HK,2001,12,0.09895101468567563
11,322 HK,2002,1,0.0895250290582611
12,322 HK,2002,2,0.13558482231886235
13,322 HK,2002,3,0.06853100634977374
14,322 HK,2002,4,0.10654278634753077
15,322 HK,2002,5,0.055672292288229154
16,322 HK,2002,6,0.028736687871007367
17,322 HK,2002,7,0.06328233190329847
18,322 HK,2002,8,0.03834197498898329
19,322 HK,2002,9,0.021525750005511206
20,322 HK,2002,10,0.05126118277770168
21,322 HK,2002,11,0.049369017481758704
22,322 HK,2002,12,0.026660726668840663
23,322 HK,2003,1,0.04634587516199756
24,322 HK,2003,2,0.04106156297723031
25,322 HK,2003,3,0.019580923402737597
26,322 HK,2003,4,0.029907105897285825
27,322 HK,2003,5,0.10686562009356301
28,322 HK,2003,6,0.04226718594715504
29,322 HK,2003,7,0.05451265271878239
30,322 HK,2003,8,0.021573841020953877
31,322 HK,2003,9,0.02956448531923092
32,322 HK,2003,10,0.03133962229218372
33,322 HK,2003,11,0.019103338693521106
34,322 HK,2003,12,0.0443710811455821
35,322 HK,2004,1,0.1538037366392611
36,322 HK,2004,2,0.02196920873454285
37,322 HK,2004,3,0.01822806067391972
38,322 HK,2004,4,0.16645800005030192
39,322 HK,2004,5,0.09759689023050783
40,322 HK,2004,6,0.05757497139768647
41,322 HK,2004,7,0.05180343122738408
42,322 HK,2004,8,0.02258174650142512
43,322 HK,2004,9,0.03478935415928937
44,322 HK,2004,10,0.04437655884728558
45,322 HK,2004,11,0.01802210736210674
46,322 HK,2004,12,0.03914462617509682
47,322 HK,2005,1,0.011774386711228423
48,322 HK,2005,2,0.038294810608324244
49,322 HK,2005,3,0.09417713948201657
50,322 HK,2005,4,0.10249466837628744
51,322 HK,2005,5,0.1521752989403853
52,322 HK,2005,6,0.01714062864536587
53,322 HK,2005,7,0.07631011264468994
54,322 HK,2005,8,0.015437804701201542
55,322 HK,2005,9,0.04616215081589869
56,322 HK,2005,10,0.04410138351261432
57,322 HK,2005,11,0.029721668024263292
58,322 HK,2005,12,0.018941432080832588
59,322 HK,2006,1,0.04589069812651204
60,322 HK,2006,2,0.05389865603496645
61,322 HK,2006,3,0.027502384526876752
62,322 HK,2006,4,0.04895766367771143
63,322 HK,2006,5,0.05835746877337784
64,322 HK,2006,6,0.04215049196676257
65,322 HK,2006,7,0.020642613252173637
66,322 HK,2006,8,0.011364391524872751
67,322 HK,2006,9,0.028467839598146794
68,322 HK,2006,10,0.04533492522549109
69,322 HK,2006,11,0.03021820185722976
70,322 HK,2006,12,0.021025620421538303
71,322 HK,2007,1,0.03259472061615882
72,322 HK,2007,2,0.06509428370363074
73,322 HK,2007,3,0.027514300746128567
74,322 HK,2007,4,0.03310028852814696
75,322 HK,2007,5,0.033211280521883574
76,322 HK,2007,6,0.01396297116578774
77,322 HK,2007,7,0.015348323291095173
78,322 HK,2007,8,0.034994455812207836
79,322 HK,2007,9,0.050587172811466484
80,322 HK,2007,10,0.07808998477885153
81,322 HK,2007,11,0.029856436175850862
82,322 HK,2007,12,0.06462426512135874
83,322 HK,2008,1,0.08749105653341767
84,322 HK,2008,2,0.05396173645305453
85,322 HK,2008,3,0.07217115799799331
86,322 HK,2008,4,0.0254919067970832
87,322 HK,2008,5,0.026896131019522047
88,322 HK,2008,6,0.03745379209309675
89,322 HK,2008,7,0.031046197234988145
90,322 HK,2008,8,0.0578007786190271
91,322 HK,2008,9,0.038697539864812544
92,322 HK,2008,10,0.05846487295255904
93,322 HK,2008,11,0.027288695303085503
94,322 HK,2008,12,0.026460673593290452
95,322 HK,2009,1,0.013424287551554193
96,322 HK,2009,2,0.016521547933818645
97,322 HK,2009,3,0.01831383422830329
98,322 HK,2009,4,0.045571460397029515
99,322 HK,2009,5,0.04042421385995639
100,322 HK,2009,6,0.024112950398952986
101,322 HK,2009,7,0.022004815722393937
102,322 HK,2009,8,0.016381251580520898
103,322 HK,2009,9,0.012660596327204897
104,322 HK,2009,10,0.03336744453676975
105,322 HK,2009,11,0.012093480735311683
106,322 HK,2009,12,0.02877041863700909
107,322 HK,2010,1,0.03506418994840257
108,322 HK,2010,2,0.025716922228292808
109,322 HK,2010,3,0.02333765564195432
110,322 HK,2010,4,0.013508535405082142
111,322 HK,2010,5,0.07101863604846513
112,322 HK,2010,6,0.018687436309662596
113,322 HK,2010,7,0.014578841997603743
114,322 HK,2010,8,0.01492852792831438
115,322 HK,2010,9,0.01577341600195086
116,322 HK,2010,10,0.03516150722556223
117,322 HK,2010,11,0.020274667971832243
118,322 HK,2010,12,0.013661381500812518
119,322 HK,2011,1,0.0153289700157693
120,322 HK,2011,2,0.033629436261137124
121,322 HK,2011,3,0.022938047272727205
122,322 HK,2011,4,0.04326998375601404
123,322 HK,2011,5,0.030501082756390425
124,322 HK,2011,6,0.028619432923620375
125,322 HK,2011,7,0.03663658170269406
126,322 HK,2011,8,0.02522722491797877
127,322 HK,2011,9,0.041213530140735755
128,322 HK,2011,10,0.06265270513743508
129,322 HK,2011,11,0.03475875244087121
130,322 HK,2011,12,0.02664350649868689
131,322 HK,2012,1,0.025258713034217742
132,322 HK,2012,2,0.012425957651004408
133,322 HK,2012,3,0.023779208491993224
134,322 HK,2012,4,0.014193366208334099
135,322 HK,2012,5,0.02566299809866198
136,322 HK,2012,6,0.012461100711939312
137,322 HK,2012,7,0.03381841721558653
138,322 HK,2012,8,0.021359755988037844
139,322 HK,2012,9,0.010857062855061193
140,322 HK,2012,10,0.045651656876266385
141,322 HK,2012,11,0.014300617246209358
142,322 HK,2012,12,0.013962364012765766
143,322 HK,2013,1,0.01903698135154724
144,322 HK,2013,2,0.0210933063295313
145,322 HK,2013,3,0.017636443141105282
146,322 HK,2013,4,0.01880334231944953
147,322 HK,2013,5,0.02137978259781469
148,322 HK,2013,6,0.02301848258663486
149,322 HK,2013,7,0.01434174320870803
150,322 HK,2013,8,0.025827202083380713
151,322 HK,2013,9,0.029400256233108567
152,322 HK,2013,10,0.024697764111686477
153,322 HK,2013,11,0.022009357270950904
154,322 HK,2013,12,0.0250250421054521
155,322 HK,2014,1,0.025131903358864578
156,322 HK,2014,2,0.023731679516950193
157,322 HK,2014,3,0.019640586341412535
158,322 HK,2014,4,0.018103064542539134
159,322 HK,2014,5,0.009333286553791648
160,322 HK,2014,6,0.013790025887167923
161,322 HK,2014,7,0.01151785022887493
162,322 HK,2014,8,0.011684547975311101
163,322 HK,2014,9,0.022763835365055534
164,322 HK,2014,10,0.020143848983539797
165,322 HK,2014,11,0.012207725958569227
166,322 HK,2014,12,0.03380696712050069
167,322 HK,2015,1,0.028165717325343856
168,322 HK,2015,2,0.021321151690004137
169,322 HK,2015,3,0.014391084400649203
170,322 HK,2015,4,0.01830809469770014
171,322 HK,2015,5,0.02622411535700885
172,322 HK,2015,6,0.019499978284917327
173,322 HK,2015,7,0.025455077653708174
174,322 HK,2015,8,0.03491428873496327
175,322 HK,2015,9,0.07117160088527114
176,322 HK,2015,10,0.04214544345417027
177,322 HK,2015,11,0.02234458679336997
178,322 HK,2015,12,0.022950170727332166
179,322 HK,2016,1,0.03188382224302016
180,322 HK,2016,2,0.04098864754987403
181,322 HK,2016,3,0.029555011364833406
0,1928 HK,2001,2,
1,1928 HK,2001,3,
2,1928 HK,2001,4,
3,1928 HK,2001,5,
4,1928 HK,2001,6,
5,1928 HK,2001,7,
6,1928 HK,2001,8,
7,1928 HK,2001,9,
8,1928 HK,2001,10,
9,1928 HK,2001,11,
10,1928 HK,2001,12,
11,1928 HK,2002,1,
12,1928 HK,2002,2,
13,1928 HK,2002,3,
14,1928 HK,2002,4,
15,1928 HK,2002,5,
16,1928 HK,2002,6,
17,1928 HK,2002,7,
18,1928 HK,2002,8,
19,1928 HK,2002,9,
20,1928 HK,2002,10,
21,1928 HK,2002,11,
22,1928 HK,2002,12,
23,1928 HK,2003,1,
24,1928 HK,2003,2,
25,1928 HK,2003,3,
26,1928 HK,2003,4,
27,1928 HK,2003,5,
28,1928 HK,2003,6,
29,1928 HK,2003,7,
30,1928 HK,2003,8,
31,1928 HK,2003,9,
32,1928 HK,2003,10,
33,1928 HK,2003,11,
34,1928 HK,2003,12,
35,1928 HK,2004,1,
36,1928 HK,2004,2,
37,1928 HK,2004,3,
38,1928 HK,2004,4,
39,1928 HK,2004,5,
40,1928 HK,2004,6,
41,1928 HK,2004,7,
42,1928 HK,2004,8,
43,1928 HK,2004,9,
44,1928 HK,2004,10,
45,1928 HK,2004,11,
46,1928 HK,2004,12,
47,1928 HK,2005,1,
48,1928 HK,2005,2,
49,1928 HK,2005,3,
50,1928 HK,2005,4,
51,1928 HK,2005,5,
52,1928 HK,2005,6,
53,1928 HK,2005,7,
54,1928 HK,2005,8,
55,1928 HK,2005,9,
56,1928 HK,2005,10,
57,1928 HK,2005,11,
58,1928 HK,2005,12,
59,1928 HK,2006,1,
60,1928 HK,2006,2,
61,1928 HK,2006,3,
62,1928 HK,2006,4,
63,1928 HK,2006,5,
64,1928 HK,2006,6,
65,1928 HK,2006,7,
66,1928 HK,2006,8,
67,1928 HK,2006,9,
68,1928 HK,2006,10,
69,1928 HK,2006,11,
70,1928 HK,2006,12,
71,1928 HK,2007,1,
72,1928 HK,2007,2,
73,1928 HK,2007,3,
74,1928 HK,2007,4,
75,1928 HK,2007,5,
76,1928 HK,2007,6,
77,1928 HK,2007,7,
78,1928 HK,2007,8,
79,1928 HK,2007,9,
80,1928 HK,2007,10,
81,1928 HK,2007,11,
82,1928 HK,2007,12,
83,1928 HK,2008,1,
84,1928 HK,2008,2,
85,1928 HK,2008,3,
86,1928 HK,2008,4,
87,1928 HK,2008,5,
88,1928 HK,2008,6,
89,1928 HK,2008,7,
90,1928 HK,2008,8,
91,1928 HK,2008,9,
92,1928 HK,2008,10,
93,1928 HK,2008,11,
94,1928 HK,2008,12,
95,1928 HK,2009,1,
96,1928 HK,2009,2,
97,1928 HK,2009,3,
98,1928 HK,2009,4,
99,1928 HK,2009,5,
100,1928 HK,2009,6,
101,1928 HK,2009,7,
102,1928 HK,2009,8,
103,1928 HK,2009,9,
104,1928 HK,2009,10,
105,1928 HK,2009,11,
106,1928 HK,2009,12,0.03257079111939536
107,1928 HK,2010,1,0.0399361253103865
108,1928 HK,2010,2,0.030693194798402493
109,1928 HK,2010,3,0.017751139822819745
110,1928 HK,2010,4,0.04094425520413393
111,1928 HK,2010,5,0.05000381328353164
112,1928 HK,2010,6,0.025158697392131467
113,1928 HK,2010,7,0.015221670869103256
114,1928 HK,2010,8,0.018124773248756065
115,1928 HK,2010,9,0.025374388926294397
116,1928 HK,2010,10,0.03479928051950144
117,1928 HK,2010,11,0.02881999812866718
118,1928 HK,2010,12,0.02759194229170848
119,1928 HK,2011,1,0.028589611651328676
120,1928 HK,2011,2,0.022971223592039434
121,1928 HK,2011,3,0.026189914748457915
122,1928 HK,2011,4,0.027395316766187894
123,1928 HK,2011,5,0.02316995216715142
124,1928 HK,2011,6,0.02238817473819086
125,1928 HK,2011,7,0.04021176052995635
126,1928 HK,2011,8,0.04850485113006689
127,1928 HK,2011,9,0.04487840383157194
128,1928 HK,2011,10,0.07603327426666355
129,1928 HK,2011,11,0.03487099572589175
130,1928 HK,2011,12,0.03117486749370109
131,1928 HK,2012,1,0.017972291390926775
132,1928 HK,2012,2,0.025170184162240095
133,1928 HK,2012,3,0.021217912959729465
134,1928 HK,2012,4,0.02588380607031039
135,1928 HK,2012,5,0.027865135388028373
136,1928 HK,2012,6,0.031588692101237874
137,1928 HK,2012,7,0.027958230094040658
138,1928 HK,2012,8,0.02519350376228683
139,1928 HK,2012,9,0.025357152355257078
140,1928 HK,2012,10,0.019080125700689673
141,1928 HK,2012,11,0.020580826371663048
142,1928 HK,2012,12,0.022537263007511656
143,1928 HK,2013,1,0.01823442412541432
144,1928 HK,2013,2,0.019575410209988747
145,1928 HK,2013,3,0.026732412434317464
146,1928 HK,2013,4,0.021077004516443322
147,1928 HK,2013,5,0.014805848552521435
148,1928 HK,2013,6,0.025093594380788963
149,1928 HK,2013,7,0.021862918435183835
150,1928 HK,2013,8,0.015007628511716586
151,1928 HK,2013,9,0.01829662367871313
152,1928 HK,2013,10,0.031033836885958215
153,1928 HK,2013,11,0.014589200836477835
154,1928 HK,2013,12,0.016509373086300676
155,1928 HK,2014,1,0.018907377231732737
156,1928 HK,2014,2,0.035945713031837016
157,1928 HK,2014,3,0.02091563497122512
158,1928 HK,2014,4,0.0345221826991536
159,1928 HK,2014,5,0.021894812165458667
160,1928 HK,2014,6,0.017166871272184307
161,1928 HK,2014,7,0.0193108372718438
162,1928 HK,2014,8,0.015183890498975455
163,1928 HK,2014,9,0.019570695099688538
164,1928 HK,2014,10,0.02462898704123966
165,1928 HK,2014,11,0.02134820246118501
166,1928 HK,2014,12,0.024284577395310463
167,1928 HK,2015,1,0.023435323748780993
168,1928 HK,2015,2,0.025006592857341154
169,1928 HK,2015,3,0.01941418843570024
170,1928 HK,2015,4,0.024060157108378017
171,1928 HK,2015,5,0.02212887341091485
172,1928 HK,2015,6,0.020295452976288007
173,1928 HK,2015,7,0.033971431056640036
174,1928 HK,2015,8,0.028543000205853132
175,1928 HK,2015,9,0.037082355465753225
176,1928 HK,2015,10,0.05148588048937258
177,1928 HK,2015,11,0.021816412357562886
178,1928 HK,2015,12,0.018456008193823637
179,1928 HK,2016,1,0.044563702860199096
180,1928 HK,2016,2,0.033349714014571964
181,1928 HK,2016,3,0.026424490554384943
0,135 HK,2001,2,0.04914386677335325
1,135 HK,2001,3,0.03682032347500032
2,135 HK,2001,4,0.13504187904401377
3,135 HK,2001,5,0.05391811929246998
4,135 HK,2001,6,0.07328426716486454
5,135 HK,2001,7,0.08051466158447323
6,135 HK,2001,8,0.021578060455262265
7,135 HK,2001,9,0.04854117547658057
8,135 HK,2001,10,0.03260906477987315
9,135 HK,2001,11,0.019064538377275606
10,135 HK,2001,12,0.020025859999582823
11,135 HK,2002,1,0.029113740954962074
12,135 HK,2002,2,0.060064992640611936
13,135 HK,2002,3,0.0479536276976354
14,135 HK,2002,4,0.0951840591911681
15,135 HK,2002,5,0.09887658807834365
16,135 HK,2002,6,0.02340438226059762
17,135 HK,2002,7,0.04008776636833301
18,135 HK,2002,8,0.01402832210004424
19,135 HK,2002,9,0.020490729336258555
20,135 HK,2002,10,0.012617658610397618
21,135 HK,2002,11,0.011936108456908836
22,135 HK,2002,12,0.016327177830489707
23,135 HK,2003,1,0.032110456268493945
24,135 HK,2003,2,0.017760861635861113
25,135 HK,2003,3,0.008954577855871185
26,135 HK,2003,4,0.029747314095283046
27,135 HK,2003,5,0.03964932373393677
28,135 HK,2003,6,0.02345602681090228
29,135 HK,2003,7,0.022846053267132523
30,135 HK,2003,8,0.02226212413535854
31,135 HK,2003,9,0.045564212577402244
32,135 HK,2003,10,0.04999507807984263
33,135 HK,2003,11,0.030961115698100238
34,135 HK,2003,12,0.12041767397286417
35,135 HK,2004,1,0.18413308078618998
36,135 HK,2004,2,0.02199577462874281
37,135 HK,2004,3,0.018392892922354374
38,135 HK,2004,4,0.05396104912411819
39,135 HK,2004,5,0.0413116826431859
40,135 HK,2004,6,0.06876610312871131
41,135 HK,2004,7,0.07496070263399637
42,135 HK,2004,8,0.01524179938542716
43,135 HK,2004,9,0.044123794815325884
44,135 HK,2004,10,0.05572959562771516
45,135 HK,2004,11,0.02109658755572749
46,135 HK,2004,12,0.07557132203868247
47,135 HK,2005,1,0.012282019674441367
48,135 HK,2005,2,0.10578063564278796
49,135 HK,2005,3,0.10678390800115442
50,135 HK,2005,4,0.10684058324345172
51,135 HK,2005,5,0.20535204196724194
52,135 HK,2005,6,0.014033590500438271
53,135 HK,2005,7,0.16034925590259458
54,135 HK,2005,8,0.034770725627415615
55,135 HK,2005,9,0.07209376480731718
56,135 HK,2005,10,0.11447857804983888
57,135 HK,2005,11,0.02394429268688005
58,135 HK,2005,12,0.12338054041406295
59,135 HK,2006,1,0.13045126310009106
60,135 HK,2006,2,0.04512633358116777
61,135 HK,2006,3,0.02779841034804385
62,135 HK,2006,4,0.15102027952987937
63,135 HK,2006,5,0.24400368037725584
64,135 HK,2006,6,0.08356015190154087
65,135 HK,2006,7,0.027227849538776744
66,135 HK,2006,8,0.021854902385180487
67,135 HK,2006,9,0.03389891927380069
68,135 HK,2006,10,0.07902919671947391
69,135 HK,2006,11,0.02288042801781028
70,135 HK,2006,12,0.07736345772095325
71,135 HK,2007,1,0.0674457899611206
72,135 HK,2007,2,0.021015665636455808
73,135 HK,2007,3,0.023921106058027473
74,135 HK,2007,4,0.01819096030142032
75,135 HK,2007,5,0.04276666850213391
76,135 HK,2007,6,0.05425599805041704
77,135 HK,2007,7,0.056310981957334104
78,135 HK,2007,8,0.024915471244868655
79,135 HK,2007,9,0.07158841354786703
80,135 HK,2007,10,0.11626082090998895
81,135 HK,2007,11,0.04473860089882228
82,135 HK,2007,12,0.06842889407908566
83,135 HK,2008,1,0.07379098319585742
84,135 HK,2008,2,0.03757111100238648
85,135 HK,2008,3,0.058684181012517864
86,135 HK,2008,4,0.03910286821784705
87,135 HK,2008,5,0.056143358371724766
88,135 HK,2008,6,0.03918852298645366
89,135 HK,2008,7,0.04902196509250362
90,135 HK,2008,8,0.19109445273488093
91,135 HK,2008,9,0.097076670473232
92,135 HK,2008,10,0.15823461986313705
93,135 HK,2008,11,0.033949359543614145
94,135 HK,2008,12,0.19574211586679952
95,135 HK,2009,1,0.32306752295721125
96,135 HK,2009,2,0.03954848853615145
97,135 HK,2009,3,0.03470073731046817
98,135 HK,2009,4,0.09876921769199286
99,135 HK,2009,5,0.08613358157450675
100,135 HK,2009,6,0.030305465322937743
101,135 HK,2009,7,0.05519636104137322
102,135 HK,2009,8,0.02831143638584096
103,135 HK,2009,9,0.03616666684585214
104,135 HK,2009,10,0.07434512495484262
105,135 HK,2009,11,0.026194847673887356
106,135 HK,2009,12,0.08330258405905216
107,135 HK,2010,1,0.10559274711108613
108,135 HK,2010,2,0.047040236665892736
109,135 HK,2010,3,0.02266046189438047
110,135 HK,2010,4,0.06634764800518418
111,135 HK,2010,5,0.021391597721847327
112,135 HK,2010,6,0.018717951872239437
113,135 HK,2010,7,0.013281395318554462
114,135 HK,2010,8,0.007774139894185321
115,135 HK,2010,9,0.026518486104694247
116,135 HK,2010,10,0.03302912973302052
117,135 HK,2010,11,0.018515131228627787
118,135 HK,2010,12,0.02749343381049749
119,135 HK,2011,1,0.017354632544502847
120,135 HK,2011,2,0.013898288453357322
121,135 HK,2011,3,0.015710612501827592
122,135 HK,2011,4,0.05910147253803029
123,135 HK,2011,5,0.05275074909633325
124,135 HK,2011,6,0.04509724046616244
125,135 HK,2011,7,0.031246744622425552
126,135 HK,2011,8,0.030803125947211022
127,135 HK,2011,9,0.05934403770934054
128,135 HK,2011,10,0.08376359462871719
129,135 HK,2011,11,0.02410995282622076
130,135 HK,2011,12,0.05063061871038335
131,135 HK,2012,1,0.04652192400646466
132,135 HK,2012,2,0.013149175039992316
133,135 HK,2012,3,0.013931622900382011
134,135 HK,2012,4,0.030617898036498035
135,135 HK,2012,5,0.024791132409585612
136,135 HK,2012,6,0.01909866703762715
137,135 HK,2012,7,0.022905881126842637
138,135 HK,2012,8,0.011262125515593923
139,135 HK,2012,9,0.00940701012929443
140,135 HK,2012,10,0.010440239766324279
141,135 HK,2012,11,0.011846585100146405
142,135 HK,2012,12,0.05055987260456277
143,135 HK,2013,1,0.05651776033768218
144,135 HK,2013,2,0.04791973044431696
145,135 HK,2013,3,0.03659986101389116
146,135 HK,2013,4,0.06306916016351292
147,135 HK,2013,5,0.038211189891095995
148,135 HK,2013,6,0.020026262630316663
149,135 HK,2013,7,0.030322781333334495
150,135 HK,2013,8,0.050055525066760184
151,135 HK,2013,9,0.07152835246438459
152,135 HK,2013,10,0.08960730452650198
153,135 HK,2013,11,0.017531934166502422
154,135 HK,2013,12,0.015269667429858207
155,135 HK,2014,1,0.017368711532632926
156,135 HK,2014,2,0.018513986439523553
157,135 HK,2014,3,0.01008813324401315
158,135 HK,2014,4,0.014658204042359789
159,135 HK,2014,5,0.02487088272346483
160,135 HK,2014,6,0.014660401029302784
161,135 HK,2014,7,0.024279828343394
162,135 HK,2014,8,0.009773385137759154
163,135 HK,2014,9,0.047775044462001606
164,135 HK,2014,10,0.01739124239418103
165,135 HK,2014,11,0.01748182992477994
166,135 HK,2014,12,0.08458631516572998
167,135 HK,2015,1,0.075911243253061
168,135 HK,2015,2,0.03811601209173946
169,135 HK,2015,3,0.014640274441425625
170,135 HK,2015,4,0.0363947466954904
171,135 HK,2015,5,0.07476740488156007
172,135 HK,2015,6,0.012701580934029537
173,135 HK,2015,7,0.04197704524267056
174,135 HK,2015,8,0.0456935294415535
175,135 HK,2015,9,0.08808269643677831
176,135 HK,2015,10,0.041854560427333244
177,135 HK,2015,11,0.02319491606215812
178,135 HK,2015,12,0.03371460869219891
179,135 HK,2016,1,0.05441247215148124
180,135 HK,2016,2,0.02938817064314679
181,135 HK,2016,3,0.02244504601869386
0,27 HK,2001,2,0.015612936372941477
1,27 HK,2001,3,0.012988743941858784
2,27 HK,2001,4,0.015963255254179402
3,27 HK,2001,5,0.01984053600217893
4,27 HK,2001,6,0.043782800670150814
5,27 HK,2001,7,0.0822827919174546
6,27 HK,2001,8,0.0214532776299682
7,27 HK,2001,9,0.028343418679724668
8,27 HK,2001,10,0.17094218810182896
9,27 HK,2001,11,0.02518593536802499
10,27 HK,2001,12,0.09141449432004166
11,27 HK,2002,1,0.08145039146115617
12,27 HK,2002,2,0.0587118307245865
13,27 HK,2002,3,0.05819805043701055
14,27 HK,2002,4,0.12847412416949894
15,27 HK,2002,5,0.23609164892575316
16,27 HK,2002,6,0.019226772677338563
17,27 HK,2002,7,0.17701080170901856
18,27 HK,2002,8,0.020395388172796302
19,27 HK,2002,9,0.023979060582376796
20,27 HK,2002,10,0.08381573577827897
21,27 HK,2002,11,0.028504719079803155
22,27 HK,2002,12,0.0419546278836659
23,27 HK,2003,1,0.023132669550741936
24,27 HK,2003,2,0.018604187516625216
25,27 HK,2003,3,0.024675960427533533
26,27 HK,2003,4,0.1520302391993502
27,27 HK,2003,5,0.240617741966063
28,27 HK,2003,6,0.17767843083146598
29,27 HK,2003,7,0.19932361487943273
30,27 HK,2003,8,0.042913388816296694
31,27 HK,2003,9,0.14063765435728515
32,27 HK,2003,10,0.14270750644801214
33,27 HK,2003,11,0.023052931227179496
34,27 HK,2003,12,0.030052768108619014
35,27 HK,2004,1,0.1802906141768449
36,27 HK,2004,2,0.03887393772002842
37,27 HK,2004,3,0.019775773894109273
38,27 HK,2004,4,1.7541722180808281
39,27 HK,2004,5,0.7178402138198259
40,27 HK,2004,6,0.36207664394190786
41,27 HK,2004,7,0.2670034097421151
42,27 HK,2004,8,0.018187191399043092
43,27 HK,2004,9,0.17456640768192677
44,27 HK,2004,10,0.19534261025304775
45,27 HK,2004,11,0.07405360465195376
46,27 HK,2004,12,0.07922163935625628
47,27 HK,2005,1,0.14623901351865054
48,27 HK,2005,2,0.05473875481897436
49,27 HK,2005,3,0.0413977185872623
50,27 HK,2005,4,0.06096157189324001
51,27 HK,2005,5,0.0747337287378817
52,27 HK,2005,6,0.018832335956315466
53,27 HK,2005,7,0.05734220778391961
54,27 HK,2005,8,0.03218009858447319
55,27 HK,2005,9,0.046585178373258505
56,27 HK,2005,10,0.055361866975087916
57,27 HK,2005,11,0.03383553198415818
58,27 HK,2005,12,0.027355523364802813
59,27 HK,2006,1,0.03630966915119811
60,27 HK,2006,2,0.017364790120308005
61,27 HK,2006,3,0.032390426202994434
62,27 HK,2006,4,0.07702312178881623
63,27 HK,2006,5,0.05891464102483862
64,27 HK,2006,6,0.0536293661210808
65,27 HK,2006,7,0.01624538785827655
66,27 HK,2006,8,0.02773077814434283
67,27 HK,2006,9,0.021545828979061692
68,27 HK,2006,10,0.028945198296262457
69,27 HK,2006,11,0.015713627932758052
70,27 HK,2006,12,0.025711345155172902
71,27 HK,2007,1,0.024528188706108785
72,27 HK,2007,2,0.03593725784143359
73,27 HK,2007,3,0.021189467042804718
74,27 HK,2007,4,0.011803502942479753
75,27 HK,2007,5,0.03503073496792977
76,27 HK,2007,6,0.01884879189418107
77,27 HK,2007,7,0.02227138369439652
78,27 HK,2007,8,0.0393297459924718
79,27 HK,2007,9,0.031004954903858316
80,27 HK,2007,10,0.051477728773683465
81,27 HK,2007,11,0.020174692341058547
82,27 HK,2007,12,0.020054636794025655
83,27 HK,2008,1,0.03585998370283846
84,27 HK,2008,2,0.04262852342279277
85,27 HK,2008,3,0.04154646213253007
86,27 HK,2008,4,0.037398542990173235
87,27 HK,2008,5,0.058355463970640155
88,27 HK,2008,6,0.05350950327979387
89,27 HK,2008,7,0.06605755486389148
90,27 HK,2008,8,0.029444321362322255
91,27 HK,2008,9,0.05657233102775868
92,27 HK,2008,10,0.20677298593393587
93,27 HK,2008,11,0.07596802626317073
94,27 HK,2008,12,0.10395988261242126
95,27 HK,2009,1,0.21977328682171518
96,27 HK,2009,2,0.03628083653471315
97,27 HK,2009,3,0.031570870214684486
98,27 HK,2009,4,0.08576595782572673
99,27 HK,2009,5,0.13455255344503775
100,27 HK,2009,6,0.0380607050967637
101,27 HK,2009,7,0.08086657564961003
102,27 HK,2009,8,0.033833787747765985
103,27 HK,2009,9,0.056682142899800184
104,27 HK,2009,10,0.05243188218205779
105,27 HK,2009,11,0.0349288523361232
106,27 HK,2009,12,0.029182190655568787
107,27 HK,2010,1,0.034278485253381376
108,27 HK,2010,2,0.02924790069911345
109,27 HK,2010,3,0.02526163450528909
110,27 HK,2010,4,0.033224880358688556
111,27 HK,2010,5,0.06673168128262134
112,27 HK,2010,6,0.05908265635744642
113,27 HK,2010,7,0.05141946300792974
114,27 HK,2010,8,0.029529123248971424
115,27 HK,2010,9,0.03569340830891318
116,27 HK,2010,10,0.03144888269243572
117,27 HK,2010,11,0.029972565220086705
118,27 HK,2010,12,0.01727114761623284
119,27 HK,2011,1,0.03858497026869433
120,27 HK,2011,2,0.07412498177789598
121,27 HK,2011,3,0.0329002205370662
122,27 HK,2011,4,0.03140213075684694
123,27 HK,2011,5,0.03457472158166588
124,27 HK,2011,6,0.0385704000574149
125,27 HK,2011,7,0.02418269257186009
126,27 HK,2011,8,0.051636977376302344
127,27 HK,2011,9,0.055331323268891515
128,27 HK,2011,10,0.1577397045886051
129,27 HK,2011,11,0.03518112990633474
130,27 HK,2011,12,0.03352157555618979
131,27 HK,2012,1,0.032843454515610666
132,27 HK,2012,2,0.021735115468423563
133,27 HK,2012,3,0.0272785083235587
134,27 HK,2012,4,0.021433040053781688
135,27 HK,2012,5,0.053618160083382965
136,27 HK,2012,6,0.03255458485439061
137,27 HK,2012,7,0.023616443106380353
138,27 HK,2012,8,0.01961230077256522
139,27 HK,2012,9,0.02621573747206801
140,27 HK,2012,10,0.032018143801736745
141,27 HK,2012,11,0.022211634570002064
142,27 HK,2012,12,0.025133999162738813
143,27 HK,2013,1,0.017347243361960165
144,27 HK,2013,2,0.023076842993787837
145,27 HK,2013,3,0.02223829485051405
146,27 HK,2013,4,0.019306373832839323
147,27 HK,2013,5,0.022419636341534422
148,27 HK,2013,6,0.033521190662466206
149,27 HK,2013,7,0.022938991486109225
150,27 HK,2013,8,0.01688684965207394
151,27 HK,2013,9,0.021563146938001498
152,27 HK,2013,10,0.028331377600307458
153,27 HK,2013,11,0.01309209154509721
154,27 HK,2013,12,0.017938250195680475
155,27 HK,2014,1,0.02815490871999345
156,27 HK,2014,2,0.03235221381781255
157,27 HK,2014,3,0.023057494092261255
158,27 HK,2014,4,0.03163777015148114
159,27 HK,2014,5,0.028815283729105738
160,27 HK,2014,6,0.022514174980104662
161,27 HK,2014,7,0.021241477369387626
162,27 HK,2014,8,0.01778132660442395
163,27 HK,2014,9,0.02338223331258511
164,27 HK,2014,10,0.035186853551417284
165,27 HK,2014,11,0.023219260788866092
166,27 HK,2014,12,0.028071728004960175
167,27 HK,2015,1,0.030219354385625476
168,27 HK,2015,2,0.03515684412764585
169,27 HK,2015,3,0.021667869040952404
170,27 HK,2015,4,0.028938647106840076
171,27 HK,2015,5,0.03205097415432551
172,27 HK,2015,6,0.02076135408625729
173,27 HK,2015,7,0.04070695274104462
174,27 HK,2015,8,0.03699577912393414
175,27 HK,2015,9,0.055898974494722295
176,27 HK,2015,10,0.05924278001469663
177,27 HK,2015,11,0.0224735480814102
178,27 HK,2015,12,0.02974807629444282
179,27 HK,2016,1,0.043153952454195114
180,27 HK,2016,2,0.03269043754762671
181,27 HK,2016,3,0.02700909578154871
0,2319 HK,2001,2,
1,2319 HK,2001,3,
2,2319 HK,2001,4,
3,2319 HK,2001,5,
4,2319 HK,2001,6,
5,2319 HK,2001,7,
6,2319 HK,2001,8,
7,2319 HK,2001,9,
8,2319 HK,2001,10,
9,2319 HK,2001,11,
10,2319 HK,2001,12,
11,2319 HK,2002,1,
12,2319 HK,2002,2,
13,2319 HK,2002,3,
14,2319 HK,2002,4,
15,2319 HK,2002,5,
16,2319 HK,2002,6,
17,2319 HK,2002,7,
18,2319 HK,2002,8,
19,2319 HK,2002,9,
20,2319 HK,2002,10,
21,2319 HK,2002,11,
22,2319 HK,2002,12,
23,2319 HK,2003,1,
24,2319 HK,2003,2,
25,2319 HK,2003,3,
26,2319 HK,2003,4,
27,2319 HK,2003,5,
28,2319 HK,2003,6,
29,2319 HK,2003,7,
30,2319 HK,2003,8,
31,2319 HK,2003,9,
32,2319 HK,2003,10,
33,2319 HK,2003,11,
34,2319 HK,2003,12,
35,2319 HK,2004,1,
36,2319 HK,2004,2,
37,2319 HK,2004,3,
38,2319 HK,2004,4,
39,2319 HK,2004,5,
40,2319 HK,2004,6,0.08589487239048194
41,2319 HK,2004,7,0.04154987230353145
42,2319 HK,2004,8,0.018202620373444743
43,2319 HK,2004,9,0.0393511322705527
44,2319 HK,2004,10,0.060165182980953406
45,2319 HK,2004,11,0.015443702684423634
46,2319 HK,2004,12,0.04107313668675103
47,2319 HK,2005,1,0.016551227096763387
48,2319 HK,2005,2,0.03243426010491576
49,2319 HK,2005,3,0.016870141102770405
50,2319 HK,2005,4,0.02593848801668431
51,2319 HK,2005,5,0.038705005768125654
52,2319 HK,2005,6,0.018802655951141622
53,2319 HK,2005,7,0.03256809545613818
54,2319 HK,2005,8,0.016127213034776017
55,2319 HK,2005,9,0.016590277122909905
56,2319 HK,2005,10,0.019761088961681494
57,2319 HK,2005,11,0.01485045769288141
58,2319 HK,2005,12,0.020169251978043107
59,2319 HK,2006,1,0.03858815242274146
60,2319 HK,2006,2,0.0420124386744546
61,2319 HK,2006,3,0.02250112891853932
62,2319 HK,2006,4,0.05195960696703247
63,2319 HK,2006,5,0.030368941512326848
64,2319 HK,2006,6,0.028882378697931692
65,2319 HK,2006,7,0.017970296413783282
66,2319 HK,2006,8,0.022213718762685672
67,2319 HK,2006,9,0.03902530499200064
68,2319 HK,2006,10,0.03886025770530433
69,2319 HK,2006,11,0.024237635652559264
70,2319 HK,2006,12,0.05360403017749543
71,2319 HK,2007,1,0.055642135923930455
72,2319 HK,2007,2,0.05998221245967187
73,2319 HK,2007,3,0.02901054541448792
74,2319 HK,2007,4,0.01977027645639872
75,2319 HK,2007,5,0.01962151256345183
76,2319 HK,2007,6,0.016862058876510787
77,2319 HK,2007,7,0.024959195951454478
78,2319 HK,2007,8,0.034205858574446496
79,2319 HK,2007,9,0.02962539784288891
80,2319 HK,2007,10,0.05273577706245007
81,2319 HK,2007,11,0.030562124914683242
82,2319 HK,2007,12,0.03327263668330723
83,2319 HK,2008,1,0.06256401054317086
84,2319 HK,2008,2,0.04224590285732147
85,2319 HK,2008,3,0.08672887939253979
86,2319 HK,2008,4,0.027578356033594546
87,2319 HK,2008,5,0.03023649696702208
88,2319 HK,2008,6,0.031028164549652012
89,2319 HK,2008,7,0.023502376631687083
90,2319 HK,2008,8,0.07205063224860282
91,2319 HK,2008,9,0.1501759563654375
92,2319 HK,2008,10,0.23970294549881127
93,2319 HK,2008,11,0.044388274271836364
94,2319 HK,2008,12,0.07062974121766899
95,2319 HK,2009,1,0.09284069512541551
96,2319 HK,2009,2,0.04307091201591111
97,2319 HK,2009,3,0.024136999570332388
98,2319 HK,2009,4,0.03982206342620706
99,2319 HK,2009,5,0.03802611478675137
100,2319 HK,2009,6,0.02636385607769473
101,2319 HK,2009,7,0.021620834958600284
102,2319 HK,2009,8,0.01790118026905559
103,2319 HK,2009,9,0.023444074503573196
104,2319 HK,2009,10,0.056088479546158254
105,2319 HK,2009,11,0.022075475939835564
106,2319 HK,2009,12,0.04911101789345294
107,2319 HK,2010,1,0.04785576029037208
108,2319 HK,2010,2,0.026482227650589996
109,2319 HK,2010,3,0.020008837041307268
110,2319 HK,2010,4,0.027571841631370258
111,2319 HK,2010,5,0.040610496863338945
112,2319 HK,2010,6,0.027482579111332662
113,2319 HK,2010,7,0.03341477694367134
114,2319 HK,2010,8,0.015147930003455788
115,2319 HK,2010,9,0.028785335061580927
116,2319 HK,2010,10,0.023044431174352738
117,2319 HK,2010,11,0.01800847225300586
118,2319 HK,2010,12,0.040432046352954144
119,2319 HK,2011,1,0.013969319403268452
120,2319 HK,2011,2,0.024868847863255612
121,2319 HK,2011,3,0.01999825378428564
122,2319 HK,2011,4,0.03935548929645882
123,2319 HK,2011,5,0.013941170436304799
124,2319 HK,2011,6,0.019976395945756877
125,2319 HK,2011,7,0.03252065857041036
126,2319 HK,2011,8,0.02462689359772419
127,2319 HK,2011,9,0.03333713777147657
128,2319 HK,2011,10,0.040087184409052096
129,2319 HK,2011,11,0.019690930719919286
130,2319 HK,2011,12,0.0447816410252865
131,2319 HK,2012,1,0.09133269808877208
132,2319 HK,2012,2,0.019958008334121174
133,2319 HK,2012,3,0.023292275375406794
134,2319 HK,2012,4,0.016972733383537365
135,2319 HK,2012,5,0.029082997425412916
136,2319 HK,2012,6,0.022061516802714936
137,2319 HK,2012,7,0.018705194943227733
138,2319 HK,2012,8,0.010534366101336559
139,2319 HK,2012,9,0.012231479055932559
140,2319 HK,2012,10,0.03689620841501419
141,2319 HK,2012,11,0.01395283567971614
142,2319 HK,2012,12,0.015537914653211669
143,2319 HK,2013,1,0.016172958727025826
144,2319 HK,2013,2,0.014350096502810989
145,2319 HK,2013,3,0.02433334942318091
146,2319 HK,2013,4,0.04503413792234977
147,2319 HK,2013,5,0.051869487345077285
148,2319 HK,2013,6,0.030725794526119937
149,2319 HK,2013,7,0.020370598584583427
150,2319 HK,2013,8,0.022691707714327807
151,2319 HK,2013,9,0.023202040025654708
152,2319 HK,2013,10,0.027774867534079505
153,2319 HK,2013,11,0.0222618406678311
154,2319 HK,2013,12,0.014229354541366299
155,2319 HK,2014,1,0.022102842638371055
156,2319 HK,2014,2,0.024483428051505315
157,2319 HK,2014,3,0.02945442082676826
158,2319 HK,2014,4,0.03701351146815765
159,2319 HK,2014,5,0.030037772901804566
160,2319 HK,2014,6,0.01614121443598629
161,2319 HK,2014,7,0.014356919314605985
162,2319 HK,2014,8,0.018348419326286152
163,2319 HK,2014,9,0.021687641593236825
164,2319 HK,2014,10,0.026994586310612162
165,2319 HK,2014,11,0.017250711275422822
166,2319 HK,2014,12,0.034443055300453884
167,2319 HK,2015,1,0.022669766889487845
168,2319 HK,2015,2,0.012726439560896887
169,2319 HK,2015,3,0.02490450708102152
170,2319 HK,2015,4,0.040733767993376926
171,2319 HK,2015,5,0.04474496908516393
172,2319 HK,2015,6,0.022404919095588047
173,2319 HK,2015,7,0.02230704761192991
174,2319 HK,2015,8,0.02403320500275267
175,2319 HK,2015,9,0.09663278824723706
176,2319 HK,2015,10,0.037161461802095015
177,2319 HK,2015,11,0.024133651695312508
178,2319 HK,2015,12,0.029187565055997025
179,2319 HK,2016,1,0.03327204601683027
180,2319 HK,2016,2,0.026073680220895047
181,2319 HK,2016,3,0.030145023677085887
0,823 HK,2001,2,
1,823 HK,2001,3,
2,823 HK,2001,4,
3,823 HK,2001,5,
4,823 HK,2001,6,
5,823 HK,2001,7,
6,823 HK,2001,8,
7,823 HK,2001,9,
8,823 HK,2001,10,
9,823 HK,2001,11,
10,823 HK,2001,12,
11,823 HK,2002,1,
12,823 HK,2002,2,
13,823 HK,2002,3,
14,823 HK,2002,4,
15,823 HK,2002,5,
16,823 HK,2002,6,
17,823 HK,2002,7,
18,823 HK,2002,8,
19,823 HK,2002,9,
20,823 HK,2002,10,
21,823 HK,2002,11,
22,823 HK,2002,12,
23,823 HK,2003,1,
24,823 HK,2003,2,
25,823 HK,2003,3,
26,823 HK,2003,4,
27,823 HK,2003,5,
28,823 HK,2003,6,
29,823 HK,2003,7,
30,823 HK,2003,8,
31,823 HK,2003,9,
32,823 HK,2003,10,
33,823 HK,2003,11,
34,823 HK,2003,12,
35,823 HK,2004,1,
36,823 HK,2004,2,
37,823 HK,2004,3,
38,823 HK,2004,4,
39,823 HK,2004,5,
40,823 HK,2004,6,
41,823 HK,2004,7,
42,823 HK,2004,8,
43,823 HK,2004,9,
44,823 HK,2004,10,
45,823 HK,2004,11,
46,823 HK,2004,12,
47,823 HK,2005,1,
48,823 HK,2005,2,
49,823 HK,2005,3,
50,823 HK,2005,4,
51,823 HK,2005,5,
52,823 HK,2005,6,
53,823 HK,2005,7,
54,823 HK,2005,8,
55,823 HK,2005,9,
56,823 HK,2005,10,
57,823 HK,2005,11,0.07262903562552808
58,823 HK,2005,12,0.03492208587036356
59,823 HK,2006,1,0.020010785842467998
60,823 HK,2006,2,0.032836422838136835
61,823 HK,2006,3,0.01389567652014175
62,823 HK,2006,4,0.014911255710257202
63,823 HK,2006,5,0.023217242279233913
64,823 HK,2006,6,0.016136488242389578
65,823 HK,2006,7,0.008012991216719887
66,823 HK,2006,8,0.007319714933720169
67,823 HK,2006,9,0.005062177735736689
68,823 HK,2006,10,0.012316057293227317
69,823 HK,2006,11,0.006419916885499937
70,823 HK,2006,12,0.03355577492487454
71,823 HK,2007,1,0.03045011108525996
72,823 HK,2007,2,0.0250101296206471
73,823 HK,2007,3,0.017874162296777414
74,823 HK,2007,4,0.014775549359201466
75,823 HK,2007,5,0.010019770827943173
76,823 HK,2007,6,0.012434477171422003
77,823 HK,2007,7,0.009685426265202066
78,823 HK,2007,8,0.013783149196760675
79,823 HK,2007,9,0.012062466797326567
80,823 HK,2007,10,0.013713040684249734
81,823 HK,2007,11,0.010470049974929537
82,823 HK,2007,12,0.012398233264490114
83,823 HK,2008,1,0.03478117985685216
84,823 HK,2008,2,0.02236467947894553
85,823 HK,2008,3,0.0197991442338678
86,823 HK,2008,4,0.01885441967351117
87,823 HK,2008,5,0.009811971734864445
88,823 HK,2008,6,0.012960060606366428
89,823 HK,2008,7,0.01505240690180603
90,823 HK,2008,8,0.02298319287066897
91,823 HK,2008,9,0.03621193440443072
92,823 HK,2008,10,0.05029501677261022
93,823 HK,2008,11,0.05030830680646528
94,823 HK,2008,12,0.03363468040901783
95,823 HK,2009,1,0.028451324446492263
96,823 HK,2009,2,0.00953333135699363
97,823 HK,2009,3,0.02499993002638765
98,823 HK,2009,4,0.019418806781761732
99,823 HK,2009,5,0.023608120431541268
100,823 HK,2009,6,0.018681221597401945
101,823 HK,2009,7,0.014883494082490806
102,823 HK,2009,8,0.013938771891216261
103,823 HK,2009,9,0.008866085113813146
104,823 HK,2009,10,0.019347992700988
105,823 HK,2009,11,0.022612268592021246
106,823 HK,2009,12,0.022204748768220334
107,823 HK,2010,1,0.021200853503447727
108,823 HK,2010,2,0.008329017050926025
109,823 HK,2010,3,0.011582793224607589
110,823 HK,2010,4,0.007811975143875471
111,823 HK,2010,5,0.01747696916159248
112,823 HK,2010,6,0.015693455896872915
113,823 HK,2010,7,0.015288955769398059
114,823 HK,2010,8,0.011192322789756608
115,823 HK,2010,9,0.013425594188324789
116,823 HK,2010,10,0.0157098647674534
117,823 HK,2010,11,0.009782122284395225
118,823 HK,2010,12,0.00846458318702
119,823 HK,2011,1,0.007008905604905999
120,823 HK,2011,2,0.008972914187002011
121,823 HK,2011,3,0.007506141100009552
122,823 HK,2011,4,0.025094750538932346
123,823 HK,2011,5,0.026205653938089372
124,823 HK,2011,6,0.01729861386444599
125,823 HK,2011,7,0.012365062790651854
126,823 HK,2011,8,0.014673426684804963
127,823 HK,2011,9,0.02611721242108969
128,823 HK,2011,10,0.04322385676506412
129,823 HK,2011,11,0.013432410263174484
130,823 HK,2011,12,0.012571885726632846
131,823 HK,2012,1,0.01359906253833453
132,823 HK,2012,2,0.011097152200204796
133,823 HK,2012,3,0.009078582095417074
134,823 HK,2012,4,0.01243481119112667
135,823 HK,2012,5,0.02219065273761249
136,823 HK,2012,6,0.016026894969820342
137,823 HK,2012,7,0.011742172167481269
138,823 HK,2012,8,0.00757849029717448
139,823 HK,2012,9,0.008021399150678616
140,823 HK,2012,10,0.007934991277039288
141,823 HK,2012,11,0.01606273658185774
142,823 HK,2012,12,0.013654707793599114
143,823 HK,2013,1,0.01714060205943918
144,823 HK,2013,2,0.012659089111466413
145,823 HK,2013,3,0.008426404550213772
146,823 HK,2013,4,0.009580516895176644
147,823 HK,2013,5,0.03378318657318376
148,823 HK,2013,6,0.030127982799440598
149,823 HK,2013,7,0.011117592290633799
150,823 HK,2013,8,0.009485986933190062
151,823 HK,2013,9,0.016334235122310903
152,823 HK,2013,10,0.011502140566662341
153,823 HK,2013,11,0.0117403150599752
154,823 HK,2013,12,0.009619169861000563
155,823 HK,2014,1,0.014988038250077107
156,823 HK,2014,2,0.016911441917848897
157,823 HK,2014,3,0.013532163982052562
158,823 HK,2014,4,0.007561334247944224
159,823 HK,2014,5,0.008691907731889777
160,823 HK,2014,6,0.017414466563023884
161,823 HK,2014,7,0.0071778080594630525
162,823 HK,2014,8,0.015504942870573427
163,823 HK,2014,9,0.013013479745045383
164,823 HK,2014,10,0.017154134292359725
165,823 HK,2014,11,0.014164823933538163
166,823 HK,2014,12,0.013284155239315877
167,823 HK,2015,1,0.010835631582325757
168,823 HK,2015,2,0.009334811129003452
169,823 HK,2015,3,0.016271999420655648
170,823 HK,2015,4,0.012001742657157834
171,823 HK,2015,5,0.013436617122614333
172,823 HK,2015,6,0.013661609932145612
173,823 HK,2015,7,0.010886347511739723
174,823 HK,2015,8,0.011916013513606393
175,823 HK,2015,9,0.02664920415900975
176,823 HK,2015,10,0.015196448402858472
177,823 HK,2015,11,0.015633836779868973
178,823 HK,2015,12,0.0059029381431209525
179,823 HK,2016,1,0.0165637058017776
180,823 HK,2016,2,0.012040123809203915
181,823 HK,2016,3,0.012182386630634355
0,1 HK,2001,2,0.011438989709381085
1,1 HK,2001,3,0.023491983761819858
2,1 HK,2001,4,0.021812902288648073
3,1 HK,2001,5,0.01643307620470443
4,1 HK,2001,6,0.015197424986920435
5,1 HK,2001,7,0.013451378261191308
6,1 HK,2001,8,0.024897599949421374
7,1 HK,2001,9,0.03953362281279939
8,1 HK,2001,10,0.022506213972849114
9,1 HK,2001,11,0.02233326444570981
10,1 HK,2001,12,0.01908590255272201
11,1 HK,2002,1,0.018406948537962826
12,1 HK,2002,2,0.017032451506235842
13,1 HK,2002,3,0.014616653185565468
14,1 HK,2002,4,0.01428901190565961
15,1 HK,2002,5,0.013387517634716285
16,1 HK,2002,6,0.013436819324420302
17,1 HK,2002,7,0.023977675463134254
18,1 HK,2002,8,0.021649275782720145
19,1 HK,2002,9,0.01927380048718978
20,1 HK,2002,10,0.02163847421016907
21,1 HK,2002,11,0.020269570049697806
22,1 HK,2002,12,0.01499684826499557
23,1 HK,2003,1,0.017680024151150157
24,1 HK,2003,2,0.01755764160409071
25,1 HK,2003,3,0.02270806686090019
26,1 HK,2003,4,0.021276280209112
27,1 HK,2003,5,0.015451816308752352
28,1 HK,2003,6,0.013056519864310221
29,1 HK,2003,7,0.020690253791626926
30,1 HK,2003,8,0.017612446246400647
31,1 HK,2003,9,0.024747775585921238
32,1 HK,2003,10,0.017932354233037708
33,1 HK,2003,11,0.015947107579914868
34,1 HK,2003,12,0.014996373402891857
35,1 HK,2004,1,0.02609992106050978
36,1 HK,2004,2,0.0158919128444925
37,1 HK,2004,3,0.01524126278428427
38,1 HK,2004,4,0.020152202069957534
39,1 HK,2004,5,0.0241801118466742
40,1 HK,2004,6,0.023183860939832386
41,1 HK,2004,7,0.013499586529097121
42,1 HK,2004,8,0.012152170594018376
43,1 HK,2004,9,0.016396551659443544
44,1 HK,2004,10,0.01304592380059516
45,1 HK,2004,11,0.011840289208947384
46,1 HK,2004,12,0.011411126408236409
47,1 HK,2005,1,0.013764961134798578
48,1 HK,2005,2,0.008698701726136843
49,1 HK,2005,3,0.011729002975841897
50,1 HK,2005,4,0.007926051875978873
51,1 HK,2005,5,0.011082978768388454
52,1 HK,2005,6,0.007350598105222544
53,1 HK,2005,7,0.0144221889328943
54,1 HK,2005,8,0.01629295076949212
55,1 HK,2005,9,0.014200691094104465
56,1 HK,2005,10,0.010345437840245985
57,1 HK,2005,11,0.013893913180477111
58,1 HK,2005,12,0.008524410293752857
59,1 HK,2006,1,0.01497079179959214
60,1 HK,2006,2,0.009912890251427182
61,1 HK,2006,3,0.011213969774156252
62,1 HK,2006,4,0.01277181057200457
63,1 HK,2006,5,0.01761631412265848
64,1 HK,2006,6,0.013777510811675105
65,1 HK,2006,7,0.009149017480230236
66,1 HK,2006,8,0.010349595886027544
67,1 HK,2006,9,0.008535375886003846
68,1 HK,2006,10,0.00831473326953244
69,1 HK,2006,11,0.016681038106678706
70,1 HK,2006,12,0.01606244701033088
71,1 HK,2007,1,0.02188352993459168
72,1 HK,2007,2,0.018842570478298435
73,1 HK,2007,3,0.018425167536972115
74,1 HK,2007,4,0.01588099066521195
75,1 HK,2007,5,0.017920253637618472
76,1 HK,2007,6,0.007301155704563353
77,1 HK,2007,7,0.022861322097120683
78,1 HK,2007,8,0.024064099515449657
79,1 HK,2007,9,0.028738100278852725
80,1 HK,2007,10,0.04091189083619122
81,1 HK,2007,11,0.03610489425487993
82,1 HK,2007,12,0.02819631582672739
83,1 HK,2008,1,0.03900278812065385
84,1 HK,2008,2,0.022461808578723957
85,1 HK,2008,3,0.02956228922702529
86,1 HK,2008,4,0.017346655560753474
87,1 HK,2008,5,0.01872048626210397
88,1 HK,2008,6,0.016681227351256104
89,1 HK,2008,7,0.01594772962939735
90,1 HK,2008,8,0.019533332516830874
91,1 HK,2008,9,0.03369381563074365
92,1 HK,2008,10,0.06886523503501236
93,1 HK,2008,11,0.04305807945515068
94,1 HK,2008,12,0.041245378888266765
95,1 HK,2009,1,0.02803370718680143
96,1 HK,2009,2,0.025806161182201227
97,1 HK,2009,3,0.03470101405567245
98,1 HK,2009,4,0.03269978578445629
99,1 HK,2009,5,0.030546908394012598
100,1 HK,2009,6,0.023094296023606433
101,1 HK,2009,7,0.02357407129551769
102,1 HK,2009,8,0.021231281289311784
103,1 HK,2009,9,0.0161857907541421
104,1 HK,2009,10,0.023096681721792044
105,1 HK,2009,11,0.012521680047903345
106,1 HK,2009,12,0.012915016353187586
107,1 HK,2010,1,0.011962316615441072
108,1 HK,2010,2,0.01784590594887828
109,1 HK,2010,3,0.011761278392088452
110,1 HK,2010,4,0.011125928513587575
111,1 HK,2010,5,0.013301308638142445
112,1 HK,2010,6,0.011359414287613888
113,1 HK,2010,7,0.01126820633629049
114,1 HK,2010,8,0.014720133910196545
115,1 HK,2010,9,0.012339043968885105
116,1 HK,2010,10,0.01774192687199352
117,1 HK,2010,11,0.0221947249810113
118,1 HK,2010,12,0.012905775512704845
119,1 HK,2011,1,0.017305018613693397
120,1 HK,2011,2,0.022235891511428754
121,1 HK,2011,3,0.018278821113791453
122,1 HK,2011,4,0.012362615254282871
123,1 HK,2011,5,0.01391350118503141
124,1 HK,2011,6,0.0149570548167953
125,1 HK,2011,7,0.010324528974909493
126,1 HK,2011,8,0.021318950325836087
127,1 HK,2011,9,0.021608218200802116
128,1 HK,2011,10,0.03034047019606381
129,1 HK,2011,11,0.023445705047363347
130,1 HK,2011,12,0.018513337641608223
131,1 HK,2012,1,0.016379613957588707
132,1 HK,2012,2,0.016582920207799928
133,1 HK,2012,3,0.017631045429378357
134,1 HK,2012,4,0.014925029990855631
135,1 HK,2012,5,0.01657032854780002
136,1 HK,2012,6,0.015220777932796487
137,1 HK,2012,7,0.016057044724852403
138,1 HK,2012,8,0.0149673441682392
139,1 HK,2012,9,0.013444379427345176
140,1 HK,2012,10,0.015307279939594657
141,1 HK,2012,11,0.009958230595991132
142,1 HK,2012,12,0.00884457769493196
143,1 HK,2013,1,0.012283026215556958
144,1 HK,2013,2,0.009693313552576074
145,1 HK,2013,3,0.011363971921208896
146,1 HK,2013,4,0.010456581184557247
147,1 HK,2013,5,0.010871006956346263
148,1 HK,2013,6,0.017611652631960927
149,1 HK,2013,7,0.012100707787503488
150,1 HK,2013,8,0.013820750239681335
151,1 HK,2013,9,0.015884842939009432
152,1 HK,2013,10,0.013500536348617233
153,1 HK,2013,11,0.010157211402382873
154,1 HK,2013,12,0.010463750785502633
155,1 HK,2014,1,0.010495075006800181
156,1 HK,2014,2,0.011544249153195008
157,1 HK,2014,3,0.011864207321769467
158,1 HK,2014,4,0.011941651968792714
159,1 HK,2014,5,0.022572936822449943
160,1 HK,2014,6,0.012181161985378029
161,1 HK,2014,7,0.012438061753456272
162,1 HK,2014,8,0.015459118577204518
163,1 HK,2014,9,0.012162719451055999
164,1 HK,2014,10,0.013079608675245422
165,1 HK,2014,11,0.011684080804941628
166,1 HK,2014,12,0.011614723650108452
167,1 HK,2015,1,0.03350036874765057
168,1 HK,2015,2,0.008855316617903553
169,1 HK,2015,3,0.01043208126351782
170,1 HK,2015,4,0.01905457435393251
171,1 HK,2015,5,0.05952490681607822
172,1 HK,2015,6,0.016161537854353706
173,1 HK,2015,7,0.018445462109546285
174,1 HK,2015,8,0.020355959566820337
175,1 HK,2015,9,0.019404265453822664
176,1 HK,2015,10,0.010754438166438195
177,1 HK,2015,11,0.011791529972659415
178,1 HK,2015,12,0.009569308877406311
179,1 HK,2016,1,0.01273315127605938
180,1 HK,2016,2,0.012706204811460219
181,1 HK,2016,3,0.012107696600332207
0,1113 HK,2001,2,
1,1113 HK,2001,3,
2,1113 HK,2001,4,
3,1113 HK,2001,5,
4,1113 HK,2001,6,
5,1113 HK,2001,7,
6,1113 HK,2001,8,
7,1113 HK,2001,9,
8,1113 HK,2001,10,
9,1113 HK,2001,11,
10,1113 HK,2001,12,
11,1113 HK,2002,1,
12,1113 HK,2002,2,
13,1113 HK,2002,3,
14,1113 HK,2002,4,
15,1113 HK,2002,5,
16,1113 HK,2002,6,
17,1113 HK,2002,7,
18,1113 HK,2002,8,
19,1113 HK,2002,9,
20,1113 HK,2002,10,
21,1113 HK,2002,11,
22,1113 HK,2002,12,
23,1113 HK,2003,1,
24,1113 HK,2003,2,
25,1113 HK,2003,3,
26,1113 HK,2003,4,
27,1113 HK,2003,5,
28,1113 HK,2003,6,
29,1113 HK,2003,7,
30,1113 HK,2003,8,
31,1113 HK,2003,9,
32,1113 HK,2003,10,
33,1113 HK,2003,11,
34,1113 HK,2003,12,
35,1113 HK,2004,1,
36,1113 HK,2004,2,
37,1113 HK,2004,3,
38,1113 HK,2004,4,
39,1113 HK,2004,5,
40,1113 HK,2004,6,
41,1113 HK,2004,7,
42,1113 HK,2004,8,
43,1113 HK,2004,9,
44,1113 HK,2004,10,
45,1113 HK,2004,11,
46,1113 HK,2004,12,
47,1113 HK,2005,1,
48,1113 HK,2005,2,
49,1113 HK,2005,3,
50,1113 HK,2005,4,
51,1113 HK,2005,5,
52,1113 HK,2005,6,
53,1113 HK,2005,7,
54,1113 HK,2005,8,
55,1113 HK,2005,9,
56,1113 HK,2005,10,
57,1113 HK,2005,11,
58,1113 HK,2005,12,
59,1113 HK,2006,1,
60,1113 HK,2006,2,
61,1113 HK,2006,3,
62,1113 HK,2006,4,
63,1113 HK,2006,5,
64,1113 HK,2006,6,
65,1113 HK,2006,7,
66,1113 HK,2006,8,
67,1113 HK,2006,9,
68,1113 HK,2006,10,
69,1113 HK,2006,11,
70,1113 HK,2006,12,
71,1113 HK,2007,1,
72,1113 HK,2007,2,
73,1113 HK,2007,3,
74,1113 HK,2007,4,
75,1113 HK,2007,5,
76,1113 HK,2007,6,
77,1113 HK,2007,7,
78,1113 HK,2007,8,
79,1113 HK,2007,9,
80,1113 HK,2007,10,
81,1113 HK,2007,11,
82,1113 HK,2007,12,
83,1113 HK,2008,1,
84,1113 HK,2008,2,
85,1113 HK,2008,3,
86,1113 HK,2008,4,
87,1113 HK,2008,5,
88,1113 HK,2008,6,
89,1113 HK,2008,7,
90,1113 HK,2008,8,
91,1113 HK,2008,9,
92,1113 HK,2008,10,
93,1113 HK,2008,11,
94,1113 HK,2008,12,
95,1113 HK,2009,1,
96,1113 HK,2009,2,
97,1113 HK,2009,3,
98,1113 HK,2009,4,
99,1113 HK,2009,5,
100,1113 HK,2009,6,
101,1113 HK,2009,7,
102,1113 HK,2009,8,
103,1113 HK,2009,9,
104,1113 HK,2009,10,
105,1113 HK,2009,11,
106,1113 HK,2009,12,
107,1113 HK,2010,1,
108,1113 HK,2010,2,
109,1113 HK,2010,3,
110,1113 HK,2010,4,
111,1113 HK,2010,5,
112,1113 HK,2010,6,
113,1113 HK,2010,7,
114,1113 HK,2010,8,
115,1113 HK,2010,9,
116,1113 HK,2010,10,
117,1113 HK,2010,11,
118,1113 HK,2010,12,
119,1113 HK,2011,1,
120,1113 HK,2011,2,
121,1113 HK,2011,3,
122,1113 HK,2011,4,
123,1113 HK,2011,5,
124,1113 HK,2011,6,
125,1113 HK,2011,7,
126,1113 HK,2011,8,
127,1113 HK,2011,9,
128,1113 HK,2011,10,
129,1113 HK,2011,11,
130,1113 HK,2011,12,
131,1113 HK,2012,1,
132,1113 HK,2012,2,
133,1113 HK,2012,3,
134,1113 HK,2012,4,
135,1113 HK,2012,5,
136,1113 HK,2012,6,
137,1113 HK,2012,7,
138,1113 HK,2012,8,
139,1113 HK,2012,9,
140,1113 HK,2012,10,
141,1113 HK,2012,11,
142,1113 HK,2012,12,
143,1113 HK,2013,1,
144,1113 HK,2013,2,
145,1113 HK,2013,3,
146,1113 HK,2013,4,
147,1113 HK,2013,5,
148,1113 HK,2013,6,
149,1113 HK,2013,7,
150,1113 HK,2013,8,
151,1113 HK,2013,9,
152,1113 HK,2013,10,
153,1113 HK,2013,11,
154,1113 HK,2013,12,
155,1113 HK,2014,1,
156,1113 HK,2014,2,
157,1113 HK,2014,3,
158,1113 HK,2014,4,
159,1113 HK,2014,5,
160,1113 HK,2014,6,
161,1113 HK,2014,7,
162,1113 HK,2014,8,
163,1113 HK,2014,9,
164,1113 HK,2014,10,
165,1113 HK,2014,11,
166,1113 HK,2014,12,
167,1113 HK,2015,1,
168,1113 HK,2015,2,
169,1113 HK,2015,3,
170,1113 HK,2015,4,
171,1113 HK,2015,5,
172,1113 HK,2015,6,0.023330487033758722
173,1113 HK,2015,7,0.022978601173451157
174,1113 HK,2015,8,0.024607716949168357
175,1113 HK,2015,9,0.023926940783751096
176,1113 HK,2015,10,0.015250459872515084
177,1113 HK,2015,11,0.0205346949013417
178,1113 HK,2015,12,0.011597614228940808
179,1113 HK,2016,1,0.02719913633654082
180,1113 HK,2016,2,0.01772416705444074
181,1113 HK,2016,3,0.02185943089991558
